,id,shippingname,postcodes,rulename,rules,change,price
0,57522,Adelaide Mothers Day Delivery,"5000, 5001, 5006, 5007, 5008, 5009, 5010, 5011, 5012, 5013, 5014, 5015, 5016, 5017, 5018, 5019, 5020, 5021, 5022, 5023, 5024, 5025, 5031, 5032, 5033, 5034, 5035, 5037, 5038, 5039, 5040, 5041, 5042, 5043, 5044, 5045, 5046, 5047, 5048, 5049, 5050, 5051, 5052, 5061, 5062, 5063, 5064, 5065, 5066, 5067, 5068, 5069, 5070, 5071, 5072, 5073, 5074, 5075, 5076, 5081, 5082, 5083, 5084, 5085, 5086, 5087, 5088, 5090, 5091, 5092, 5093, 5094, 5095, 5096, 5097, 5098, 5106, 5107, 5108, 5109, 5110, 5111, 5112, 5113, 5114, 5115, 5125, 5126, 5127, 5140, 5158, 5159, 5160, 5161, 5162, 5163, 5164, 5165, 5166, 5168, 5169, 5800, 5810, 5839, 5920, 5930, 5942, 5950, 5016, 5018, 5020, 5022, 5025, 5040, 5041, 5043, 5047, 5049, 5052, 5062, 5064, 5066, 5068, 5071, 5072, 5074, 5075, 5076, 5082, 5085, 5086, 5089, 5090, 5091, 5093, 5097, 5106, 5116, 5117, 5120, 5121, 5129, 5130, 5132, 5133, 5134, 5136, 5138, 5139, 5140, 5141, 5142, 5144, 5150, 5152, 5154, 5155, 5158, 5159, 5161, 5163, 5164, 5165, 5166, 5167, 5169",Mother's Day Sunday Delivery Adelaide,All orders,Mother's Day Sunday Delivery Adelaide,$24.95
1,57522,Adelaide Mothers Day Delivery,"5000, 5001, 5006, 5007, 5008, 5009, 5010, 5011, 5012, 5013, 5014, 5015, 5016, 5017, 5018, 5019, 5020, 5021, 5022, 5023, 5024, 5025, 5031, 5032, 5033, 5034, 5035, 5037, 5038, 5039, 5040, 5041, 5042, 5043, 5044, 5045, 5046, 5047, 5048, 5049, 5050, 5051, 5052, 5061, 5062, 5063, 5064, 5065, 5066, 5067, 5068, 5069, 5070, 5071, 5072, 5073, 5074, 5075, 5076, 5081, 5082, 5083, 5084, 5085, 5086, 5087, 5088, 5090, 5091, 5092, 5093, 5094, 5095, 5096, 5097, 5098, 5106, 5107, 5108, 5109, 5110, 5111, 5112, 5113, 5114, 5115, 5125, 5126, 5127, 5140, 5158, 5159, 5160, 5161, 5162, 5163, 5164, 5165, 5166, 5168, 5169, 5800, 5810, 5839, 5920, 5930, 5942, 5950, 5016, 5018, 5020, 5022, 5025, 5040, 5041, 5043, 5047, 5049, 5052, 5062, 5064, 5066, 5068, 5071, 5072, 5074, 5075, 5076, 5082, 5085, 5086, 5089, 5090, 5091, 5093, 5097, 5106, 5116, 5117, 5120, 5121, 5129, 5130, 5132, 5133, 5134, 5136, 5138, 5139, 5140, 5141, 5142, 5144, 5150, 5152, 5154, 5155, 5158, 5159, 5161, 5163, 5164, 5165, 5166, 5167, 5169",Exception Products,Restricted For Adelaide,,
2,52870,Adelaide Mothers Day Delivery Sun,"5000, 5001, 5006, 5007, 5008, 5009, 5010, 5011, 5012, 5013, 5014, 5015, 5016, 5017, 5018, 5019, 5020, 5021, 5022, 5023, 5024, 5025, 5031, 5032, 5033, 5034, 5035, 5037, 5038, 5039, 5040, 5041, 5042, 5043, 5044, 5045, 5046, 5047, 5048, 5049, 5050, 5051, 5052, 5061, 5062, 5063, 5064, 5065, 5066, 5067, 5068, 5069, 5070, 5071, 5072, 5073, 5074, 5075, 5076, 5081, 5082, 5083, 5084, 5085, 5086, 5087, 5088, 5090, 5091, 5092, 5093, 5094, 5095, 5096, 5097, 5098, 5106, 5107, 5108, 5109, 5110, 5111, 5112, 5113, 5114, 5115, 5125, 5126, 5127, 5140, 5158, 5159, 5160, 5161, 5162, 5163, 5164, 5165, 5166, 5168, 5169, 5800, 5810, 5839, 5920, 5930, 5942, 5950, 5016, 5018, 5020, 5022, 5025, 5040, 5041, 5043, 5047, 5049, 5052, 5062, 5064, 5066, 5068, 5071, 5072, 5074, 5075, 5076, 5082, 5085, 5086, 5089, 5090, 5091, 5093, 5097, 5106, 5116, 5117, 5120, 5121, 5129, 5130, 5132, 5133, 5134, 5136, 5138, 5139, 5140, 5141, 5142, 5144, 5150, 5152, 5154, 5155, 5158, 5159, 5161, 5163, 5164, 5165, 5166, 5167, 5169",Mother's Day Saturday Delivery Adelaide,All orders,Mother's Day Saturday Delivery Adelaide,$24.95
3,52870,Adelaide Mothers Day Delivery Sun,"5000, 5001, 5006, 5007, 5008, 5009, 5010, 5011, 5012, 5013, 5014, 5015, 5016, 5017, 5018, 5019, 5020, 5021, 5022, 5023, 5024, 5025, 5031, 5032, 5033, 5034, 5035, 5037, 5038, 5039, 5040, 5041, 5042, 5043, 5044, 5045, 5046, 5047, 5048, 5049, 5050, 5051, 5052, 5061, 5062, 5063, 5064, 5065, 5066, 5067, 5068, 5069, 5070, 5071, 5072, 5073, 5074, 5075, 5076, 5081, 5082, 5083, 5084, 5085, 5086, 5087, 5088, 5090, 5091, 5092, 5093, 5094, 5095, 5096, 5097, 5098, 5106, 5107, 5108, 5109, 5110, 5111, 5112, 5113, 5114, 5115, 5125, 5126, 5127, 5140, 5158, 5159, 5160, 5161, 5162, 5163, 5164, 5165, 5166, 5168, 5169, 5800, 5810, 5839, 5920, 5930, 5942, 5950, 5016, 5018, 5020, 5022, 5025, 5040, 5041, 5043, 5047, 5049, 5052, 5062, 5064, 5066, 5068, 5071, 5072, 5074, 5075, 5076, 5082, 5085, 5086, 5089, 5090, 5091, 5093, 5097, 5106, 5116, 5117, 5120, 5121, 5129, 5130, 5132, 5133, 5134, 5136, 5138, 5139, 5140, 5141, 5142, 5144, 5150, 5152, 5154, 5155, 5158, 5159, 5161, 5163, 5164, 5165, 5166, 5167, 5169",Exception Products,Restricted For Adelaide,,
4,62822,Adelaide Saturday Delivery,"5000, 5001, 5006, 5007, 5008, 5009, 5010, 5011, 5012, 5013, 5014, 5015, 5016, 5017, 5018, 5019, 5020, 5021, 5022, 5023, 5024, 5025, 5031, 5032, 5033, 5034, 5035, 5037, 5038, 5039, 5040, 5041, 5042, 5043, 5044, 5045, 5046, 5047, 5048, 5049, 5050, 5051, 5052, 5061, 5062, 5063, 5064, 5065, 5066, 5067, 5068, 5069, 5070, 5071, 5072, 5073, 5074, 5075, 5076, 5081, 5082, 5083, 5084, 5085, 5086, 5087, 5088, 5090, 5091, 5092, 5093, 5094, 5095, 5096, 5097, 5098, 5106, 5107, 5108, 5109, 5110, 5111, 5112, 5113, 5114, 5115, 5125, 5126, 5127, 5140, 5158, 5159, 5160, 5161, 5162, 5163, 5164, 5165, 5166, 5168, 5800, 5810, 5839, 5920, 5930, 5942, 5950, 5016, 5018, 5020, 5022, 5025, 5040, 5041, 5043, 5047, 5049, 5052, 5062, 5064, 5066, 5068, 5071, 5072, 5074, 5075, 5076, 5082, 5085, 5086, 5089, 5090, 5091, 5093, 5097, 5106, 5116, 5117, 5118, 5120, 5121, 5129, 5130, 5132, 5133, 5134, 5136, 5137, 5138, 5139, 5140, 5141, 5142, 5144, 5150, 5151, 5152, 5154, 5155, 5156, 5158, 5159, 5161, 5163, 5164, 5165, 5166, 5167, 5169",Adelaide Saturday Delivery,All orders,,$24.95
5,62822,Adelaide Saturday Delivery,"5000, 5001, 5006, 5007, 5008, 5009, 5010, 5011, 5012, 5013, 5014, 5015, 5016, 5017, 5018, 5019, 5020, 5021, 5022, 5023, 5024, 5025, 5031, 5032, 5033, 5034, 5035, 5037, 5038, 5039, 5040, 5041, 5042, 5043, 5044, 5045, 5046, 5047, 5048, 5049, 5050, 5051, 5052, 5061, 5062, 5063, 5064, 5065, 5066, 5067, 5068, 5069, 5070, 5071, 5072, 5073, 5074, 5075, 5076, 5081, 5082, 5083, 5084, 5085, 5086, 5087, 5088, 5090, 5091, 5092, 5093, 5094, 5095, 5096, 5097, 5098, 5106, 5107, 5108, 5109, 5110, 5111, 5112, 5113, 5114, 5115, 5125, 5126, 5127, 5140, 5158, 5159, 5160, 5161, 5162, 5163, 5164, 5165, 5166, 5168, 5800, 5810, 5839, 5920, 5930, 5942, 5950, 5016, 5018, 5020, 5022, 5025, 5040, 5041, 5043, 5047, 5049, 5052, 5062, 5064, 5066, 5068, 5071, 5072, 5074, 5075, 5076, 5082, 5085, 5086, 5089, 5090, 5091, 5093, 5097, 5106, 5116, 5117, 5118, 5120, 5121, 5129, 5130, 5132, 5133, 5134, 5136, 5137, 5138, 5139, 5140, 5141, 5142, 5144, 5150, 5151, 5152, 5154, 5155, 5156, 5158, 5159, 5161, 5163, 5164, 5165, 5166, 5167, 5169",Exception Product,Restricted For Adelaide,,
6,48331,AU Wide Delivery,"4560, 2262, 2611, 2619, 2774, 2756, 2315, 2316, 2317, 2319, 2322, 2320, 2335, 2311, 2325, 2326, 2327, 2421, 2321, 2323, 2330, 2328, 2329, 2331, 2333, 2334, 2336, 2535, 2536, 2538, 2539, 2540, 2541, 2574, 2576, 2571, 2572, 2573, 2752, 2575, 2577, 2578, 2579, 2622, 2540, 2083, 2286, 2264, 2265, 2267, 2278, 2283, 2258, 2616, 2618, 2619, 2620, 2900, 2902, 2903, 2904, 2905, 2906, 2911, 2912, 2913, 2914, 2583, 2671, 2791, 2792, 2793, 2794, 2795, 2798, 2799, 2800, 2804, 2805, 2806, 2807, 2809, 2810, 2845, 2846, 2847, 2864, 2865, 2870, 2871, 2876, 2372, 4377, 4380, 4383, 4385, 2357, 2396, 2818, 2820, 2821, 2822, 2823, 2824, 2825, 2826, 2827, 2829, 2830, 2831, 2835, 2838, 2839, 2840, 2843, 2866, 2867, 2868, 2869, 2877, 2450, 2452, 2454, 2455, 2456, 2462, 2465, 2312, 2324, 2337, 2420, 2422, 2423, 2426, 2427, 2428, 2429, 2431, 2439, 2441, 2443, 2444, 2445, 2447, 2448, 2449, 2641, 2643, 2646, 2647, 2659, 2660, 2713, 2717, 2733, 2736, 2737, 2739, 2878, 2734, 2735, 2738, 2338, 2339, 2340, 2341, 2343, 2345, 2346, 2347, 2350, 2351, 2352, 2354, 2360, 2365, 2370, 2371, 2380, 2381, 2386, 2388, 2390, 2400, 2402, 2403, 2440, 2453, 2460, 2470, 2471, 2472, 2473, 2474, 2475, 2478, 2479, 2480, 2481, 2482, 2483, 2489, 2588, 2590, 2594, 2645, 2649, 2650, 2651, 2652, 2653, 2655, 2656, 2658, 2661, 2663, 2665, 2666, 2668, 2678, 2680, 2681, 2701, 2702, 2703, 2705, 2706, 2707, 2710, 2711, 2716, 2720, 2722, 2725, 2729, 2730, 2712, 2714, 2537, 2545, 2546, 2548, 2549, 2550, 2551, 2587, 2618, 2619, 2626, 2630, 2803, 2640, 2644, 2484, 2485, 2563, 2568, 2569, 2754, 2105, 2084, 3139, 3164, 3199, 3200, 3781, 3800, 3803, 3804, 3805, 3806, 3807, 3808, 3809, 3810, 3812, 3813, 3814, 3815, 3816, 3910, 3911, 3912, 3913, 3915, 3916, 3918, 3919, 3920, 3926, 3927, 3928, 3929, 3930, 3931, 3933, 3934, 3936, 3937, 3938, 3939, 3940, 3941, 3942, 3943, 3944, 3975, 3976, 3977, 3978, 3980, 3981, 3984, 3987, 8785, 3212, 3214, 3215, 3216, 3217, 3218, 3219, 3220, 3222, 3223, 3224, 3225, 3226, 3227, 3228, 3230, 3231, 3232, 3240, 3328, 3330, 3331, 3332, 3333, 3334, 3342, 3345, 3350, 3353, 3354, 3355, 3356, 3357, 3363, 3370, 3371, 3460, 3464, 3467, 3468, 3469, 3364, 3446, 3447, 3448, 3450, 3451, 3453, 3458, 3461, 3462, 3463, 3472, 3515, 3516, 3517, 3520, 3550, 3552, 3555, 3556, 3570, 3571, 3575, 3576, 3444, 3521, 3522, 3607, 3659, 3660, 3661, 3662, 3663, 3664, 3665, 3666, 3670, 3671, 3672, 3673, 3676, 3677, 3687, 3688, 3689, 3690, 3691, 3694, 3695, 3697, 3698, 3700, 3704, 3705, 3708, 3709, 3711, 3712, 3713, 3714, 3715, 3717, 3718, 3719, 3720, 3722, 3724, 3725, 3726, 3732, 3733, 3735, 3736, 3737, 3738, 3739, 3746, 3747, 3749, 3779, 3699, 3701, 3707, 3723, 3818, 3820, 3821, 3822, 3823, 3824, 3825, 3831, 3832, 3835, 3840, 3842, 3844, 3847, 3851, 3852, 3853, 3854, 3856, 3857, 3858, 3859, 3860, 3862, 3864, 3865, 3869, 3870, 3871, 3873, 3874, 3878, 3880, 3885, 3886, 3887, 3888, 3889, 3890, 3891, 3892, 3893, 3895, 3896, 3900, 3902, 3903, 3904, 3909, 3921, 3922, 3923, 3925, 3945, 3946, 3950, 3951, 3953, 3954, 3956, 3957, 3958, 3959, 3960, 3962, 3964, 3965, 3966, 3967, 3971, 3979, 3988, 3990, 3991, 3992, 3995, 3996, 3319, 3373, 3374, 3375, 3377, 3378, 3380, 3381, 3384, 3385, 3387, 3388, 3391, 3392, 3393, 3395, 3396, 3400, 3409, 3412, 3413, 3414, 3415, 3418, 3419, 3420, 3423, 3424, 3465, 3475, 3477, 3478, 3480, 3482, 3483, 3485, 3487, 3488, 3489, 3491, 3494, 3496, 3498, 3500, 3501, 3502, 3506, 3507, 3509, 3512, 3518, 3525, 3527, 3529, 3530, 3531, 3533, 3537, 3540, 3542, 3544, 3546, 3549, 3567, 3568, 3579, 3580, 3581, 3583, 3584, 3585, 3586, 3588, 3589, 3590, 3591, 3594, 3595, 3596, 3597, 3599, 3523, 3557, 3558, 3559, 3561, 3562, 3563, 3564, 3565, 3566, 3572, 3573, 3608, 3610, 3612, 3614, 3616, 3617, 3618, 3619, 3620, 3621, 3622, 3623, 3624, 3629, 3630, 3631, 3632, 3633, 3634, 3635, 3636, 3637, 3638, 3639, 3640, 3643, 3644, 3646, 3647, 3649, 3669, 3675, 3727, 3728, 3730, 3318, 3490, 3213, 3221, 3233, 3234, 3235, 3236, 3237, 3238, 3239, 3241, 3242, 3243, 3249, 3250, 3251, 3254, 3260, 3264, 3265, 3267, 3268, 3269, 3270, 3271, 3272, 3273, 3274, 3275, 3276, 3277, 3278, 3279, 3280, 3281, 3282, 3283, 3284, 3285, 3286, 3287, 3289, 3292, 3293, 3294, 3300, 3301, 3302, 3303, 3304, 3305, 3309, 3310, 3311, 3312, 3314, 3315, 3317, 3321, 3322, 3323, 3324, 3325, 3329, 3351, 3360, 3361, 3379, 3399, 3401, 3402, 3407, 3086, 3089, 3091, 3096, 3097, 3099, 3750, 3751, 3752, 3753, 3754, 3755, 3757, 3758, 3759, 3760, 3761, 3763, 3062, 3063, 3064, 3428, 3429, 3430, 3431, 3432, 3433, 3434, 3435, 3437, 3438, 3440, 3441, 3442, 3756, 3762, 3764, 3139, 3164, 3781, 3782, 3783, 3800, 3803, 3804, 3805, 3806, 3807, 3808, 3809, 3810, 3812, 3813, 3814, 3815, 3816, 3975, 3976, 3978, 3980, 3981, 3984, 3987, 8785, 3113, 3114, 3115, 3116, 3137, 3138, 3140, 3158, 3159, 3160, 3765, 3766, 3767, 3770, 3775, 3777, 3778, 3785, 3786, 3787, 3788, 3789, 3791, 3792, 3795, 3796, 3797, 3799, 3833, 3211, 3335, 3337, 3338, 3340, 3341, 3427, 5131",AU Wide Delivery,All orders,,$29.50
7,48331,AU Wide Delivery,"4560, 2262, 2611, 2619, 2774, 2756, 2315, 2316, 2317, 2319, 2322, 2320, 2335, 2311, 2325, 2326, 2327, 2421, 2321, 2323, 2330, 2328, 2329, 2331, 2333, 2334, 2336, 2535, 2536, 2538, 2539, 2540, 2541, 2574, 2576, 2571, 2572, 2573, 2752, 2575, 2577, 2578, 2579, 2622, 2540, 2083, 2286, 2264, 2265, 2267, 2278, 2283, 2258, 2616, 2618, 2619, 2620, 2900, 2902, 2903, 2904, 2905, 2906, 2911, 2912, 2913, 2914, 2583, 2671, 2791, 2792, 2793, 2794, 2795, 2798, 2799, 2800, 2804, 2805, 2806, 2807, 2809, 2810, 2845, 2846, 2847, 2864, 2865, 2870, 2871, 2876, 2372, 4377, 4380, 4383, 4385, 2357, 2396, 2818, 2820, 2821, 2822, 2823, 2824, 2825, 2826, 2827, 2829, 2830, 2831, 2835, 2838, 2839, 2840, 2843, 2866, 2867, 2868, 2869, 2877, 2450, 2452, 2454, 2455, 2456, 2462, 2465, 2312, 2324, 2337, 2420, 2422, 2423, 2426, 2427, 2428, 2429, 2431, 2439, 2441, 2443, 2444, 2445, 2447, 2448, 2449, 2641, 2643, 2646, 2647, 2659, 2660, 2713, 2717, 2733, 2736, 2737, 2739, 2878, 2734, 2735, 2738, 2338, 2339, 2340, 2341, 2343, 2345, 2346, 2347, 2350, 2351, 2352, 2354, 2360, 2365, 2370, 2371, 2380, 2381, 2386, 2388, 2390, 2400, 2402, 2403, 2440, 2453, 2460, 2470, 2471, 2472, 2473, 2474, 2475, 2478, 2479, 2480, 2481, 2482, 2483, 2489, 2588, 2590, 2594, 2645, 2649, 2650, 2651, 2652, 2653, 2655, 2656, 2658, 2661, 2663, 2665, 2666, 2668, 2678, 2680, 2681, 2701, 2702, 2703, 2705, 2706, 2707, 2710, 2711, 2716, 2720, 2722, 2725, 2729, 2730, 2712, 2714, 2537, 2545, 2546, 2548, 2549, 2550, 2551, 2587, 2618, 2619, 2626, 2630, 2803, 2640, 2644, 2484, 2485, 2563, 2568, 2569, 2754, 2105, 2084, 3139, 3164, 3199, 3200, 3781, 3800, 3803, 3804, 3805, 3806, 3807, 3808, 3809, 3810, 3812, 3813, 3814, 3815, 3816, 3910, 3911, 3912, 3913, 3915, 3916, 3918, 3919, 3920, 3926, 3927, 3928, 3929, 3930, 3931, 3933, 3934, 3936, 3937, 3938, 3939, 3940, 3941, 3942, 3943, 3944, 3975, 3976, 3977, 3978, 3980, 3981, 3984, 3987, 8785, 3212, 3214, 3215, 3216, 3217, 3218, 3219, 3220, 3222, 3223, 3224, 3225, 3226, 3227, 3228, 3230, 3231, 3232, 3240, 3328, 3330, 3331, 3332, 3333, 3334, 3342, 3345, 3350, 3353, 3354, 3355, 3356, 3357, 3363, 3370, 3371, 3460, 3464, 3467, 3468, 3469, 3364, 3446, 3447, 3448, 3450, 3451, 3453, 3458, 3461, 3462, 3463, 3472, 3515, 3516, 3517, 3520, 3550, 3552, 3555, 3556, 3570, 3571, 3575, 3576, 3444, 3521, 3522, 3607, 3659, 3660, 3661, 3662, 3663, 3664, 3665, 3666, 3670, 3671, 3672, 3673, 3676, 3677, 3687, 3688, 3689, 3690, 3691, 3694, 3695, 3697, 3698, 3700, 3704, 3705, 3708, 3709, 3711, 3712, 3713, 3714, 3715, 3717, 3718, 3719, 3720, 3722, 3724, 3725, 3726, 3732, 3733, 3735, 3736, 3737, 3738, 3739, 3746, 3747, 3749, 3779, 3699, 3701, 3707, 3723, 3818, 3820, 3821, 3822, 3823, 3824, 3825, 3831, 3832, 3835, 3840, 3842, 3844, 3847, 3851, 3852, 3853, 3854, 3856, 3857, 3858, 3859, 3860, 3862, 3864, 3865, 3869, 3870, 3871, 3873, 3874, 3878, 3880, 3885, 3886, 3887, 3888, 3889, 3890, 3891, 3892, 3893, 3895, 3896, 3900, 3902, 3903, 3904, 3909, 3921, 3922, 3923, 3925, 3945, 3946, 3950, 3951, 3953, 3954, 3956, 3957, 3958, 3959, 3960, 3962, 3964, 3965, 3966, 3967, 3971, 3979, 3988, 3990, 3991, 3992, 3995, 3996, 3319, 3373, 3374, 3375, 3377, 3378, 3380, 3381, 3384, 3385, 3387, 3388, 3391, 3392, 3393, 3395, 3396, 3400, 3409, 3412, 3413, 3414, 3415, 3418, 3419, 3420, 3423, 3424, 3465, 3475, 3477, 3478, 3480, 3482, 3483, 3485, 3487, 3488, 3489, 3491, 3494, 3496, 3498, 3500, 3501, 3502, 3506, 3507, 3509, 3512, 3518, 3525, 3527, 3529, 3530, 3531, 3533, 3537, 3540, 3542, 3544, 3546, 3549, 3567, 3568, 3579, 3580, 3581, 3583, 3584, 3585, 3586, 3588, 3589, 3590, 3591, 3594, 3595, 3596, 3597, 3599, 3523, 3557, 3558, 3559, 3561, 3562, 3563, 3564, 3565, 3566, 3572, 3573, 3608, 3610, 3612, 3614, 3616, 3617, 3618, 3619, 3620, 3621, 3622, 3623, 3624, 3629, 3630, 3631, 3632, 3633, 3634, 3635, 3636, 3637, 3638, 3639, 3640, 3643, 3644, 3646, 3647, 3649, 3669, 3675, 3727, 3728, 3730, 3318, 3490, 3213, 3221, 3233, 3234, 3235, 3236, 3237, 3238, 3239, 3241, 3242, 3243, 3249, 3250, 3251, 3254, 3260, 3264, 3265, 3267, 3268, 3269, 3270, 3271, 3272, 3273, 3274, 3275, 3276, 3277, 3278, 3279, 3280, 3281, 3282, 3283, 3284, 3285, 3286, 3287, 3289, 3292, 3293, 3294, 3300, 3301, 3302, 3303, 3304, 3305, 3309, 3310, 3311, 3312, 3314, 3315, 3317, 3321, 3322, 3323, 3324, 3325, 3329, 3351, 3360, 3361, 3379, 3399, 3401, 3402, 3407, 3086, 3089, 3091, 3096, 3097, 3099, 3750, 3751, 3752, 3753, 3754, 3755, 3757, 3758, 3759, 3760, 3761, 3763, 3062, 3063, 3064, 3428, 3429, 3430, 3431, 3432, 3433, 3434, 3435, 3437, 3438, 3440, 3441, 3442, 3756, 3762, 3764, 3139, 3164, 3781, 3782, 3783, 3800, 3803, 3804, 3805, 3806, 3807, 3808, 3809, 3810, 3812, 3813, 3814, 3815, 3816, 3975, 3976, 3978, 3980, 3981, 3984, 3987, 8785, 3113, 3114, 3115, 3116, 3137, 3138, 3140, 3158, 3159, 3160, 3765, 3766, 3767, 3770, 3775, 3777, 3778, 3785, 3786, 3787, 3788, 3789, 3791, 3792, 3795, 3796, 3797, 3799, 3833, 3211, 3335, 3337, 3338, 3340, 3341, 3427, 5131",Exception Products,Restricted For AUWide,,
8,56186,AU Wide Delivery - Adelaide Hamper,"5000, 5001, 5006, 5007, 5008, 5009, 5010, 5011, 5012, 5013, 5014, 5015, 5016, 5017, 5018, 5019, 5020, 5021, 5022, 5023, 5024, 5025, 5031, 5032, 5033, 5034, 5035, 5037, 5038, 5039, 5040, 5041, 5042, 5043, 5044, 5045, 5046, 5047, 5048, 5049, 5050, 5051, 5052, 5061, 5062, 5063, 5064, 5065, 5066, 5067, 5068, 5069, 5070, 5071, 5072, 5073, 5074, 5075, 5076, 5081, 5082, 5083, 5084, 5085, 5086, 5087, 5088, 5090, 5091, 5092, 5093, 5094, 5095, 5096, 5097, 5098, 5106, 5107, 5108, 5109, 5110, 5111, 5112, 5113, 5114, 5115, 5125, 5126, 5127, 5140, 5157, 5158, 5159, 5160, 5161, 5162, 5163, 5164, 5165, 5166, 5168, 5800, 5810, 5839, 5920, 5930, 5942, 5950, 5016, 5018, 5020, 5022, 5025, 5040, 5041, 5043, 5047, 5049, 5052, 5062, 5064, 5066, 5068, 5071, 5072, 5074, 5075, 5076, 5082, 5085, 5086, 5089, 5090, 5091, 5093, 5097, 5106, 5116, 5117, 5120, 5121, 5129, 5130, 5132, 5133, 5134, 5136, 5137, 5138, 5139, 5140, 5141, 5142, 5144, 5150, 5151, 5152, 5154, 5155, 5156, 5157, 5158, 5159, 5161, 5163, 5164, 5165, 5166, 5167, 5169",AU Wide Delivery,All orders,AU Wide Delivery,$29.50
9,56186,AU Wide Delivery - Adelaide Hamper,"5000, 5001, 5006, 5007, 5008, 5009, 5010, 5011, 5012, 5013, 5014, 5015, 5016, 5017, 5018, 5019, 5020, 5021, 5022, 5023, 5024, 5025, 5031, 5032, 5033, 5034, 5035, 5037, 5038, 5039, 5040, 5041, 5042, 5043, 5044, 5045, 5046, 5047, 5048, 5049, 5050, 5051, 5052, 5061, 5062, 5063, 5064, 5065, 5066, 5067, 5068, 5069, 5070, 5071, 5072, 5073, 5074, 5075, 5076, 5081, 5082, 5083, 5084, 5085, 5086, 5087, 5088, 5090, 5091, 5092, 5093, 5094, 5095, 5096, 5097, 5098, 5106, 5107, 5108, 5109, 5110, 5111, 5112, 5113, 5114, 5115, 5125, 5126, 5127, 5140, 5157, 5158, 5159, 5160, 5161, 5162, 5163, 5164, 5165, 5166, 5168, 5800, 5810, 5839, 5920, 5930, 5942, 5950, 5016, 5018, 5020, 5022, 5025, 5040, 5041, 5043, 5047, 5049, 5052, 5062, 5064, 5066, 5068, 5071, 5072, 5074, 5075, 5076, 5082, 5085, 5086, 5089, 5090, 5091, 5093, 5097, 5106, 5116, 5117, 5120, 5121, 5129, 5130, 5132, 5133, 5134, 5136, 5137, 5138, 5139, 5140, 5141, 5142, 5144, 5150, 5151, 5152, 5154, 5155, 5156, 5157, 5158, 5159, 5161, 5163, 5164, 5165, 5166, 5167, 5169",Exception Products,Restricted For Adelaide,,
10,56180,AU Wide Delivery - Brisbane Hamper,"4000, 4005, 4006, 4007, 4010, 4029, 4030, 4059, 4064, 4101, 4102, 4120, 4169, 4170, 4009, 4011, 4012, 4031, 4051, 4053, 4060, 4065, 4066, 4067, 4068, 4103, 4104, 4105, 4121, 4151, 4152, 4171, 4172, 4008, 4013, 4014, 4032, 4054, 4061, 4075, 4106, 4107, 4153, 4174, 4034, 4018, 4111, 4122, 4035, 4073, 4074, 4108, 4109, 4110, 4113, 4154, 4155, 4173, 4178, 4017, 4036, 4076, 4077, 4112, 4116, 4119, 4123, 4156, 4158, 4179, 4078, 4114, 4115, 4117, 4127, 4157, 4159, 4161, 4118, 4128, 4160, 4163, 4129, 4131, 4132, 4164, 4211, 4228",AU Wide Delivery,All orders,AU Wide Delivery,$29.50
11,56180,AU Wide Delivery - Brisbane Hamper,"4000, 4005, 4006, 4007, 4010, 4029, 4030, 4059, 4064, 4101, 4102, 4120, 4169, 4170, 4009, 4011, 4012, 4031, 4051, 4053, 4060, 4065, 4066, 4067, 4068, 4103, 4104, 4105, 4121, 4151, 4152, 4171, 4172, 4008, 4013, 4014, 4032, 4054, 4061, 4075, 4106, 4107, 4153, 4174, 4034, 4018, 4111, 4122, 4035, 4073, 4074, 4108, 4109, 4110, 4113, 4154, 4155, 4173, 4178, 4017, 4036, 4076, 4077, 4112, 4116, 4119, 4123, 4156, 4158, 4179, 4078, 4114, 4115, 4117, 4127, 4157, 4159, 4161, 4118, 4128, 4160, 4163, 4129, 4131, 4132, 4164, 4211, 4228",Exception Products,"Restricted For Brisbane,Restricted For Perth",,
12,49712,AU Wide Delivery - Canberra,"2600, 2601, 2602, 2603, 2604, 2605, 2606, 2607, 2609, 2611, 2612, 2614, 2615, 2617, 2619, 2620, 2900, 2902, 2903, 2904, 2905, 2906, 2911, 2912, 2913, 2914",AU Wide Delivery,All orders,AU Wide Delivery,$29.50
13,49712,AU Wide Delivery - Canberra,"2600, 2601, 2602, 2603, 2604, 2605, 2606, 2607, 2609, 2611, 2612, 2614, 2615, 2617, 2619, 2620, 2900, 2902, 2903, 2904, 2905, 2906, 2911, 2912, 2913, 2914",Exception Products,Restricted For Canberra,,
14,66704,AU Wide Delivery Central Coast,"2250, 2251, 2256, 2257, 2258, 2259, 2260, 2261, 2263, 2083",AU Wide Delivery,All orders,,$29.50
15,66704,AU Wide Delivery Central Coast,"2250, 2251, 2256, 2257, 2258, 2259, 2260, 2261, 2263, 2083",Exception Products,Restricted For Central Coast,,
16,56181,AU Wide Delivery - Gold Coast Hamper,"4205, 4209, 4210, 4211, 4212, 4214, 4215, 4216, 4217, 4218, 4220, 4221, 4223, 4224, 4225, 4226, 4227, 4228",AU Wide Delivery,All orders,AU Wide Delivery,$29.50
17,56181,AU Wide Delivery - Gold Coast Hamper,"4205, 4209, 4210, 4211, 4212, 4214, 4215, 4216, 4217, 4218, 4220, 4221, 4223, 4224, 4225, 4226, 4227, 4228",Exception Products,Restricted For Gold Coast,,
18,46157,AU Wide Delivery - Melbourne,"3000, 3002, 3003, 3004, 3006, 3008, 3010, 3011, 3012, 3013, 3015, 3016, 3019, 3020, 3025, 3031, 3032, 3050, 3051, 3052, 3053, 3054, 3055, 3056, 3057, 3065, 3066, 3068, 3072, 3078, 3079, 3081, 3084, 3101, 3102, 3103, 3104, 3108, 3109, 3111, 3121, 3122, 3123, 3124, 3125, 3126, 3127, 3128, 3129, 3131, 3133, 3141, 3142, 3143, 3144, 3145, 3146, 3147, 3148, 3149, 3150, 3151, 3152, 3153, 3155, 3156, 3161, 3162, 3163, 3166, 3168, 3170, 3178, 3179, 3180, 3181, 3182, 3183, 3205, 3206, 3207, 3018, 3021, 3022, 3023, 3026, 3027, 3028, 3029, 3033, 3034, 3036, 3037, 3038, 3039, 3040, 3041, 3042, 3043, 3044, 3045, 3046, 3047, 3048, 3049, 3058, 3059, 3060, 3061, 3067, 3070, 3071, 3073, 3074, 3075, 3076, 3082, 3083, 3085, 3087, 3088, 3090, 3093, 3094, 3095, 3105, 3106, 3107, 3130, 3132, 3154, 3165, 3167, 3169, 3171, 3172, 3173, 3174, 3175, 3177, 3184, 3185, 3187, 3188, 3189, 3190, 3191, 3194, 3195, 3196, 3197, 3198, 3201, 3202, 3204, 3802, 3005, 3134, 3135, 3136, 3793, 3030, 3186, 3192, 3193, 3752",AU Wide Delivery,All orders,AU Wide Delivery,$29.50
19,46157,AU Wide Delivery - Melbourne,"3000, 3002, 3003, 3004, 3006, 3008, 3010, 3011, 3012, 3013, 3015, 3016, 3019, 3020, 3025, 3031, 3032, 3050, 3051, 3052, 3053, 3054, 3055, 3056, 3057, 3065, 3066, 3068, 3072, 3078, 3079, 3081, 3084, 3101, 3102, 3103, 3104, 3108, 3109, 3111, 3121, 3122, 3123, 3124, 3125, 3126, 3127, 3128, 3129, 3131, 3133, 3141, 3142, 3143, 3144, 3145, 3146, 3147, 3148, 3149, 3150, 3151, 3152, 3153, 3155, 3156, 3161, 3162, 3163, 3166, 3168, 3170, 3178, 3179, 3180, 3181, 3182, 3183, 3205, 3206, 3207, 3018, 3021, 3022, 3023, 3026, 3027, 3028, 3029, 3033, 3034, 3036, 3037, 3038, 3039, 3040, 3041, 3042, 3043, 3044, 3045, 3046, 3047, 3048, 3049, 3058, 3059, 3060, 3061, 3067, 3070, 3071, 3073, 3074, 3075, 3076, 3082, 3083, 3085, 3087, 3088, 3090, 3093, 3094, 3095, 3105, 3106, 3107, 3130, 3132, 3154, 3165, 3167, 3169, 3171, 3172, 3173, 3174, 3175, 3177, 3184, 3185, 3187, 3188, 3189, 3190, 3191, 3194, 3195, 3196, 3197, 3198, 3201, 3202, 3204, 3802, 3005, 3134, 3135, 3136, 3793, 3030, 3186, 3192, 3193, 3752",Exception Products,Restricted For Melbourne,,
20,56185,AU Wide Delivery - Newcastle Hamper,"2289, 2284, 2300, 2280, 2290, 2287, 2292, 2308, 2285, 2282, 2318, 2298, 2303, 2296, 2299, 2304, 2293, 2291, 2305, 2307, 2295, 2297, 2306, 2281, 2294, 2302",AU Wide Delivery,All orders,AU Wide Delivery,$29.50
21,56185,AU Wide Delivery - Newcastle Hamper,"2289, 2284, 2300, 2280, 2290, 2287, 2292, 2308, 2285, 2282, 2318, 2298, 2303, 2296, 2299, 2304, 2293, 2291, 2305, 2307, 2295, 2297, 2306, 2281, 2294, 2302",Exception Products,Restricted For Newcastle,,
22,56183,AU Wide Delivery -Outer Brisbane & Surrounds Hamper,"4069, 4070, 4124, 4125, 4130, 4133, 4165, 4205, 4207, 4280, 4300, 4301, 4303, 4304, 4305, 4019, 4020, 4021, 4022, 4037, 4055, 4500, 4501, 4502, 4503, 4504, 4505, 4506, 4507, 4508, 4509, 4510, 4511, 4512, 4514, 4515, 4520, 4521, 4213, 4228, 4270, 4271, 4272, 4559",AU Wide Delivery,All orders,AU Wide Delivery,$29.50
23,56183,AU Wide Delivery -Outer Brisbane & Surrounds Hamper,"4069, 4070, 4124, 4125, 4130, 4133, 4165, 4205, 4207, 4280, 4300, 4301, 4303, 4304, 4305, 4019, 4020, 4021, 4022, 4037, 4055, 4500, 4501, 4502, 4503, 4504, 4505, 4506, 4507, 4508, 4509, 4510, 4511, 4512, 4514, 4515, 4520, 4521, 4213, 4228, 4270, 4271, 4272, 4559",Exception Products,Restricted For Outer Brisbane & Surrounds,,
24,56179,AU Wide Delivery - Perth Hamper,"6000, 6083, 6084, 6123, 6003, 6004, 6005, 6006, 6007, 6008, 6009, 6010, 6011, 6012, 6014, 6015, 6016, 6017, 6018, 6019, 6020, 6021, 6022, 6023, 6024, 6025, 6026, 6027, 6029, 6050, 6051, 6052, 6053, 6054, 6055, 6056, 6057, 6058, 6059, 6060, 6061, 6062, 6063, 6064, 6065, 6066, 6068, 6070, 6090, 6100, 6101, 6102, 6103, 6104, 6105, 6106, 6107, 6108, 6109, 6110, 6111, 6112, 6121, 6147, 6148, 6149, 6150, 6151, 6152, 6153, 6154, 6155, 6156, 6157, 6158, 6159, 6160, 6162, 6163, 6164, 6170, 6028, 6030, 6031, 6036, 6067, 6069, 6071, 6072, 6073, 6074, 6076, 6077, 6078, 6079, 6081, 6082, 6122, 6165, 6166, 6167, 6168, 6169, 6171, 6172, 6173",AU Wide Delivery,All orders,AU Wide Delivery,$29.50
25,56179,AU Wide Delivery - Perth Hamper,"6000, 6083, 6084, 6123, 6003, 6004, 6005, 6006, 6007, 6008, 6009, 6010, 6011, 6012, 6014, 6015, 6016, 6017, 6018, 6019, 6020, 6021, 6022, 6023, 6024, 6025, 6026, 6027, 6029, 6050, 6051, 6052, 6053, 6054, 6055, 6056, 6057, 6058, 6059, 6060, 6061, 6062, 6063, 6064, 6065, 6066, 6068, 6070, 6090, 6100, 6101, 6102, 6103, 6104, 6105, 6106, 6107, 6108, 6109, 6110, 6111, 6112, 6121, 6147, 6148, 6149, 6150, 6151, 6152, 6153, 6154, 6155, 6156, 6157, 6158, 6159, 6160, 6162, 6163, 6164, 6170, 6028, 6030, 6031, 6036, 6067, 6069, 6071, 6072, 6073, 6074, 6076, 6077, 6078, 6079, 6081, 6082, 6122, 6165, 6166, 6167, 6168, 6169, 6171, 6172, 6173",Exception Products,Restricted For Perth,,
26,56182,AU Wide Delivery - Sunshine Coast Hamper,"4550, 4551, 4553, 4556, 4557, 4558, 4560, 4564, 4566, 4567, 4572, 4573, 4575, 4516",AU Wide Delivery,All orders,AU Wide Delivery,$29.50
27,56182,AU Wide Delivery - Sunshine Coast Hamper,"4550, 4551, 4553, 4556, 4557, 4558, 4560, 4564, 4566, 4567, 4572, 4573, 4575, 4516",Exception Products,Restricted For Sunshine Coast,,
28,56184,AU Wide Delivery - Toowoomba Hamper,4350,AU Wide Delivery,All orders,AU Wide Delivery,$29.50
29,56184,AU Wide Delivery - Toowoomba Hamper,4350,Exception Products,Restricted For Toowoomba,,
30,56187,AU Wide Delivery - Wollongong Hamper,"2500, 2502, 2505, 2506, 2516, 2517, 2518, 2519, 2520, 2525, 2526, 2527, 2528, 2529, 2530, 2533, 2534, 2508, 2515",AU Wide Delivery,All orders,AU Wide Delivery,$29.50
31,56187,AU Wide Delivery - Wollongong Hamper,"2500, 2502, 2505, 2506, 2516, 2517, 2518, 2519, 2520, 2525, 2526, 2527, 2528, 2529, 2530, 2533, 2534, 2508, 2515",Exception Products,Restricted For Wollongong,,
32,50239,Brisbane Local Delivery,"4000, 4005, 4006, 4007, 4010, 4029, 4030, 4059, 4064, 4101, 4102, 4120, 4169, 4170",Brisbane Local Delivery,All orders,,$24.95
33,50239,Brisbane Local Delivery,"4000, 4005, 4006, 4007, 4010, 4029, 4030, 4059, 4064, 4101, 4102, 4120, 4169, 4170",Exception Products,Restricted For Brisbane,,
34,52868,Brisbane Mothers Day Delivery,"4000, 4005, 4006, 4007, 4010, 4029, 4030, 4059, 4064, 4101, 4102, 4120, 4169, 4170, 4009, 4011, 4012, 4031, 4051, 4053, 4060, 4065, 4066, 4067, 4068, 4103, 4104, 4105, 4121, 4151, 4152, 4171, 4172, 4008, 4013, 4014, 4032, 4054, 4061, 4075, 4106, 4107, 4153, 4174, 4034, 4018, 4111, 4122, 4035, 4073, 4074, 4108, 4109, 4110, 4113, 4154, 4155, 4173, 4178, 4017, 4036, 4076, 4077, 4112, 4116, 4119, 4123, 4156, 4158, 4179, 4078, 4114, 4115, 4117, 4127, 4157, 4159, 4161, 4118, 4128, 4160, 4163, 4129, 4131, 4132, 4164, 4072",Mother's Day Sunday Delivery Brisbane,All orders,Mother's Day Sunday Delivery Brisbane,$24.95
35,52868,Brisbane Mothers Day Delivery,"4000, 4005, 4006, 4007, 4010, 4029, 4030, 4059, 4064, 4101, 4102, 4120, 4169, 4170, 4009, 4011, 4012, 4031, 4051, 4053, 4060, 4065, 4066, 4067, 4068, 4103, 4104, 4105, 4121, 4151, 4152, 4171, 4172, 4008, 4013, 4014, 4032, 4054, 4061, 4075, 4106, 4107, 4153, 4174, 4034, 4018, 4111, 4122, 4035, 4073, 4074, 4108, 4109, 4110, 4113, 4154, 4155, 4173, 4178, 4017, 4036, 4076, 4077, 4112, 4116, 4119, 4123, 4156, 4158, 4179, 4078, 4114, 4115, 4117, 4127, 4157, 4159, 4161, 4118, 4128, 4160, 4163, 4129, 4131, 4132, 4164, 4072",Exception Products,Restricted For Brisbane,,
36,57523,Brisbane Mothers Day Delivery Saturday,"4000, 4005, 4006, 4007, 4010, 4029, 4030, 4059, 4064, 4101, 4102, 4120, 4169, 4170, 4009, 4011, 4012, 4031, 4051, 4053, 4060, 4065, 4066, 4067, 4068, 4103, 4104, 4105, 4121, 4151, 4152, 4171, 4172, 4008, 4013, 4014, 4032, 4054, 4061, 4075, 4106, 4107, 4153, 4174, 4034, 4018, 4111, 4122, 4035, 4073, 4074, 4108, 4109, 4110, 4113, 4154, 4155, 4173, 4178, 4017, 4036, 4076, 4077, 4112, 4116, 4119, 4123, 4156, 4158, 4179, 4078, 4114, 4115, 4117, 4127, 4157, 4159, 4161, 4118, 4128, 4160, 4163, 4129, 4131, 4132, 4164, 4072",Mother's Day Saturday Delivery Brisbane,All orders,Mother's Day Saturday Delivery Brisbane,$24.95
37,57523,Brisbane Mothers Day Delivery Saturday,"4000, 4005, 4006, 4007, 4010, 4029, 4030, 4059, 4064, 4101, 4102, 4120, 4169, 4170, 4009, 4011, 4012, 4031, 4051, 4053, 4060, 4065, 4066, 4067, 4068, 4103, 4104, 4105, 4121, 4151, 4152, 4171, 4172, 4008, 4013, 4014, 4032, 4054, 4061, 4075, 4106, 4107, 4153, 4174, 4034, 4018, 4111, 4122, 4035, 4073, 4074, 4108, 4109, 4110, 4113, 4154, 4155, 4173, 4178, 4017, 4036, 4076, 4077, 4112, 4116, 4119, 4123, 4156, 4158, 4179, 4078, 4114, 4115, 4117, 4127, 4157, 4159, 4161, 4118, 4128, 4160, 4163, 4129, 4131, 4132, 4164, 4072",Exception Products,Restricted For Brisbane,,
38,47080,Brisbane Saturday Delivery,"4151, 4205, 4072, 4219, 4222, 4229, 4230, 4000, 4005, 4006, 4007, 4008, 4009, 4010, 4011, 4012, 4013, 4014, 4017, 4018, 4029, 4030, 4031, 4032, 4034, 4035, 4036, 4051, 4053, 4054, 4055, 4059, 4060, 4061, 4064, 4065, 4066, 4067, 4068, 4072, 4073, 4074, 4075, 4076, 4077, 4078, 4101, 4102, 4103, 4104, 4105, 4106, 4107, 4108, 4109, 4110, 4111, 4112, 4113, 4114, 4115, 4116, 4117, 4118, 4119, 4120, 4121, 4122, 4123, 4127, 4128, 4129, 4131, 4132, 4151, 4152, 4153, 4154, 4155, 4156, 4157, 4158, 4159, 4160, 4161, 4163, 4164, 4169, 4170, 4171, 4172, 4173, 4174, 4178, 4179",Brisbane Saturday Delivery,All orders,,$24.95
39,47080,Brisbane Saturday Delivery,"4151, 4205, 4072, 4219, 4222, 4229, 4230, 4000, 4005, 4006, 4007, 4008, 4009, 4010, 4011, 4012, 4013, 4014, 4017, 4018, 4029, 4030, 4031, 4032, 4034, 4035, 4036, 4051, 4053, 4054, 4055, 4059, 4060, 4061, 4064, 4065, 4066, 4067, 4068, 4072, 4073, 4074, 4075, 4076, 4077, 4078, 4101, 4102, 4103, 4104, 4105, 4106, 4107, 4108, 4109, 4110, 4111, 4112, 4113, 4114, 4115, 4116, 4117, 4118, 4119, 4120, 4121, 4122, 4123, 4127, 4128, 4129, 4131, 4132, 4151, 4152, 4153, 4154, 4155, 4156, 4157, 4158, 4159, 4160, 4161, 4163, 4164, 4169, 4170, 4171, 4172, 4173, 4174, 4178, 4179",Exception Products,Restricted For Brisbane,,
40,52946,Brisbane Saturday Mothers Day Delivery,"4000, 4005, 4006, 4007, 4010, 4029, 4030, 4059, 4064, 4101, 4102, 4120, 4169, 4170, 4009, 4011, 4012, 4031, 4051, 4053, 4060, 4065, 4066, 4067, 4068, 4103, 4104, 4105, 4121, 4151, 4152, 4171, 4172, 4008, 4013, 4014, 4032, 4054, 4061, 4075, 4106, 4107, 4153, 4174, 4034, 4018, 4111, 4122, 4035, 4073, 4074, 4108, 4109, 4110, 4113, 4154, 4155, 4173, 4178, 4017, 4036, 4076, 4077, 4112, 4116, 4119, 4123, 4156, 4158, 4179, 4078, 4114, 4115, 4117, 4127, 4157, 4159, 4161, 4118, 4128, 4160, 4163, 4129, 4131, 4132, 4164",Brisbane Saturday Mothers Day Delivery,All orders,,$9.95
41,52946,Brisbane Saturday Mothers Day Delivery,"4000, 4005, 4006, 4007, 4010, 4029, 4030, 4059, 4064, 4101, 4102, 4120, 4169, 4170, 4009, 4011, 4012, 4031, 4051, 4053, 4060, 4065, 4066, 4067, 4068, 4103, 4104, 4105, 4121, 4151, 4152, 4171, 4172, 4008, 4013, 4014, 4032, 4054, 4061, 4075, 4106, 4107, 4153, 4174, 4034, 4018, 4111, 4122, 4035, 4073, 4074, 4108, 4109, 4110, 4113, 4154, 4155, 4173, 4178, 4017, 4036, 4076, 4077, 4112, 4116, 4119, 4123, 4156, 4158, 4179, 4078, 4114, 4115, 4117, 4127, 4157, 4159, 4161, 4118, 4128, 4160, 4163, 4129, 4131, 4132, 4164",Exception Products,Restricted For Brisbane,,
42,50766,Brisbane Special Delivery - $25,"4009, 4011, 4012, 4031, 4051, 4053, 4060, 4065, 4066, 4067, 4068, 4103, 4104, 4105, 4121, 4151, 4152, 4171, 4172",Brisbane Special Delivery,All orders,Brisbane Special Delivery,$29.00
43,50766,Brisbane Special Delivery - $25,"4009, 4011, 4012, 4031, 4051, 4053, 4060, 4065, 4066, 4067, 4068, 4103, 4104, 4105, 4121, 4151, 4152, 4171, 4172",Exception Products,Restricted For Brisbane,,
44,50767,Brisbane Special Delivery - $30,"4034, 4018, 4111, 4122",Brisbane Special Delivery,All orders,Brisbane Special Delivery,$35.00
45,50767,Brisbane Special Delivery - $30,"4034, 4018, 4111, 4122",Exception Products,Restricted For Brisbane,,
46,50768,Brisbane Special Delivery - $35,"4035, 4073, 4074, 4108, 4109, 4110, 4113, 4154, 4155, 4173, 4178",Brisbane Special Delivery,All orders,Brisbane Special Delivery,$39.00
47,50768,Brisbane Special Delivery - $35,"4035, 4073, 4074, 4108, 4109, 4110, 4113, 4154, 4155, 4173, 4178",Exception Products,Restricted For Brisbane,,
48,50769,Brisbane Special Delivery - $40,"4017, 4036, 4076, 4077, 4112, 4116, 4119, 4123, 4156, 4158, 4179",Brisbane Special Delivery,All orders,Brisbane Special Delivery,$45.00
49,50769,Brisbane Special Delivery - $40,"4017, 4036, 4076, 4077, 4112, 4116, 4119, 4123, 4156, 4158, 4179",Exception Products,Restricted For Brisbane,,
50,50770,Brisbane Special Delivery - $45,"4078, 4114, 4115, 4117, 4127, 4157, 4159, 4161",Brisbane Special Delivery,All orders,Brisbane Special Delivery,$49.00
51,50770,Brisbane Special Delivery - $45,"4078, 4114, 4115, 4117, 4127, 4157, 4159, 4161",Exception Products,Restricted For Brisbane,,
52,50771,Brisbane Special Delivery - $50,"4118, 4128, 4160, 4163",Brisbane Special Delivery,All orders,Brisbane Special Delivery,$55.00
53,50771,Brisbane Special Delivery - $50,"4118, 4128, 4160, 4163",Exception Products,Restricted For Brisbane,,
54,50772,Brisbane Special Delivery - $55,"4129, 4131, 4132, 4164",Brisbane Special Delivery,All orders,Brisbane Special Delivery,$59.00
55,50772,Brisbane Special Delivery - $55,"4129, 4131, 4132, 4164",Exception Products,Restricted For Brisbane,,
56,50765,Brisbane Special Delivery - $24.95,"4000, 4005, 4006, 4007, 4010, 4029, 4030, 4059, 4064, 4101, 4102, 4120, 4169, 4170",Brisbane Special Delivery,All orders,Brisbane Special Delivery,$29.00
57,50765,Brisbane Special Delivery - $24.95,"4000, 4005, 4006, 4007, 4010, 4029, 4030, 4059, 4064, 4101, 4102, 4120, 4169, 4170",Exception Products,Restricted For Brisbane,,
58,46630,Brisbane Special Delivery - $29.5,"4008, 4013, 4014, 4032, 4054, 4061, 4075, 4106, 4107, 4153, 4174",Brisbane Special Delivery,All orders,Brisbane Special Delivery,$35.00
59,46630,Brisbane Special Delivery - $29.5,"4008, 4013, 4014, 4032, 4054, 4061, 4075, 4106, 4107, 4153, 4174",Exception Products,Restricted For Brisbane,,
60,50041,Brisbane Wide Delivery - Outer Brisbane & Surrounds,"4550, 4516, 4562, 4377, 4380, 4383, 4385, 4213, 4553, 4211, 4216, 4223, 4560, 4500, 4270, 4228, 4271, 4272, 4559, 4069, 4070, 4205, 4124, 4125, 4130, 4133, 4165, 4207, 4280, 4300, 4301, 4303, 4304, 4305, 4019, 4020, 4021, 4022, 4037, 4055, 4500, 4501, 4502, 4503, 4504, 4505, 4506, 4507, 4508, 4509, 4510, 4511, 4512, 4514, 4515, 4520, 4521",Brisbane Wide Delivery,All orders,Brisbane Wide Delivery,$24.95
61,50041,Brisbane Wide Delivery - Outer Brisbane & Surrounds,"4550, 4516, 4562, 4377, 4380, 4383, 4385, 4213, 4553, 4211, 4216, 4223, 4560, 4500, 4270, 4228, 4271, 4272, 4559, 4069, 4070, 4205, 4124, 4125, 4130, 4133, 4165, 4207, 4280, 4300, 4301, 4303, 4304, 4305, 4019, 4020, 4021, 4022, 4037, 4055, 4500, 4501, 4502, 4503, 4504, 4505, 4506, 4507, 4508, 4509, 4510, 4511, 4512, 4514, 4515, 4520, 4521",Exception Products,Restricted For Outer Brisbane & Surrounds,,
62,50042,Brisbane Wide Delivery - Toowoomba,4350,Brisbane Wide Delivery,All orders,Brisbane Wide Delivery,$24.95
63,50042,Brisbane Wide Delivery - Toowoomba,4350,Exception Products,Restricted For Toowoomba,,
64,62083,Camden Special Delivery,2570,Camden Special Delivery,All orders,,$55.00
65,62083,Camden Special Delivery,2570,Exception products,Restricted For Sydney,,
66,62390,Canberra Mothers Day Delivery,"2600, 2601, 2602, 2603, 2604, 2605, 2606, 2607, 2609, 2611, 2612, 2614, 2615, 2617, 2620, 2900, 2902, 2903, 2904, 2905, 2906, 2911, 2912, 2913, 2914",Mother's Day Saturday Delivery Canberra,All orders,Mother's Day Saturday Delivery Canberra,$24.95
67,62390,Canberra Mothers Day Delivery,"2600, 2601, 2602, 2603, 2604, 2605, 2606, 2607, 2609, 2611, 2612, 2614, 2615, 2617, 2620, 2900, 2902, 2903, 2904, 2905, 2906, 2911, 2912, 2913, 2914",Exception Product,Restricted For Canberra,,
68,57531,Canberra Mothers Day Delivery Sunday,"2600, 2601, 2602, 2603, 2604, 2605, 2606, 2607, 2609, 2611, 2612, 2614, 2615, 2617, 2620, 2900, 2902, 2903, 2904, 2905, 2906, 2911, 2912, 2913, 2914",Mother's Day Sunday Delivery Canberra,All orders,Mother's Day Sunday Delivery Canberra,$24.95
69,57531,Canberra Mothers Day Delivery Sunday,"2600, 2601, 2602, 2603, 2604, 2605, 2606, 2607, 2609, 2611, 2612, 2614, 2615, 2617, 2620, 2900, 2902, 2903, 2904, 2905, 2906, 2911, 2912, 2913, 2914",Exception Product,Restricted For Canberra,,
70,55921,Canberra Saturday Delivery,"2600, 2601, 2602, 2603, 2604, 2605, 2606, 2607, 2609, 2611, 2612, 2614, 2615, 2617, 2620, 2900, 2902, 2903, 2904, 2905, 2906, 2911, 2912, 2913, 2914",Canberra Saturday Delivery,All orders,,$24.95
71,55921,Canberra Saturday Delivery,"2600, 2601, 2602, 2603, 2604, 2605, 2606, 2607, 2609, 2611, 2612, 2614, 2615, 2617, 2620, 2900, 2902, 2903, 2904, 2905, 2906, 2911, 2912, 2913, 2914",Exception Products,Restricted For Canberra,,
72,55922,Canberra Special Delivery,"2600, 2601, 2602, 2603, 2604, 2605, 2606, 2607, 2609, 2611, 2612, 2614, 2615, 2617, 2620, 2900, 2902, 2903, 2904, 2905, 2906, 2911, 2912, 2913, 2914",Canberra Special Delivery,All orders,,$24.95
73,55922,Canberra Special Delivery,"2600, 2601, 2602, 2603, 2604, 2605, 2606, 2607, 2609, 2611, 2612, 2614, 2615, 2617, 2620, 2900, 2902, 2903, 2904, 2905, 2906, 2911, 2912, 2913, 2914",Exception Products,Restricted For Canberra,,
74,62403,Central Coast Mothers Day Saturday Delivery,"2250, 2251, 2256, 2257, 2258, 2259, 2260, 2261, 2263, 2080, 2081, 2082, 2083, 2079",Mother's Day Saturday Delivery Central Coast,All orders,Mother's Day Saturday Delivery Central Coast,$24.95
75,62403,Central Coast Mothers Day Saturday Delivery,"2250, 2251, 2256, 2257, 2258, 2259, 2260, 2261, 2263, 2080, 2081, 2082, 2083, 2079",Exception Products,Restricted For Sydney,,
76,62404,Central Coast Mothers Day Sunday Delivery,"2250, 2251, 2256, 2257, 2258, 2259, 2260, 2261, 2263, 2080, 2081, 2082, 2083, 2079",Mother's Day Sunday Delivery Central Coast,All orders,Mother's Day Sunday Delivery Central Coast,$24.95
77,62404,Central Coast Mothers Day Sunday Delivery,"2250, 2251, 2256, 2257, 2258, 2259, 2260, 2261, 2263, 2080, 2081, 2082, 2083, 2079",Exception Products,Restricted For Sydney,,
78,57269,Delivered by 1pm - Adelaide,"5000, 5001, 5006, 5007, 5008, 5009, 5010, 5011, 5012, 5013, 5014, 5015, 5016, 5017, 5018, 5019, 5020, 5021, 5022, 5023, 5024, 5025, 5031, 5032, 5033, 5034, 5035, 5037, 5038, 5039, 5040, 5041, 5042, 5043, 5044, 5045, 5046, 5047, 5048, 5049, 5050, 5051, 5052, 5061, 5062, 5063, 5064, 5065, 5066, 5067, 5068, 5069, 5070, 5071, 5072, 5073, 5074, 5075, 5076, 5081, 5082, 5083, 5084, 5085, 5086, 5087, 5088, 5090, 5091, 5092, 5093, 5094, 5095, 5096, 5097, 5098, 5106, 5107, 5108, 5109, 5110, 5111, 5112, 5113, 5114, 5115, 5125, 5126, 5127, 5140, 5158, 5159, 5160, 5161, 5162, 5163, 5164, 5165, 5166, 5168, 5800, 5810, 5839, 5920, 5930, 5942, 5950, 5016, 5018, 5020, 5022, 5025, 5040, 5041, 5043, 5047, 5049, 5052, 5062, 5064, 5066, 5068, 5071, 5072, 5074, 5075, 5076, 5082, 5085, 5086, 5089, 5090, 5091, 5093, 5097, 5106, 5116, 5117, 5120, 5121, 5129, 5130, 5132, 5133, 5134, 5136, 5137, 5138, 5139, 5140, 5141, 5142, 5144, 5150, 5151, 5152, 5153, 5154, 5155, 5158, 5159, 5161, 5163, 5164, 5165, 5166, 5167, 5169",Delivered between 9am - 1pm,All orders,Delivered between 9am - 1pm,$29.50
79,57269,Delivered by 1pm - Adelaide,"5000, 5001, 5006, 5007, 5008, 5009, 5010, 5011, 5012, 5013, 5014, 5015, 5016, 5017, 5018, 5019, 5020, 5021, 5022, 5023, 5024, 5025, 5031, 5032, 5033, 5034, 5035, 5037, 5038, 5039, 5040, 5041, 5042, 5043, 5044, 5045, 5046, 5047, 5048, 5049, 5050, 5051, 5052, 5061, 5062, 5063, 5064, 5065, 5066, 5067, 5068, 5069, 5070, 5071, 5072, 5073, 5074, 5075, 5076, 5081, 5082, 5083, 5084, 5085, 5086, 5087, 5088, 5090, 5091, 5092, 5093, 5094, 5095, 5096, 5097, 5098, 5106, 5107, 5108, 5109, 5110, 5111, 5112, 5113, 5114, 5115, 5125, 5126, 5127, 5140, 5158, 5159, 5160, 5161, 5162, 5163, 5164, 5165, 5166, 5168, 5800, 5810, 5839, 5920, 5930, 5942, 5950, 5016, 5018, 5020, 5022, 5025, 5040, 5041, 5043, 5047, 5049, 5052, 5062, 5064, 5066, 5068, 5071, 5072, 5074, 5075, 5076, 5082, 5085, 5086, 5089, 5090, 5091, 5093, 5097, 5106, 5116, 5117, 5120, 5121, 5129, 5130, 5132, 5133, 5134, 5136, 5137, 5138, 5139, 5140, 5141, 5142, 5144, 5150, 5151, 5152, 5153, 5154, 5155, 5158, 5159, 5161, 5163, 5164, 5165, 5166, 5167, 5169",Exception Product,Restricted For Adelaide,,
80,57270,Delivered by 1pm - Brisbane,"4000, 4205, 4072, 4219, 4222, 4229, 4230, 4005, 4006, 4007, 4010, 4029, 4030, 4059, 4064, 4101, 4102, 4120, 4169, 4170, 4009, 4011, 4012, 4031, 4051, 4053, 4060, 4065, 4066, 4067, 4068, 4103, 4104, 4105, 4121, 4151, 4152, 4171, 4172, 4008, 4013, 4014, 4032, 4054, 4061, 4075, 4106, 4107, 4153, 4174, 4034, 4018, 4111, 4122, 4035, 4073, 4074, 4108, 4109, 4110, 4113, 4154, 4155, 4173, 4178, 4017, 4036, 4076, 4077, 4112, 4116, 4119, 4123, 4156, 4158, 4179, 4078, 4114, 4115, 4117, 4127, 4157, 4159, 4161, 4118, 4128, 4160, 4163, 4129, 4131, 4132, 4164",Delivered between 9am - 1pm,All orders,Delivered between 9am - 1pm,$29.50
81,57270,Delivered by 1pm - Brisbane,"4000, 4205, 4072, 4219, 4222, 4229, 4230, 4005, 4006, 4007, 4010, 4029, 4030, 4059, 4064, 4101, 4102, 4120, 4169, 4170, 4009, 4011, 4012, 4031, 4051, 4053, 4060, 4065, 4066, 4067, 4068, 4103, 4104, 4105, 4121, 4151, 4152, 4171, 4172, 4008, 4013, 4014, 4032, 4054, 4061, 4075, 4106, 4107, 4153, 4174, 4034, 4018, 4111, 4122, 4035, 4073, 4074, 4108, 4109, 4110, 4113, 4154, 4155, 4173, 4178, 4017, 4036, 4076, 4077, 4112, 4116, 4119, 4123, 4156, 4158, 4179, 4078, 4114, 4115, 4117, 4127, 4157, 4159, 4161, 4118, 4128, 4160, 4163, 4129, 4131, 4132, 4164",Exception Product,Restricted For Brisbane,,
82,57267,Delivered by 1pm - Melbourne,"3018, 3021, 3062, 3086, 3137, 3138, 3164, 3199, 3200, 3803, 3805, 3975, 3976, 3022, 3023, 3026, 3027, 3028, 3029, 3033, 3034, 3036, 3037, 3038, 3039, 3040, 3041, 3042, 3043, 3044, 3045, 3046, 3047, 3048, 3049, 3058, 3059, 3060, 3061, 3067, 3070, 3071, 3073, 3074, 3075, 3076, 3082, 3083, 3085, 3087, 3088, 3090, 3093, 3094, 3095, 3105, 3106, 3107, 3130, 3132, 3154, 3165, 3167, 3169, 3171, 3172, 3173, 3174, 3175, 3177, 3184, 3185, 3187, 3188, 3189, 3190, 3191, 3194, 3195, 3196, 3197, 3198, 3201, 3202, 3204, 3802, 3030, 3186, 3192, 3193, 3000, 3002, 3003, 3004, 3006, 3008, 3010, 3011, 3012, 3013, 3015, 3016, 3019, 3020, 3025, 3031, 3032, 3050, 3051, 3052, 3053, 3054, 3055, 3056, 3057, 3065, 3066, 3068, 3072, 3078, 3079, 3081, 3084, 3101, 3102, 3103, 3104, 3108, 3109, 3111, 3121, 3122, 3123, 3124, 3125, 3126, 3127, 3128, 3129, 3131, 3133, 3141, 3142, 3143, 3144, 3145, 3146, 3147, 3148, 3149, 3150, 3151, 3152, 3153, 3155, 3156, 3161, 3162, 3163, 3166, 3168, 3170, 3178, 3179, 3180, 3181, 3182, 3183, 3205, 3206, 3207, 3005, 3134, 3135, 3793, 3136, 3752",Delivered between 9am - 1pm,All orders,Delivered between 9am - 1pm,$29.50
83,57267,Delivered by 1pm - Melbourne,"3018, 3021, 3062, 3086, 3137, 3138, 3164, 3199, 3200, 3803, 3805, 3975, 3976, 3022, 3023, 3026, 3027, 3028, 3029, 3033, 3034, 3036, 3037, 3038, 3039, 3040, 3041, 3042, 3043, 3044, 3045, 3046, 3047, 3048, 3049, 3058, 3059, 3060, 3061, 3067, 3070, 3071, 3073, 3074, 3075, 3076, 3082, 3083, 3085, 3087, 3088, 3090, 3093, 3094, 3095, 3105, 3106, 3107, 3130, 3132, 3154, 3165, 3167, 3169, 3171, 3172, 3173, 3174, 3175, 3177, 3184, 3185, 3187, 3188, 3189, 3190, 3191, 3194, 3195, 3196, 3197, 3198, 3201, 3202, 3204, 3802, 3030, 3186, 3192, 3193, 3000, 3002, 3003, 3004, 3006, 3008, 3010, 3011, 3012, 3013, 3015, 3016, 3019, 3020, 3025, 3031, 3032, 3050, 3051, 3052, 3053, 3054, 3055, 3056, 3057, 3065, 3066, 3068, 3072, 3078, 3079, 3081, 3084, 3101, 3102, 3103, 3104, 3108, 3109, 3111, 3121, 3122, 3123, 3124, 3125, 3126, 3127, 3128, 3129, 3131, 3133, 3141, 3142, 3143, 3144, 3145, 3146, 3147, 3148, 3149, 3150, 3151, 3152, 3153, 3155, 3156, 3161, 3162, 3163, 3166, 3168, 3170, 3178, 3179, 3180, 3181, 3182, 3183, 3205, 3206, 3207, 3005, 3134, 3135, 3793, 3136, 3752",Exception Product,Restricted For Melbourne,,
84,57268,Delivered by 1pm - Perth,"6000, 6083, 6084, 6123, 6003, 6004, 6005, 6006, 6007, 6008, 6009, 6010, 6011, 6012, 6014, 6015, 6016, 6017, 6018, 6019, 6020, 6021, 6022, 6023, 6024, 6025, 6026, 6027, 6029, 6050, 6051, 6052, 6053, 6054, 6055, 6056, 6057, 6058, 6059, 6060, 6061, 6062, 6063, 6064, 6065, 6066, 6068, 6070, 6090, 6100, 6101, 6102, 6103, 6104, 6105, 6106, 6107, 6108, 6109, 6110, 6111, 6112, 6121, 6147, 6148, 6149, 6150, 6151, 6152, 6153, 6154, 6155, 6156, 6157, 6158, 6159, 6160, 6162, 6163, 6164, 6170, 6028, 6030, 6031, 6036, 6067, 6069, 6071, 6072, 6073, 6074, 6076, 6077, 6078, 6079, 6081, 6082, 6122, 6165, 6166, 6167, 6168, 6169, 6171, 6172, 6173",Delivered between 9am - 1pm,All orders,Delivered between 9am - 1pm,$29.50
85,57268,Delivered by 1pm - Perth,"6000, 6083, 6084, 6123, 6003, 6004, 6005, 6006, 6007, 6008, 6009, 6010, 6011, 6012, 6014, 6015, 6016, 6017, 6018, 6019, 6020, 6021, 6022, 6023, 6024, 6025, 6026, 6027, 6029, 6050, 6051, 6052, 6053, 6054, 6055, 6056, 6057, 6058, 6059, 6060, 6061, 6062, 6063, 6064, 6065, 6066, 6068, 6070, 6090, 6100, 6101, 6102, 6103, 6104, 6105, 6106, 6107, 6108, 6109, 6110, 6111, 6112, 6121, 6147, 6148, 6149, 6150, 6151, 6152, 6153, 6154, 6155, 6156, 6157, 6158, 6159, 6160, 6162, 6163, 6164, 6170, 6028, 6030, 6031, 6036, 6067, 6069, 6071, 6072, 6073, 6074, 6076, 6077, 6078, 6079, 6081, 6082, 6122, 6165, 6166, 6167, 6168, 6169, 6171, 6172, 6173",Exception Product,Restricted For Perth,,
86,57266,Delivered by 1pm - sydney,"2000, 2007, 2008, 2009, 2010, 2011, 2015, 2016, 2017, 2018, 2020, 2021, 2022, 2032, 2033, 2037, 2042, 2043, 2044, 2050, 2019, 2023, 2024, 2025, 2026, 2027, 2028, 2029, 2031, 2034, 2035, 2036, 2038, 2039, 2040, 2041, 2045, 2048, 2049, 2193, 2204, 2205, 2206, 2030, 2046, 2047, 2048, 2060, 2061, 2089, 2130, 2131, 2132, 2133, 2194, 2203, 2207, 2208, 2216, 2217, 2218, 2219, 2062, 2063, 2064, 2065, 2066, 2067, 2068, 2069, 2088, 2090, 2092, 2093, 2110, 2111, 2134, 2135, 2136, 2208, 2209, 2220, 2221, 2087, 2094, 2095, 2112, 2113, 2114, 2137, 2138, 2191, 2192, 2195, 2196, 2210, 2222, 2223, 2070, 2071, 2072, 2100, 2122, 2140, 2141, 2143, 2190, 2199, 2200, 2211, 2224, 2228, 2229, 2074, 2075, 2085, 2086, 2096, 2099, 2115, 2116, 2121, 2127, 2128, 2144, 2117, 2142, 2150, 2153, 2160, 2162, 2197, 2212, 2213, 2214, 2225, 2226, 2227, 2230, 2232, 2234, 2073, 2076, 2077, 2097, 2118, 2119, 2163, 2101, 2145, 2151, 2161, 2166, 2231, 2102, 2103, 2120, 2125, 2152, 2164, 2165, 2170, 2172, 2173, 2198, 2233, 2126, 2146, 2147, 2154, 2168, 2177, 2148, 2171, 2176, 2766, 2767, 2155, 2175, 2178, 2763, 2768, 2167, 2179, 2174, 2564, 2557, 2762, 2565, 2759, 2761, 2559, 2566, 2748, 2749, 2760, 2769, 2770, 2558, 2747, 2765, 2567, 2750, 2104, 2106, 2107, 2556, 2555, 2745, 2560, 2079, 2082, 2156, 2158, 2108, 2159, 2081, 2080, 2157, 2570",Delivered between 9am - 1pm,All orders,Delivered between 9am - 1pm,$29.50
87,57266,Delivered by 1pm - sydney,"2000, 2007, 2008, 2009, 2010, 2011, 2015, 2016, 2017, 2018, 2020, 2021, 2022, 2032, 2033, 2037, 2042, 2043, 2044, 2050, 2019, 2023, 2024, 2025, 2026, 2027, 2028, 2029, 2031, 2034, 2035, 2036, 2038, 2039, 2040, 2041, 2045, 2048, 2049, 2193, 2204, 2205, 2206, 2030, 2046, 2047, 2048, 2060, 2061, 2089, 2130, 2131, 2132, 2133, 2194, 2203, 2207, 2208, 2216, 2217, 2218, 2219, 2062, 2063, 2064, 2065, 2066, 2067, 2068, 2069, 2088, 2090, 2092, 2093, 2110, 2111, 2134, 2135, 2136, 2208, 2209, 2220, 2221, 2087, 2094, 2095, 2112, 2113, 2114, 2137, 2138, 2191, 2192, 2195, 2196, 2210, 2222, 2223, 2070, 2071, 2072, 2100, 2122, 2140, 2141, 2143, 2190, 2199, 2200, 2211, 2224, 2228, 2229, 2074, 2075, 2085, 2086, 2096, 2099, 2115, 2116, 2121, 2127, 2128, 2144, 2117, 2142, 2150, 2153, 2160, 2162, 2197, 2212, 2213, 2214, 2225, 2226, 2227, 2230, 2232, 2234, 2073, 2076, 2077, 2097, 2118, 2119, 2163, 2101, 2145, 2151, 2161, 2166, 2231, 2102, 2103, 2120, 2125, 2152, 2164, 2165, 2170, 2172, 2173, 2198, 2233, 2126, 2146, 2147, 2154, 2168, 2177, 2148, 2171, 2176, 2766, 2767, 2155, 2175, 2178, 2763, 2768, 2167, 2179, 2174, 2564, 2557, 2762, 2565, 2759, 2761, 2559, 2566, 2748, 2749, 2760, 2769, 2770, 2558, 2747, 2765, 2567, 2750, 2104, 2106, 2107, 2556, 2555, 2745, 2560, 2079, 2082, 2156, 2158, 2108, 2159, 2081, 2080, 2157, 2570",Exception Product,Restricted For Sydney,,
88,64172,Delivery by 7pm - Canberra,"2911, 2912, 2913, 2914",Delivery by 7pm,All orders,,$24.95
89,64172,Delivery by 7pm - Canberra,"2911, 2912, 2913, 2914",Exception Product,Restricted For Canberra,,
90,39801,Delivery Newcastle,"2302, 2281, 2289, 2284, 2300, 2280, 2290, 2287, 2292, 2308, 2285, 2282, 2318, 2298, 2303, 2296, 2299, 2304, 2293, 2291, 2305, 2307, 2295, 2297, 2306",Delivery Newcastle,All orders,,$24.95
91,39801,Delivery Newcastle,"2302, 2281, 2289, 2284, 2300, 2280, 2290, 2287, 2292, 2308, 2285, 2282, 2318, 2298, 2303, 2296, 2299, 2304, 2293, 2291, 2305, 2307, 2295, 2297, 2306",Exception products,Restricted For Newcastle,,
92,53511,Delivery to Wollongong - $23.95,"2500, 2502, 2505, 2506, 2516, 2517, 2518, 2519, 2520, 2525, 2526, 2527, 2528, 2529, 2530",Delivery to Wollongong,All orders,Delivery to Wollongong,$24.95
93,53511,Delivery to Wollongong - $23.95,"2500, 2502, 2505, 2506, 2516, 2517, 2518, 2519, 2520, 2525, 2526, 2527, 2528, 2529, 2530",Exception Products,Restricted For Wollongong,,
94,53512,Delivery to Wollongong - $29.95,"2508, 2515, 2533, 2534",Delivery to Wollongong,All orders,Delivery to Wollongong,$35.00
95,53512,Delivery to Wollongong - $29.95,"2508, 2515, 2533, 2534",Exception Products,Restricted For Wollongong,,
96,65640,Delivery within 3 hours,"2000, 2089, 2208, 2006, 2007, 2008, 2009, 2010, 2011, 2015, 2016, 2017, 2018, 2019, 2020, 2021, 2022, 2023, 2024, 2025, 2026, 2027, 2028, 2029, 2030, 2031, 2032, 2033, 2034, 2035, 2036, 2037, 2038, 2039, 2040, 2041, 2042, 2043, 2044, 2045, 2046, 2047, 2048, 2049, 2050, 2052, 2060, 2061, 2130, 2131, 2132, 2133, 2203, 2204, 2205, 2206, 2207, 2193, 2194, 2216, 2217, 2218, 2219",Delivery within 3 hours,All orders,,$29.50
97,65640,Delivery within 3 hours,"2000, 2089, 2208, 2006, 2007, 2008, 2009, 2010, 2011, 2015, 2016, 2017, 2018, 2019, 2020, 2021, 2022, 2023, 2024, 2025, 2026, 2027, 2028, 2029, 2030, 2031, 2032, 2033, 2034, 2035, 2036, 2037, 2038, 2039, 2040, 2041, 2042, 2043, 2044, 2045, 2046, 2047, 2048, 2049, 2050, 2052, 2060, 2061, 2130, 2131, 2132, 2133, 2203, 2204, 2205, 2206, 2207, 2193, 2194, 2216, 2217, 2218, 2219",Exception Product,Restricted For Sydney,,
98,55919,Early Afternoon Delivery Canberra,"2600, 2601, 2602, 2603, 2604, 2605, 2606, 2607, 2609, 2611, 2612, 2614, 2615, 2617, 2620, 2900, 2902, 2903, 2904, 2905, 2906, 2911, 2912, 2913, 2914",Early Afternoon Delivery Canberra,All orders,,$24.95
99,55919,Early Afternoon Delivery Canberra,"2600, 2601, 2602, 2603, 2604, 2605, 2606, 2607, 2609, 2611, 2612, 2614, 2615, 2617, 2620, 2900, 2902, 2903, 2904, 2905, 2906, 2911, 2912, 2913, 2914",Exception Products,Restricted For Canberra,,
100,66876,Express Delivery Adelaide,"5000, 5001, 5006, 5007, 5008, 5009, 5010, 5011, 5012, 5013, 5014, 5015, 5016, 5017, 5018, 5019, 5020, 5021, 5022, 5023, 5024, 5025, 5031, 5032, 5033, 5034, 5035, 5037, 5038, 5039, 5040, 5041, 5042, 5043, 5044, 5045, 5046, 5047, 5048, 5049, 5050, 5051, 5052, 5061, 5062, 5063, 5064, 5065, 5066, 5067, 5068, 5069, 5070, 5071, 5072, 5073, 5074, 5075, 5076, 5081, 5082, 5083, 5084, 5085, 5086, 5087, 5088, 5090, 5091, 5092, 5093, 5094, 5095, 5096, 5097, 5098, 5106, 5107, 5108, 5109, 5110, 5111, 5112, 5113, 5114, 5115, 5125, 5126, 5127, 5140, 5158, 5159, 5160, 5161, 5162, 5163, 5164, 5165, 5166, 5168, 5800, 5810, 5839, 5920, 5930, 5942, 5950, 5016, 5018, 5020, 5022, 5025, 5040, 5041, 5043, 5047, 5049, 5052, 5062, 5064, 5066, 5068, 5071, 5072, 5074, 5075, 5076, 5082, 5085, 5086, 5089, 5090, 5091, 5093, 5097, 5106, 5116, 5117, 5118, 5120, 5121, 5129, 5130, 5132, 5133, 5134, 5136, 5137, 5138, 5139, 5140, 5141, 5142, 5144, 5150, 5151, 5152, 5154, 5155, 5156, 5158, 5159, 5161, 5163, 5164, 5165, 5166, 5167, 5169",Express Delivery Adelaide,All orders,"Express Delivery Adelaide
          
          
            Delivered within 2-4 hours",$39.00
101,66876,Express Delivery Adelaide,"5000, 5001, 5006, 5007, 5008, 5009, 5010, 5011, 5012, 5013, 5014, 5015, 5016, 5017, 5018, 5019, 5020, 5021, 5022, 5023, 5024, 5025, 5031, 5032, 5033, 5034, 5035, 5037, 5038, 5039, 5040, 5041, 5042, 5043, 5044, 5045, 5046, 5047, 5048, 5049, 5050, 5051, 5052, 5061, 5062, 5063, 5064, 5065, 5066, 5067, 5068, 5069, 5070, 5071, 5072, 5073, 5074, 5075, 5076, 5081, 5082, 5083, 5084, 5085, 5086, 5087, 5088, 5090, 5091, 5092, 5093, 5094, 5095, 5096, 5097, 5098, 5106, 5107, 5108, 5109, 5110, 5111, 5112, 5113, 5114, 5115, 5125, 5126, 5127, 5140, 5158, 5159, 5160, 5161, 5162, 5163, 5164, 5165, 5166, 5168, 5800, 5810, 5839, 5920, 5930, 5942, 5950, 5016, 5018, 5020, 5022, 5025, 5040, 5041, 5043, 5047, 5049, 5052, 5062, 5064, 5066, 5068, 5071, 5072, 5074, 5075, 5076, 5082, 5085, 5086, 5089, 5090, 5091, 5093, 5097, 5106, 5116, 5117, 5118, 5120, 5121, 5129, 5130, 5132, 5133, 5134, 5136, 5137, 5138, 5139, 5140, 5141, 5142, 5144, 5150, 5151, 5152, 5154, 5155, 5156, 5158, 5159, 5161, 5163, 5164, 5165, 5166, 5167, 5169",Exception Products,Restricted For Adelaide,,
102,66878,Express Delivery Perth,"6000, 6003, 6004, 6005, 6006, 6007, 6008, 6009, 6010, 6011, 6012, 6014, 6015, 6016, 6017, 6018, 6019, 6020, 6021, 6022, 6023, 6024, 6025, 6026, 6027, 6029, 6050, 6051, 6052, 6053, 6054, 6055, 6056, 6057, 6058, 6059, 6060, 6061, 6062, 6063, 6064, 6065, 6066, 6068, 6070, 6090, 6100, 6101, 6102, 6103, 6104, 6105, 6106, 6107, 6108, 6109, 6110, 6111, 6112, 6121, 6147, 6148, 6149, 6150, 6151, 6152, 6153, 6154, 6155, 6156, 6157, 6158, 6159, 6028, 6030, 6031, 6036, 6067, 6069, 6071, 6072, 6073, 6074, 6076, 6081, 6082, 6083, 6084, 6123, 6122",Express Delivery Perth,All orders,"Express Delivery Perth
          
          
            Delivered within 2-4 hours",$39.00
103,66878,Express Delivery Perth,"6000, 6003, 6004, 6005, 6006, 6007, 6008, 6009, 6010, 6011, 6012, 6014, 6015, 6016, 6017, 6018, 6019, 6020, 6021, 6022, 6023, 6024, 6025, 6026, 6027, 6029, 6050, 6051, 6052, 6053, 6054, 6055, 6056, 6057, 6058, 6059, 6060, 6061, 6062, 6063, 6064, 6065, 6066, 6068, 6070, 6090, 6100, 6101, 6102, 6103, 6104, 6105, 6106, 6107, 6108, 6109, 6110, 6111, 6112, 6121, 6147, 6148, 6149, 6150, 6151, 6152, 6153, 6154, 6155, 6156, 6157, 6158, 6159, 6028, 6030, 6031, 6036, 6067, 6069, 6071, 6072, 6073, 6074, 6076, 6081, 6082, 6083, 6084, 6123, 6122",Exception Product,"Restricted For Perth,Restricted for Perth",,
104,66913,Express Delivery Perth - $49,"6160, 6162, 6163, 6164",Express Delivery Perth,All orders,"Express Delivery Perth
          
          
            Delivered within 2-4 hours",$49.00
105,66913,Express Delivery Perth - $49,"6160, 6162, 6163, 6164",Exception Product,"Restricted For Perth,Restricted for Perth",,
106,66914,Express Delivery Perth - $59,"6165, 6166, 6167",Express Delivery Perth,All orders,"Express Delivery Perth
          
          
            Delivered within 2-4 hours",$59.00
107,66914,Express Delivery Perth - $59,"6165, 6166, 6167",Exception Product,"Restricted For Perth,Restricted for Perth",,
108,66912,Express Delivery Perth - $69,"6168, 6169, 6170, 6171, 6172, 6173",Express Delivery Perth,All orders,"Express Delivery Perth
          
          
            Delivered within 2-4 hours",$69.00
109,66912,Express Delivery Perth - $69,"6168, 6169, 6170, 6171, 6172, 6173",Exception Product,"Restricted For Perth,Restricted for Perth",,
110,48911,Express Shipping - $39,"2000, 2007, 2008, 2009, 2010, 2011, 2015, 2016, 2017, 2018, 2020, 2021, 2022, 2032, 2033, 2037, 2042, 2043, 2044, 2050, 2019, 2023, 2024, 2025, 2026, 2027, 2028, 2029, 2031, 2034, 2035, 2036, 2038, 2039, 2040, 2041, 2045, 2048, 2049, 2193, 2204, 2205, 2206, 2030, 2046, 2047, 2048, 2060, 2061, 2089, 2130, 2131, 2132, 2133, 2194, 2203, 2207, 2208, 2216, 2217, 2218, 2219",Express Shipping,All orders,"Express Shipping
          
          
            Delivered within 1-3 hours",$45.00
111,48911,Express Shipping - $39,"2000, 2007, 2008, 2009, 2010, 2011, 2015, 2016, 2017, 2018, 2020, 2021, 2022, 2032, 2033, 2037, 2042, 2043, 2044, 2050, 2019, 2023, 2024, 2025, 2026, 2027, 2028, 2029, 2031, 2034, 2035, 2036, 2038, 2039, 2040, 2041, 2045, 2048, 2049, 2193, 2204, 2205, 2206, 2030, 2046, 2047, 2048, 2060, 2061, 2089, 2130, 2131, 2132, 2133, 2194, 2203, 2207, 2208, 2216, 2217, 2218, 2219",Exception Products,Restricted For Sydney,,
112,46653,Express Weekend Delivery,"2000, 2007, 2008, 2009, 2010, 2011, 2015, 2016, 2017, 2018, 2020, 2021, 2022, 2032, 2033, 2037, 2042, 2043, 2044, 2050, 2019, 2023, 2024, 2025, 2026, 2027, 2028, 2029, 2031, 2034, 2035, 2036, 2038, 2039, 2040, 2041, 2045, 2048, 2049, 2193, 2204, 2205, 2206, 2030, 2046, 2047, 2048, 2060, 2061, 2089, 2130, 2131, 2132, 2133, 2194, 2203, 2207, 2208, 2216, 2217, 2218, 2219",Express Weekend Delivery,All orders,Express Weekend Delivery,$39.00
113,46653,Express Weekend Delivery,"2000, 2007, 2008, 2009, 2010, 2011, 2015, 2016, 2017, 2018, 2020, 2021, 2022, 2032, 2033, 2037, 2042, 2043, 2044, 2050, 2019, 2023, 2024, 2025, 2026, 2027, 2028, 2029, 2031, 2034, 2035, 2036, 2038, 2039, 2040, 2041, 2045, 2048, 2049, 2193, 2204, 2205, 2206, 2030, 2046, 2047, 2048, 2060, 2061, 2089, 2130, 2131, 2132, 2133, 2194, 2203, 2207, 2208, 2216, 2217, 2218, 2219",Exception Products,Restricted For Sydney,,
114,53407,Gold Coast Afternoon Delivery,"4209, 4210, 4211, 4216, 4223, 4550, 4212, 4214, 4215, 4216, 4217, 4218, 4219, 4220, 4221, 4222, 4223, 4224, 4225, 4226, 4227, 4229, 4230",Gold Coast Afternoon Delivery,All orders,,$24.95
115,53407,Gold Coast Afternoon Delivery,"4209, 4210, 4211, 4216, 4223, 4550, 4212, 4214, 4215, 4216, 4217, 4218, 4219, 4220, 4221, 4222, 4223, 4224, 4225, 4226, 4227, 4229, 4230",Exception Products,Restricted For Gold Coast,,
116,57534,Gold Coast Mothers Day Delivery,"4211, 4216, 4223, 4500, 4209, 4210, 4212, 4214, 4215, 4217, 4218, 4219, 4220, 4221, 4222, 4224, 4225, 4226, 4227, 4229, 4230",Mother's Day Sunday Delivery Gold Coast,All orders,Mother's Day Sunday Delivery Gold Coast,$24.95
117,57534,Gold Coast Mothers Day Delivery,"4211, 4216, 4223, 4500, 4209, 4210, 4212, 4214, 4215, 4217, 4218, 4219, 4220, 4221, 4222, 4224, 4225, 4226, 4227, 4229, 4230",Exception Product,Restricted For Gold Coast,,
118,57533,Gold Coast Mothers Day Delivery Sat,"4211, 4216, 4223, 4500, 4209, 4210, 4212, 4214, 4215, 4217, 4218, 4219, 4220, 4221, 4222, 4224, 4225, 4226, 4227, 4229, 4230",Mother's Day Saturday Delivery Gold Coast,All orders,Mother's Day Saturday Delivery Gold Coast,$24.95
119,57533,Gold Coast Mothers Day Delivery Sat,"4211, 4216, 4223, 4500, 4209, 4210, 4212, 4214, 4215, 4217, 4218, 4219, 4220, 4221, 4222, 4224, 4225, 4226, 4227, 4229, 4230",Exception Product,Restricted For Gold Coast,,
120,56234,Gold Coast Sunday Delivery,"4209, 4210, 4211, 4212, 4214, 4215, 4216, 4217, 4218, 4220, 4221, 4223, 4224, 4225, 4226, 4227, 4228",Gold Coast Sunday Delivery,All orders,Gold Coast Sunday Delivery,$23.95
121,56234,Gold Coast Sunday Delivery,"4209, 4210, 4211, 4212, 4214, 4215, 4216, 4217, 4218, 4220, 4221, 4223, 4224, 4225, 4226, 4227, 4228",Exception Products,Restricted For Gold Coast,,
122,58014,Guaranteed by 5pm Canberra,"2600, 2601, 2602, 2603, 2604, 2605, 2606, 2607, 2609, 2611, 2612, 2614, 2615, 2617, 2619, 2620, 2900, 2902, 2903, 2904, 2905, 2906, 2911, 2912, 2913, 2914",Guaranteed by 5pm Canberra,All orders,,$24.95
123,58014,Guaranteed by 5pm Canberra,"2600, 2601, 2602, 2603, 2604, 2605, 2606, 2607, 2609, 2611, 2612, 2614, 2615, 2617, 2619, 2620, 2900, 2902, 2903, 2904, 2905, 2906, 2911, 2912, 2913, 2914",Exception Product,Restricted For Canberra,,
124,52723,Guaranteed by 3pm Delivery,"2069, 2092, 2093, 2087, 2094, 2095, 2113, 2114, 2070, 2071, 2072, 2100, 2122, 2143, 2190, 2199, 2200, 2210, 2211, 2224, 2228, 2229, 2074, 2075, 2085, 2086, 2096, 2099, 2115, 2116, 2121, 2127, 2128, 2144, 2117, 2142, 2150, 2153, 2160, 2162, 2197, 2212, 2213, 2214, 2225, 2226, 2227, 2230, 2232, 2234, 2073, 2076, 2077, 2097, 2118, 2119, 2163, 2101, 2145, 2151, 2161, 2166, 2231, 2102, 2103, 2120, 2125, 2152, 2164, 2165, 2170, 2172, 2173, 2198, 2233, 2126, 2146, 2147, 2154, 2168, 2177, 2148, 2171, 2176, 2766, 2767, 2155, 2175, 2178, 2763, 2768, 2167, 2179, 2174, 2564, 2557, 2762, 2565, 2761, 2559, 2566, 2748, 2749, 2760, 2769, 2770, 2558, 2560, 2747, 2765, 2567, 2750",Guaranteed by 3pm Delivery,All orders,,$55.00
125,52723,Guaranteed by 3pm Delivery,"2069, 2092, 2093, 2087, 2094, 2095, 2113, 2114, 2070, 2071, 2072, 2100, 2122, 2143, 2190, 2199, 2200, 2210, 2211, 2224, 2228, 2229, 2074, 2075, 2085, 2086, 2096, 2099, 2115, 2116, 2121, 2127, 2128, 2144, 2117, 2142, 2150, 2153, 2160, 2162, 2197, 2212, 2213, 2214, 2225, 2226, 2227, 2230, 2232, 2234, 2073, 2076, 2077, 2097, 2118, 2119, 2163, 2101, 2145, 2151, 2161, 2166, 2231, 2102, 2103, 2120, 2125, 2152, 2164, 2165, 2170, 2172, 2173, 2198, 2233, 2126, 2146, 2147, 2154, 2168, 2177, 2148, 2171, 2176, 2766, 2767, 2155, 2175, 2178, 2763, 2768, 2167, 2179, 2174, 2564, 2557, 2762, 2565, 2761, 2559, 2566, 2748, 2749, 2760, 2769, 2770, 2558, 2560, 2747, 2765, 2567, 2750",Exception Products,Restricted For Sydney,,
126,65274,Guaranteed by 3pm Delivery $85,2759,Guaranteed by 3pm Delivery,All orders,,$69.00
127,65274,Guaranteed by 3pm Delivery $85,2759,Exception Products,Restricted For Sydney,,
128,64993,Guaranteed by 3pm Saturday Delivery,2567,Guaranteed by 3pm Saturday Delivery,All orders,,$89.00
129,64993,Guaranteed by 3pm Saturday Delivery,2567,Exception Product,Restricted For Sydney,,
130,57685,Guaranteed by 3pm Sydney Local,"2000, 2007, 2008, 2009, 2010, 2011, 2015, 2016, 2017, 2018, 2019, 2020, 2021, 2022, 2023, 2024, 2025, 2026, 2027, 2028, 2029, 2030, 2031, 2032, 2033, 2034, 2035, 2036, 2037, 2038, 2039, 2040, 2041, 2042, 2043, 2044, 2045, 2046, 2047, 2048, 2048, 2049, 2050, 2060, 2061, 2062, 2063, 2064, 2065, 2066, 2067, 2068, 2088, 2089, 2090, 2110, 2111, 2112, 2130, 2131, 2132, 2133, 2134, 2135, 2136, 2137, 2138, 2140, 2141, 2191, 2192, 2193, 2194, 2195, 2196, 2203, 2204, 2205, 2206, 2207, 2208, 2209, 2216, 2217, 2218, 2219, 2220, 2221, 2222, 2223",Guaranteed by 3pm Delivery,All orders,Guaranteed by 3pm Delivery,$45.00
131,57685,Guaranteed by 3pm Sydney Local,"2000, 2007, 2008, 2009, 2010, 2011, 2015, 2016, 2017, 2018, 2019, 2020, 2021, 2022, 2023, 2024, 2025, 2026, 2027, 2028, 2029, 2030, 2031, 2032, 2033, 2034, 2035, 2036, 2037, 2038, 2039, 2040, 2041, 2042, 2043, 2044, 2045, 2046, 2047, 2048, 2048, 2049, 2050, 2060, 2061, 2062, 2063, 2064, 2065, 2066, 2067, 2068, 2088, 2089, 2090, 2110, 2111, 2112, 2130, 2131, 2132, 2133, 2134, 2135, 2136, 2137, 2138, 2140, 2141, 2191, 2192, 2193, 2194, 2195, 2196, 2203, 2204, 2205, 2206, 2207, 2208, 2209, 2216, 2217, 2218, 2219, 2220, 2221, 2222, 2223",Exception Product,Restricted For Sydney,,
132,61916,Guaranteed by 3pm Wollongong,"2508, 2515, 2500, 2502, 2505, 2506, 2516, 2517, 2518, 2519, 2520, 2525, 2526, 2527, 2528, 2529, 2530, 2533, 2534",Guaranteed by 3pm Delivery,All orders,Guaranteed by 3pm Delivery,$35.00
133,61916,Guaranteed by 3pm Wollongong,"2508, 2515, 2500, 2502, 2505, 2506, 2516, 2517, 2518, 2519, 2520, 2525, 2526, 2527, 2528, 2529, 2530, 2533, 2534",Exception Product,Restricted For Wollongong,,
134,56549,Guaranteed Delivery by 5pm,"2000, 2089, 2208, 2006, 2007, 2008, 2009, 2010, 2011, 2015, 2016, 2017, 2018, 2019, 2020, 2021, 2022, 2023, 2024, 2025, 2026, 2027, 2028, 2029, 2030, 2031, 2032, 2033, 2034, 2035, 2036, 2037, 2038, 2039, 2040, 2041, 2042, 2043, 2044, 2045, 2046, 2047, 2048, 2049, 2050, 2052, 2060, 2061, 2130, 2131, 2132, 2133, 2203, 2204, 2205, 2206, 2207, 2193, 2194, 2216, 2217, 2218, 2219",Guaranteed Delivery by 5pm,All orders,,$26.95
135,56549,Guaranteed Delivery by 5pm,"2000, 2089, 2208, 2006, 2007, 2008, 2009, 2010, 2011, 2015, 2016, 2017, 2018, 2019, 2020, 2021, 2022, 2023, 2024, 2025, 2026, 2027, 2028, 2029, 2030, 2031, 2032, 2033, 2034, 2035, 2036, 2037, 2038, 2039, 2040, 2041, 2042, 2043, 2044, 2045, 2046, 2047, 2048, 2049, 2050, 2052, 2060, 2061, 2130, 2131, 2132, 2133, 2203, 2204, 2205, 2206, 2207, 2193, 2194, 2216, 2217, 2218, 2219",Exception Product,Restricted For Sydney,,
136,55920,Late Afternoon Delivery Canberra,"2600, 2601, 2602, 2603, 2604, 2605, 2606, 2607, 2609, 2611, 2612, 2614, 2615, 2617, 2620, 2900, 2902, 2903, 2904, 2905, 2906, 2911, 2912, 2913, 2914",Late Afternoon Delivery Canberra,All orders,,$24.95
137,55920,Late Afternoon Delivery Canberra,"2600, 2601, 2602, 2603, 2604, 2605, 2606, 2607, 2609, 2611, 2612, 2614, 2615, 2617, 2620, 2900, 2902, 2903, 2904, 2905, 2906, 2911, 2912, 2913, 2914",Exception Products,Restricted For Canberra,,
138,57524,Melbourne Mothers Day Delivery Sun,"3018, 3021, 3022, 3023, 3026, 3027, 3028, 3029, 3033, 3034, 3036, 3037, 3038, 3039, 3040, 3041, 3042, 3043, 3044, 3045, 3046, 3047, 3048, 3049, 3058, 3059, 3062, 3086, 3137, 3138, 3164, 3199, 3200, 3752, 3803, 3805, 3975, 3976, 3752, 3060, 3061, 3067, 3070, 3071, 3073, 3074, 3075, 3076, 3082, 3083, 3085, 3087, 3088, 3090, 3093, 3094, 3095, 3105, 3106, 3107, 3130, 3132, 3154, 3165, 3167, 3169, 3171, 3172, 3173, 3174, 3175, 3177, 3184, 3185, 3187, 3188, 3189, 3190, 3191, 3194, 3195, 3196, 3197, 3198, 3201, 3202, 3204, 3802, 3030, 3186, 3192, 3193, 3000, 3002, 3003, 3004, 3006, 3008, 3010, 3011, 3012, 3013, 3015, 3016, 3019, 3020, 3025, 3031, 3032, 3050, 3051, 3052, 3053, 3054, 3055, 3056, 3057, 3065, 3066, 3068, 3072, 3078, 3079, 3081, 3084, 3101, 3102, 3103, 3104, 3108, 3109, 3111, 3121, 3122, 3123, 3124, 3125, 3126, 3127, 3128, 3129, 3131, 3133, 3141, 3142, 3143, 3144, 3145, 3146, 3147, 3148, 3149, 3150, 3151, 3152, 3153, 3155, 3156, 3161, 3162, 3163, 3166, 3168, 3170, 3178, 3179, 3180, 3181, 3182, 3183, 3205, 3206, 3207, 3005, 3134, 3135, 3793, 3136",Mother's Day Sunday Delivery Melbourne,All orders,Mother's Day Sunday Delivery Melbourne,$24.95
139,57524,Melbourne Mothers Day Delivery Sun,"3018, 3021, 3022, 3023, 3026, 3027, 3028, 3029, 3033, 3034, 3036, 3037, 3038, 3039, 3040, 3041, 3042, 3043, 3044, 3045, 3046, 3047, 3048, 3049, 3058, 3059, 3062, 3086, 3137, 3138, 3164, 3199, 3200, 3752, 3803, 3805, 3975, 3976, 3752, 3060, 3061, 3067, 3070, 3071, 3073, 3074, 3075, 3076, 3082, 3083, 3085, 3087, 3088, 3090, 3093, 3094, 3095, 3105, 3106, 3107, 3130, 3132, 3154, 3165, 3167, 3169, 3171, 3172, 3173, 3174, 3175, 3177, 3184, 3185, 3187, 3188, 3189, 3190, 3191, 3194, 3195, 3196, 3197, 3198, 3201, 3202, 3204, 3802, 3030, 3186, 3192, 3193, 3000, 3002, 3003, 3004, 3006, 3008, 3010, 3011, 3012, 3013, 3015, 3016, 3019, 3020, 3025, 3031, 3032, 3050, 3051, 3052, 3053, 3054, 3055, 3056, 3057, 3065, 3066, 3068, 3072, 3078, 3079, 3081, 3084, 3101, 3102, 3103, 3104, 3108, 3109, 3111, 3121, 3122, 3123, 3124, 3125, 3126, 3127, 3128, 3129, 3131, 3133, 3141, 3142, 3143, 3144, 3145, 3146, 3147, 3148, 3149, 3150, 3151, 3152, 3153, 3155, 3156, 3161, 3162, 3163, 3166, 3168, 3170, 3178, 3179, 3180, 3181, 3182, 3183, 3205, 3206, 3207, 3005, 3134, 3135, 3793, 3136",Exception Products,Restricted For Melbourne,,
140,53383,Melbourne Saturday Delivery,"3000, 3136, 3002, 3003, 3004, 3006, 3008, 3010, 3011, 3012, 3013, 3015, 3016, 3019, 3020, 3025, 3031, 3032, 3050, 3051, 3052, 3053, 3054, 3055, 3056, 3057, 3065, 3066, 3068, 3072, 3078, 3079, 3081, 3084, 3101, 3102, 3103, 3104, 3108, 3109, 3111, 3121, 3122, 3123, 3124, 3125, 3126, 3127, 3128, 3129, 3131, 3133, 3134, 3135, 3141, 3142, 3143, 3144, 3145, 3146, 3147, 3148, 3149, 3150, 3151, 3152, 3153, 3155, 3156, 3161, 3162, 3163, 3166, 3168, 3170, 3178, 3179, 3180, 3181, 3182, 3183, 3205, 3206, 3207, 3018, 3021, 3022, 3023, 3026, 3027, 3028, 3029, 3033, 3034, 3036, 3037, 3038, 3039, 3040, 3041, 3042, 3043, 3044, 3045, 3046, 3047, 3048, 3049, 3058, 3059, 3060, 3061, 3067, 3070, 3071, 3073, 3074, 3075, 3076, 3082, 3083, 3085, 3087, 3088, 3090, 3093, 3094, 3095, 3105, 3106, 3107, 3130, 3132, 3154, 3165, 3167, 3169, 3171, 3172, 3173, 3174, 3175, 3177, 3184, 3185, 3187, 3188, 3189, 3190, 3191, 3194, 3195, 3196, 3197, 3198, 3201, 3202, 3204, 3802, 3030, 3186, 3192, 3193, 3005, 3793, 3062, 3086, 3137, 3138, 3164, 3199, 3200, 3752, 3803, 3805, 3975, 3976, 3752",Melbourne Saturday Delivery,All orders,,$24.95
141,53383,Melbourne Saturday Delivery,"3000, 3136, 3002, 3003, 3004, 3006, 3008, 3010, 3011, 3012, 3013, 3015, 3016, 3019, 3020, 3025, 3031, 3032, 3050, 3051, 3052, 3053, 3054, 3055, 3056, 3057, 3065, 3066, 3068, 3072, 3078, 3079, 3081, 3084, 3101, 3102, 3103, 3104, 3108, 3109, 3111, 3121, 3122, 3123, 3124, 3125, 3126, 3127, 3128, 3129, 3131, 3133, 3134, 3135, 3141, 3142, 3143, 3144, 3145, 3146, 3147, 3148, 3149, 3150, 3151, 3152, 3153, 3155, 3156, 3161, 3162, 3163, 3166, 3168, 3170, 3178, 3179, 3180, 3181, 3182, 3183, 3205, 3206, 3207, 3018, 3021, 3022, 3023, 3026, 3027, 3028, 3029, 3033, 3034, 3036, 3037, 3038, 3039, 3040, 3041, 3042, 3043, 3044, 3045, 3046, 3047, 3048, 3049, 3058, 3059, 3060, 3061, 3067, 3070, 3071, 3073, 3074, 3075, 3076, 3082, 3083, 3085, 3087, 3088, 3090, 3093, 3094, 3095, 3105, 3106, 3107, 3130, 3132, 3154, 3165, 3167, 3169, 3171, 3172, 3173, 3174, 3175, 3177, 3184, 3185, 3187, 3188, 3189, 3190, 3191, 3194, 3195, 3196, 3197, 3198, 3201, 3202, 3204, 3802, 3030, 3186, 3192, 3193, 3005, 3793, 3062, 3086, 3137, 3138, 3164, 3199, 3200, 3752, 3803, 3805, 3975, 3976, 3752",Exception Products,Restricted For Melbourne,,
142,53040,Melbourne Saturday Mothers Day Delivery,"3062, 3086, 3137, 3138, 3164, 3199, 3200, 3752, 3803, 3805, 3975, 3976, 3752, 3018, 3021, 3022, 3023, 3026, 3027, 3028, 3029, 3033, 3034, 3036, 3037, 3038, 3039, 3040, 3041, 3042, 3043, 3044, 3045, 3046, 3047, 3048, 3049, 3058, 3059, 3060, 3061, 3067, 3070, 3071, 3073, 3074, 3075, 3076, 3082, 3083, 3085, 3087, 3088, 3090, 3093, 3094, 3095, 3105, 3106, 3107, 3130, 3132, 3154, 3165, 3167, 3169, 3171, 3172, 3173, 3174, 3175, 3177, 3184, 3185, 3187, 3188, 3189, 3190, 3191, 3194, 3195, 3196, 3197, 3198, 3201, 3202, 3204, 3802, 3030, 3186, 3192, 3193, 3000, 3002, 3003, 3004, 3006, 3008, 3010, 3011, 3012, 3013, 3015, 3016, 3019, 3020, 3025, 3031, 3032, 3050, 3051, 3052, 3053, 3054, 3055, 3056, 3057, 3065, 3066, 3068, 3072, 3078, 3079, 3081, 3084, 3101, 3102, 3103, 3104, 3108, 3109, 3111, 3121, 3122, 3123, 3124, 3125, 3126, 3127, 3128, 3129, 3131, 3133, 3141, 3142, 3143, 3144, 3145, 3146, 3147, 3148, 3149, 3150, 3151, 3152, 3153, 3155, 3156, 3161, 3162, 3163, 3166, 3168, 3170, 3178, 3179, 3180, 3181, 3182, 3183, 3205, 3206, 3207, 3005, 3134, 3135, 3793, 3136",Mother's Day Saturday Delivery Melbourne,All orders,Mother's Day Saturday Delivery Melbourne,$24.95
143,53040,Melbourne Saturday Mothers Day Delivery,"3062, 3086, 3137, 3138, 3164, 3199, 3200, 3752, 3803, 3805, 3975, 3976, 3752, 3018, 3021, 3022, 3023, 3026, 3027, 3028, 3029, 3033, 3034, 3036, 3037, 3038, 3039, 3040, 3041, 3042, 3043, 3044, 3045, 3046, 3047, 3048, 3049, 3058, 3059, 3060, 3061, 3067, 3070, 3071, 3073, 3074, 3075, 3076, 3082, 3083, 3085, 3087, 3088, 3090, 3093, 3094, 3095, 3105, 3106, 3107, 3130, 3132, 3154, 3165, 3167, 3169, 3171, 3172, 3173, 3174, 3175, 3177, 3184, 3185, 3187, 3188, 3189, 3190, 3191, 3194, 3195, 3196, 3197, 3198, 3201, 3202, 3204, 3802, 3030, 3186, 3192, 3193, 3000, 3002, 3003, 3004, 3006, 3008, 3010, 3011, 3012, 3013, 3015, 3016, 3019, 3020, 3025, 3031, 3032, 3050, 3051, 3052, 3053, 3054, 3055, 3056, 3057, 3065, 3066, 3068, 3072, 3078, 3079, 3081, 3084, 3101, 3102, 3103, 3104, 3108, 3109, 3111, 3121, 3122, 3123, 3124, 3125, 3126, 3127, 3128, 3129, 3131, 3133, 3141, 3142, 3143, 3144, 3145, 3146, 3147, 3148, 3149, 3150, 3151, 3152, 3153, 3155, 3156, 3161, 3162, 3163, 3166, 3168, 3170, 3178, 3179, 3180, 3181, 3182, 3183, 3205, 3206, 3207, 3005, 3134, 3135, 3793, 3136",Exception Products,Restricted For Melbourne,,
144,47065,Melbourne Special Delivery,"3000, 3002, 3003, 3004, 3006, 3008, 3010, 3011, 3012, 3013, 3015, 3016, 3019, 3020, 3031, 3032, 3050, 3051, 3052, 3053, 3054, 3055, 3056, 3057, 3065, 3066, 3068, 3072, 3078, 3079, 3081, 3084, 3101, 3102, 3103, 3104, 3108, 3109, 3111, 3121, 3122, 3123, 3124, 3125, 3126, 3127, 3128, 3129, 3131, 3133, 3141, 3142, 3143, 3144, 3145, 3146, 3147, 3148, 3149, 3150, 3151, 3152, 3153, 3155, 3156, 3161, 3162, 3163, 3166, 3168, 3170, 3178, 3179, 3180, 3181, 3182, 3183, 3205, 3206, 3207, 3005, 3134, 3135, 3793, 3062, 3086, 3137, 3138, 3164, 3199, 3200, 3752, 3803, 3805, 3975, 3086, 3137, 3138, 3164, 3199, 3200, 3752, 3803, 3805, 3975, 3976, 3752",Melbourne Special Delivery,All orders,,$35.00
145,47065,Melbourne Special Delivery,"3000, 3002, 3003, 3004, 3006, 3008, 3010, 3011, 3012, 3013, 3015, 3016, 3019, 3020, 3031, 3032, 3050, 3051, 3052, 3053, 3054, 3055, 3056, 3057, 3065, 3066, 3068, 3072, 3078, 3079, 3081, 3084, 3101, 3102, 3103, 3104, 3108, 3109, 3111, 3121, 3122, 3123, 3124, 3125, 3126, 3127, 3128, 3129, 3131, 3133, 3141, 3142, 3143, 3144, 3145, 3146, 3147, 3148, 3149, 3150, 3151, 3152, 3153, 3155, 3156, 3161, 3162, 3163, 3166, 3168, 3170, 3178, 3179, 3180, 3181, 3182, 3183, 3205, 3206, 3207, 3005, 3134, 3135, 3793, 3062, 3086, 3137, 3138, 3164, 3199, 3200, 3752, 3803, 3805, 3975, 3086, 3137, 3138, 3164, 3199, 3200, 3752, 3803, 3805, 3975, 3976, 3752",Exception Products,Restricted For Melbourne,,
146,54909,Melbourne Special Delivery - $40,3136,Melbourne Special Delivery,All orders,Melbourne Special Delivery,$40.00
147,54909,Melbourne Special Delivery - $40,3136,Exception Products,Restricted For Melbourne,,
148,54968,Morning Delivery - 1PM,"4000, 4205, 4072, 4219, 4222, 4229, 4230, 4005, 4006, 4007, 4008, 4009, 4010, 4011, 4012, 4013, 4014, 4017, 4018, 4029, 4030, 4031, 4032, 4034, 4035, 4036, 4051, 4053, 4054, 4059, 4060, 4061, 4064, 4065, 4066, 4067, 4068, 4073, 4074, 4075, 4076, 4077, 4078, 4101, 4102, 4103, 4104, 4105, 4106, 4107, 4108, 4109, 4110, 4111, 4112, 4113, 4114, 4115, 4116, 4117, 4118, 4119, 4120, 4121, 4151, 4122, 4123, 4127, 4128, 4129, 4131, 4132, 4152, 4153, 4154, 4155, 4156, 4157, 4158, 4159, 4160, 4161, 4163, 4164, 4169, 4170, 4171, 4172, 4173, 4174, 4178, 4179",Morning Delivery - 1PM,All orders,,$24.95
149,54968,Morning Delivery - 1PM,"4000, 4205, 4072, 4219, 4222, 4229, 4230, 4005, 4006, 4007, 4008, 4009, 4010, 4011, 4012, 4013, 4014, 4017, 4018, 4029, 4030, 4031, 4032, 4034, 4035, 4036, 4051, 4053, 4054, 4059, 4060, 4061, 4064, 4065, 4066, 4067, 4068, 4073, 4074, 4075, 4076, 4077, 4078, 4101, 4102, 4103, 4104, 4105, 4106, 4107, 4108, 4109, 4110, 4111, 4112, 4113, 4114, 4115, 4116, 4117, 4118, 4119, 4120, 4121, 4151, 4122, 4123, 4127, 4128, 4129, 4131, 4132, 4152, 4153, 4154, 4155, 4156, 4157, 4158, 4159, 4160, 4161, 4163, 4164, 4169, 4170, 4171, 4172, 4173, 4174, 4178, 4179",Exception Products,Restricted For Brisbane,,
150,62084,Mount Hunter Special Delivery,2570,Mount Hunter Special Delivery,All orders,,$99.00
151,62084,Mount Hunter Special Delivery,2570,Exception products,Restricted For Sydney,,
152,62085,Nattai Special Delivery,2570,Nattai Special Delivery,All orders,,$85.00
153,62085,Nattai Special Delivery,2570,Exception products,Restricted For Sydney,,
154,57525,Newcastle Mothers Day Delivery sun,"2289, 2284, 2300, 2280, 2290, 2287, 2292, 2308, 2285, 2282, 2318, 2298, 2303, 2296, 2299, 2304, 2293, 2291, 2305, 2307, 2295, 2297, 2306, 2281, 2302",Mother's Day Sunday Delivery Newcastle,All orders,Mother's Day Sunday Delivery Newcastle,$24.95
155,57525,Newcastle Mothers Day Delivery sun,"2289, 2284, 2300, 2280, 2290, 2287, 2292, 2308, 2285, 2282, 2318, 2298, 2303, 2296, 2299, 2304, 2293, 2291, 2305, 2307, 2295, 2297, 2306, 2281, 2302",Exception Products,Restricted For Newcastle,,
156,52948,Newcastle Saturday Mothers Day Delivery,"2289, 2284, 2300, 2280, 2290, 2287, 2292, 2308, 2285, 2282, 2318, 2298, 2303, 2296, 2299, 2304, 2293, 2291, 2305, 2307, 2295, 2297, 2306, 2281, 2302",Mother's Day Saturday Delivery Newcastle,All orders,Mother's Day Saturday Delivery Newcastle,$24.95
157,52948,Newcastle Saturday Mothers Day Delivery,"2289, 2284, 2300, 2280, 2290, 2287, 2292, 2308, 2285, 2282, 2318, 2298, 2303, 2296, 2299, 2304, 2293, 2291, 2305, 2307, 2295, 2297, 2306, 2281, 2302",Exception Products,Restricted For Newcastle,,
158,39800,Next Day Newcastle,"2302, 2281, 2289, 2284, 2300, 2280, 2290, 2287, 2292, 2308, 2285, 2282, 2318, 2298, 2303, 2296, 2299, 2304, 2293, 2291, 2305, 2307, 2295, 2297, 2306",Next Day Newcastle,All orders,,$24.95
159,39800,Next Day Newcastle,"2302, 2281, 2289, 2284, 2300, 2280, 2290, 2287, 2292, 2308, 2285, 2282, 2318, 2298, 2303, 2296, 2299, 2304, 2293, 2291, 2305, 2307, 2295, 2297, 2306",Exception products,Restricted For Newcastle,,
160,59251,Next Day Service Perth (Afternoon Delivery),"6168, 6169, 6171",Next Day Service Perth (Afternoon Delivery),All orders,,$24.95
161,59251,Next Day Service Perth (Afternoon Delivery),"6168, 6169, 6171",Exception Product,Restricted For Perth,,
162,62377,NSW Standard Non-Metro Delivery,"2301, 2314, 2342, 2344, 2353, 2355, 2356, 2358, 2359, 2361, 2369, 2379, 2382, 2387, 2395, 2397, 2398, 2399, 2401, 2404, 2405, 2406, 2408, 2409, 2410, 2411, 2415, 2424, 2425, 2430, 2446, 2451, 2461, 2463, 2464, 2466, 2469, 2476, 2477, 2486, 2487, 2488, 2490, 2522, 2580, 2581, 2582, 2584, 2586, 2621, 2624, 2627, 2628, 2629, 2631, 2632, 2633, 2642, 2648, 2669, 2672, 2675, 2700, 2715, 2721, 2726, 2727, 2731, 2732, 2753, 2755, 2757, 2758, 2773, 2775, 2776, 2778, 2779, 2780, 2782, 2783, 2784, 2785, 2786, 2787, 2790, 2797, 2808, 2817, 2828, 2832, 2833, 2834, 2836, 2842, 2844, 2848, 2849, 2850, 2852, 2873, 2874, 2875, 2879, 2880, 2105, 2262, 2264, 2265, 2267, 2278, 2283, 2286, 2311, 2312, 2315, 2316, 2317, 2319, 2320, 2321, 2322, 2323, 2324, 2325, 2326, 2327, 2328, 2329, 2330, 2331, 2333, 2334, 2335, 2336, 2337, 2338, 2339, 2340, 2341, 2343, 2345, 2346, 2347, 2350, 2351, 2352, 2354, 2357, 2360, 2365, 2370, 2371, 2372, 2380, 2381, 2386, 2388, 2390, 2396, 2400, 2402, 2403, 2420, 2421, 2422, 2423, 2426, 2427, 2428, 2429, 2431, 2439, 2440, 2441, 2443, 2444, 2445, 2447, 2448, 2449, 2450, 2452, 2453, 2454, 2455, 2456, 2460, 2462, 2465, 2470, 2471, 2472, 2473, 2474, 2475, 2478, 2479, 2480, 2481, 2482, 2483, 2484, 2485, 2489, 2535, 2536, 2537, 2538, 2539, 2540, 2541, 2545, 2546, 2548, 2549, 2550, 2551, 2563, 2568, 2569, 2571, 2572, 2573, 2574, 2575, 2576, 2577, 2578, 2579, 2583, 2587, 2588, 2590, 2594, 2622, 2626, 2630, 2640, 2641, 2643, 2644, 2645, 2646, 2647, 2649, 2650, 2651, 2652, 2653, 2655, 2656, 2658, 2659, 2660, 2661, 2663, 2665, 2666, 2668, 2671, 2678, 2680, 2681, 2701, 2702, 2703, 2705, 2707, 2710, 2711, 2712, 2713, 2714, 2716, 2717, 2720, 2722, 2725, 2729, 2730, 2733, 2734, 2735, 2736, 2737, 2738, 2739, 2752, 2754, 2756, 2791, 2792, 2793, 2794, 2795, 2798, 2799, 2800, 2803, 2804, 2806, 2807, 2809, 2810, 2818, 2820, 2821, 2822, 2823, 2824, 2825, 2826, 2827, 2829, 2830, 2831, 2835, 2838, 2839, 2840, 2843, 2845, 2846, 2847, 2864, 2865, 2866, 2867, 2868, 2869, 2870, 2871, 2876, 2877, 2878",NSW Standard Non-Metro Delivery,All orders,,$29.00
163,62377,NSW Standard Non-Metro Delivery,"2301, 2314, 2342, 2344, 2353, 2355, 2356, 2358, 2359, 2361, 2369, 2379, 2382, 2387, 2395, 2397, 2398, 2399, 2401, 2404, 2405, 2406, 2408, 2409, 2410, 2411, 2415, 2424, 2425, 2430, 2446, 2451, 2461, 2463, 2464, 2466, 2469, 2476, 2477, 2486, 2487, 2488, 2490, 2522, 2580, 2581, 2582, 2584, 2586, 2621, 2624, 2627, 2628, 2629, 2631, 2632, 2633, 2642, 2648, 2669, 2672, 2675, 2700, 2715, 2721, 2726, 2727, 2731, 2732, 2753, 2755, 2757, 2758, 2773, 2775, 2776, 2778, 2779, 2780, 2782, 2783, 2784, 2785, 2786, 2787, 2790, 2797, 2808, 2817, 2828, 2832, 2833, 2834, 2836, 2842, 2844, 2848, 2849, 2850, 2852, 2873, 2874, 2875, 2879, 2880, 2105, 2262, 2264, 2265, 2267, 2278, 2283, 2286, 2311, 2312, 2315, 2316, 2317, 2319, 2320, 2321, 2322, 2323, 2324, 2325, 2326, 2327, 2328, 2329, 2330, 2331, 2333, 2334, 2335, 2336, 2337, 2338, 2339, 2340, 2341, 2343, 2345, 2346, 2347, 2350, 2351, 2352, 2354, 2357, 2360, 2365, 2370, 2371, 2372, 2380, 2381, 2386, 2388, 2390, 2396, 2400, 2402, 2403, 2420, 2421, 2422, 2423, 2426, 2427, 2428, 2429, 2431, 2439, 2440, 2441, 2443, 2444, 2445, 2447, 2448, 2449, 2450, 2452, 2453, 2454, 2455, 2456, 2460, 2462, 2465, 2470, 2471, 2472, 2473, 2474, 2475, 2478, 2479, 2480, 2481, 2482, 2483, 2484, 2485, 2489, 2535, 2536, 2537, 2538, 2539, 2540, 2541, 2545, 2546, 2548, 2549, 2550, 2551, 2563, 2568, 2569, 2571, 2572, 2573, 2574, 2575, 2576, 2577, 2578, 2579, 2583, 2587, 2588, 2590, 2594, 2622, 2626, 2630, 2640, 2641, 2643, 2644, 2645, 2646, 2647, 2649, 2650, 2651, 2652, 2653, 2655, 2656, 2658, 2659, 2660, 2661, 2663, 2665, 2666, 2668, 2671, 2678, 2680, 2681, 2701, 2702, 2703, 2705, 2707, 2710, 2711, 2712, 2713, 2714, 2716, 2717, 2720, 2722, 2725, 2729, 2730, 2733, 2734, 2735, 2736, 2737, 2738, 2739, 2752, 2754, 2756, 2791, 2792, 2793, 2794, 2795, 2798, 2799, 2800, 2803, 2804, 2806, 2807, 2809, 2810, 2818, 2820, 2821, 2822, 2823, 2824, 2825, 2826, 2827, 2829, 2830, 2831, 2835, 2838, 2839, 2840, 2843, 2845, 2846, 2847, 2864, 2865, 2866, 2867, 2868, 2869, 2870, 2871, 2876, 2877, 2878",Exception Products,Restricted For AUWide,,
164,62086,Oakdale Special Delivery,2570,Oakdale Special Delivery,All orders,,$65.00
165,62086,Oakdale Special Delivery,2570,Exception products,Restricted For Sydney,,
166,62396,Perth Mothers Day Delivery,"6000, 6083, 6084, 6123, 6003, 6004, 6005, 6006, 6007, 6008, 6009, 6010, 6011, 6012, 6014, 6015, 6016, 6017, 6018, 6019, 6020, 6021, 6022, 6023, 6024, 6025, 6026, 6027, 6029, 6050, 6051, 6052, 6053, 6054, 6055, 6056, 6057, 6058, 6059, 6060, 6061, 6062, 6063, 6064, 6065, 6066, 6068, 6070, 6090, 6100, 6101, 6102, 6103, 6104, 6105, 6106, 6107, 6108, 6109, 6110, 6111, 6112, 6121, 6147, 6148, 6149, 6150, 6151, 6152, 6153, 6154, 6155, 6156, 6157, 6158, 6159, 6160, 6162, 6163, 6164, 6170, 6028, 6030, 6031, 6036, 6067, 6069, 6071, 6072, 6073, 6074, 6076, 6077, 6078, 6079, 6081, 6082, 6122, 6165, 6166, 6167, 6168, 6169, 6171, 6172, 6173",Mother's Day Saturday Delivery Perth,All orders,Mother's Day Saturday Delivery Perth,$24.95
167,62396,Perth Mothers Day Delivery,"6000, 6083, 6084, 6123, 6003, 6004, 6005, 6006, 6007, 6008, 6009, 6010, 6011, 6012, 6014, 6015, 6016, 6017, 6018, 6019, 6020, 6021, 6022, 6023, 6024, 6025, 6026, 6027, 6029, 6050, 6051, 6052, 6053, 6054, 6055, 6056, 6057, 6058, 6059, 6060, 6061, 6062, 6063, 6064, 6065, 6066, 6068, 6070, 6090, 6100, 6101, 6102, 6103, 6104, 6105, 6106, 6107, 6108, 6109, 6110, 6111, 6112, 6121, 6147, 6148, 6149, 6150, 6151, 6152, 6153, 6154, 6155, 6156, 6157, 6158, 6159, 6160, 6162, 6163, 6164, 6170, 6028, 6030, 6031, 6036, 6067, 6069, 6071, 6072, 6073, 6074, 6076, 6077, 6078, 6079, 6081, 6082, 6122, 6165, 6166, 6167, 6168, 6169, 6171, 6172, 6173",Exception Products,Restricted For Perth,,
168,52872,Perth Mothers Day Sunday Delivery,"6000, 6083, 6084, 6123, 6003, 6004, 6005, 6006, 6007, 6008, 6009, 6010, 6011, 6012, 6014, 6015, 6016, 6017, 6018, 6019, 6020, 6021, 6022, 6023, 6024, 6025, 6026, 6027, 6029, 6050, 6051, 6052, 6053, 6054, 6055, 6056, 6057, 6058, 6059, 6060, 6061, 6062, 6063, 6064, 6065, 6066, 6068, 6070, 6090, 6100, 6101, 6102, 6103, 6104, 6105, 6106, 6107, 6108, 6109, 6110, 6111, 6112, 6121, 6147, 6148, 6149, 6150, 6151, 6152, 6153, 6154, 6155, 6156, 6157, 6158, 6159, 6160, 6162, 6163, 6164, 6170, 6028, 6030, 6031, 6036, 6067, 6069, 6071, 6072, 6073, 6074, 6076, 6077, 6078, 6079, 6081, 6082, 6122, 6165, 6166, 6167, 6168, 6169, 6171, 6172, 6173",Mother's Day Sunday Delivery Perth,All orders,Mother's Day Sunday Delivery Perth,$24.95
169,52872,Perth Mothers Day Sunday Delivery,"6000, 6083, 6084, 6123, 6003, 6004, 6005, 6006, 6007, 6008, 6009, 6010, 6011, 6012, 6014, 6015, 6016, 6017, 6018, 6019, 6020, 6021, 6022, 6023, 6024, 6025, 6026, 6027, 6029, 6050, 6051, 6052, 6053, 6054, 6055, 6056, 6057, 6058, 6059, 6060, 6061, 6062, 6063, 6064, 6065, 6066, 6068, 6070, 6090, 6100, 6101, 6102, 6103, 6104, 6105, 6106, 6107, 6108, 6109, 6110, 6111, 6112, 6121, 6147, 6148, 6149, 6150, 6151, 6152, 6153, 6154, 6155, 6156, 6157, 6158, 6159, 6160, 6162, 6163, 6164, 6170, 6028, 6030, 6031, 6036, 6067, 6069, 6071, 6072, 6073, 6074, 6076, 6077, 6078, 6079, 6081, 6082, 6122, 6165, 6166, 6167, 6168, 6169, 6171, 6172, 6173",Exception Products,Restricted For Perth,,
170,47410,Perth Special Delivery,"6166, 6167, 6168, 6169, 6171, 6172, 6173, 6000, 6003, 6004, 6005, 6006, 6007, 6008, 6009, 6010, 6011, 6012, 6014, 6015, 6016, 6017, 6018, 6019, 6020, 6021, 6022, 6023, 6024, 6025, 6026, 6027, 6029, 6050, 6051, 6052, 6053, 6054, 6055, 6056, 6057, 6058, 6059, 6060, 6061, 6062, 6063, 6064, 6065, 6066, 6068, 6070, 6090, 6100, 6101, 6102, 6103, 6104, 6105, 6106, 6107, 6108, 6109, 6110, 6111, 6112, 6121, 6147, 6148, 6149, 6150, 6151, 6152, 6153, 6154, 6155, 6156, 6157, 6158, 6159, 6160, 6162, 6163, 6164, 6170, 6028, 6030, 6031, 6036, 6067, 6069, 6071, 6072, 6073, 6074, 6076, 6077, 6078, 6079, 6081, 6083, 6084, 6123, 6082, 6122, 6165",Perth Special Delivery,All orders,,$35.00
171,47410,Perth Special Delivery,"6166, 6167, 6168, 6169, 6171, 6172, 6173, 6000, 6003, 6004, 6005, 6006, 6007, 6008, 6009, 6010, 6011, 6012, 6014, 6015, 6016, 6017, 6018, 6019, 6020, 6021, 6022, 6023, 6024, 6025, 6026, 6027, 6029, 6050, 6051, 6052, 6053, 6054, 6055, 6056, 6057, 6058, 6059, 6060, 6061, 6062, 6063, 6064, 6065, 6066, 6068, 6070, 6090, 6100, 6101, 6102, 6103, 6104, 6105, 6106, 6107, 6108, 6109, 6110, 6111, 6112, 6121, 6147, 6148, 6149, 6150, 6151, 6152, 6153, 6154, 6155, 6156, 6157, 6158, 6159, 6160, 6162, 6163, 6164, 6170, 6028, 6030, 6031, 6036, 6067, 6069, 6071, 6072, 6073, 6074, 6076, 6077, 6078, 6079, 6081, 6083, 6084, 6123, 6082, 6122, 6165",Exception Products,Restricted For Perth,,
172,49216,Priority Shipping - Brisbane - $29.5,"4009, 4011, 4012, 4031, 4051, 4053, 4060, 4065, 4066, 4067, 4068, 4103, 4104, 4105, 4121, 4151, 4152, 4171, 4172",Priority Shipping,All orders,Priority Shipping,$35.00
173,49216,Priority Shipping - Brisbane - $29.5,"4009, 4011, 4012, 4031, 4051, 4053, 4060, 4065, 4066, 4067, 4068, 4103, 4104, 4105, 4121, 4151, 4152, 4171, 4172",Exception Products,Restricted For Brisbane,,
174,49215,Priority Shipping - Brisbane- $24.95,"4000, 4005, 4006, 4007, 4010, 4029, 4030, 4059, 4064, 4101, 4102, 4120, 4169, 4170",Priority Shipping,All orders,Priority Shipping,$29.00
175,49215,Priority Shipping - Brisbane- $24.95,"4000, 4005, 4006, 4007, 4010, 4029, 4030, 4059, 4064, 4101, 4102, 4120, 4169, 4170",Exception Products,Restricted For Brisbane,,
176,66608,Public Holiday Delivery - $35,"2000, 2007, 2008, 2009, 2010, 2011, 2015, 2016, 2017, 2018, 2020, 2021, 2022, 2032, 2033, 2037, 2042, 2043, 2044, 2050, 2019, 2023, 2024, 2025, 2026, 2027, 2028, 2029, 2031, 2034, 2035, 2036, 2038, 2039, 2040, 2041, 2045, 2048, 2049, 2193, 2204, 2205, 2206, 2030, 2046, 2047, 2048, 2060, 2061, 2089, 2130, 2131, 2132, 2133, 2194, 2203, 2207, 2208, 2216, 2217, 2218, 2219, 2062, 2063, 2064, 2065, 2066, 2067, 2068, 2069, 2088, 2090, 2092, 2093, 2110, 2111, 2134, 2135, 2136, 2208, 2209, 2220, 2221",Public Holiday Delivery,All orders,Public Holiday Delivery,$35.00
177,66608,Public Holiday Delivery - $35,"2000, 2007, 2008, 2009, 2010, 2011, 2015, 2016, 2017, 2018, 2020, 2021, 2022, 2032, 2033, 2037, 2042, 2043, 2044, 2050, 2019, 2023, 2024, 2025, 2026, 2027, 2028, 2029, 2031, 2034, 2035, 2036, 2038, 2039, 2040, 2041, 2045, 2048, 2049, 2193, 2204, 2205, 2206, 2030, 2046, 2047, 2048, 2060, 2061, 2089, 2130, 2131, 2132, 2133, 2194, 2203, 2207, 2208, 2216, 2217, 2218, 2219, 2062, 2063, 2064, 2065, 2066, 2067, 2068, 2069, 2088, 2090, 2092, 2093, 2110, 2111, 2134, 2135, 2136, 2208, 2209, 2220, 2221",Exception Products,Restricted For Sydney,,
178,66605,Public Holiday Delivery - $45,"2070, 2071, 2072, 2100, 2122, 2140, 2141, 2143, 2190, 2199, 2200, 2211, 2224, 2228, 2229, 2074, 2075, 2085, 2086, 2096, 2099, 2115, 2116, 2121, 2127, 2128, 2144, 2087, 2094, 2095, 2112, 2113, 2114, 2137, 2138, 2191, 2192, 2195, 2196, 2210, 2222, 2223",Public Holiday Delivery,All orders,Public Holiday Delivery,$39.00
179,66605,Public Holiday Delivery - $45,"2070, 2071, 2072, 2100, 2122, 2140, 2141, 2143, 2190, 2199, 2200, 2211, 2224, 2228, 2229, 2074, 2075, 2085, 2086, 2096, 2099, 2115, 2116, 2121, 2127, 2128, 2144, 2087, 2094, 2095, 2112, 2113, 2114, 2137, 2138, 2191, 2192, 2195, 2196, 2210, 2222, 2223",Exception Products,Restricted For Sydney,,
180,66607,Public Holiday Delivery - $49,"2117, 2142, 2150, 2153, 2160, 2162, 2197, 2212, 2213, 2214, 2225, 2226, 2227, 2230, 2232, 2234",Public Holiday Delivery,All orders,Public Holiday Delivery,$45.00
181,66607,Public Holiday Delivery - $49,"2117, 2142, 2150, 2153, 2160, 2162, 2197, 2212, 2213, 2214, 2225, 2226, 2227, 2230, 2232, 2234",Exception Products,Restricted For Sydney,,
182,66609,Public Holiday Delivery - $55,"2073, 2155, 2076, 2077, 2097, 2118, 2119, 2163, 2101, 2148, 2145, 2151, 2161, 2166, 2231",Public Holiday Delivery,All orders,Public Holiday Delivery,$45.00
183,66609,Public Holiday Delivery - $55,"2073, 2155, 2076, 2077, 2097, 2118, 2119, 2163, 2101, 2148, 2145, 2151, 2161, 2166, 2231",Exception Products,Restricted For Sydney,,
184,66606,Public Holiday Delivery - $59,"2102, 2766, 2767, 2171, 2176, 2777, 2774, 2754, 2103, 2120, 2125, 2152, 2164, 2165, 2170, 2172, 2173, 2198, 2233",Public Holiday Delivery,All orders,Public Holiday Delivery,$45.00
185,66606,Public Holiday Delivery - $59,"2102, 2766, 2767, 2171, 2176, 2777, 2774, 2754, 2103, 2120, 2125, 2152, 2164, 2165, 2170, 2172, 2173, 2198, 2233",Exception Products,Restricted For Sydney,,
186,66610,Public Holiday Delivery - $65,"2126, 2108, 2158, 2159, 2763, 2768, 2167, 2174, 2175, 2178, 2179, 2570, 2146, 2147, 2154, 2168, 2177, 2104, 2106, 2107",Public Holiday Delivery,All orders,Public Holiday Delivery,$45.00
187,66610,Public Holiday Delivery - $65,"2126, 2108, 2158, 2159, 2763, 2768, 2167, 2174, 2175, 2178, 2179, 2570, 2146, 2147, 2154, 2168, 2177, 2104, 2106, 2107",Exception Products,Restricted For Sydney,,
188,66614,Public Holiday Delivery - $69,"2761, 2762, 2565, 2759, 2557",Public Holiday Delivery,All orders,Public Holiday Delivery,$45.00
189,66614,Public Holiday Delivery - $69,"2761, 2762, 2565, 2759, 2557",Exception Products,Restricted For Sydney,,
190,66611,Public Holiday Delivery - $75,"2555, 2556",Public Holiday Delivery,All orders,Public Holiday Delivery,$45.00
191,66611,Public Holiday Delivery - $75,"2555, 2556",Exception Products,Restricted For Sydney,,
192,66612,Public Holiday Delivery - $80,"2760, 2769, 2770, 2566, 2559, 2748, 2749",Public Holiday Delivery,All orders,Public Holiday Delivery,$45.00
193,66612,Public Holiday Delivery - $80,"2760, 2769, 2770, 2566, 2559, 2748, 2749",Exception Products,Restricted For Sydney,,
194,66613,Public Holiday Delivery - $85,"2560, 2558, 2747, 2765, 2156",Public Holiday Delivery,All orders,Public Holiday Delivery,$45.00
195,66613,Public Holiday Delivery - $85,"2560, 2558, 2747, 2765, 2156",Exception Products,Restricted For Sydney,,
196,66615,Public Holiday Delivery - $89,"2567, 2750, 2157",Public Holiday Delivery,All orders,Public Holiday Delivery,$45.00
197,66615,Public Holiday Delivery - $89,"2567, 2750, 2157",Exception Products,Restricted For Sydney,,
198,66617,Public Holiday Delivery - $99,"2745, 2079, 2080, 2081, 2082, 2753",Public Holiday Delivery,All orders,Public Holiday Delivery,$45.00
199,66617,Public Holiday Delivery - $99,"2745, 2079, 2080, 2081, 2082, 2753",Exception Products,Restricted For Sydney,,
200,56816,Same Day Local Sydney (Night-time Delivery),"2000, 2007, 2008, 2009, 2010, 2011, 2015, 2016, 2017, 2018, 2020, 2021, 2022, 2032, 2033, 2037, 2042, 2043, 2044, 2050, 2019, 2023, 2024, 2025, 2026, 2027, 2028, 2029, 2031, 2034, 2035, 2036, 2038, 2039, 2040, 2041, 2045, 2048, 2049, 2193, 2204, 2205, 2206, 2030, 2046, 2047, 2048, 2060, 2061, 2089, 2130, 2131, 2132, 2133, 2194, 2203, 2207, 2208, 2216, 2217, 2218, 2219",Same Day Service Sydney (Night-time Delivery),All orders,Same Day Service Sydney (Night-time Delivery),$24.95
201,56816,Same Day Local Sydney (Night-time Delivery),"2000, 2007, 2008, 2009, 2010, 2011, 2015, 2016, 2017, 2018, 2020, 2021, 2022, 2032, 2033, 2037, 2042, 2043, 2044, 2050, 2019, 2023, 2024, 2025, 2026, 2027, 2028, 2029, 2031, 2034, 2035, 2036, 2038, 2039, 2040, 2041, 2045, 2048, 2049, 2193, 2204, 2205, 2206, 2030, 2046, 2047, 2048, 2060, 2061, 2089, 2130, 2131, 2132, 2133, 2194, 2203, 2207, 2208, 2216, 2217, 2218, 2219",Exception Product,Restricted For Sydney,,
202,50228,Same Day Service Adelaide (Afternoon Delivery),"5000, 5001, 5006, 5007, 5008, 5009, 5010, 5011, 5012, 5013, 5014, 5015, 5016, 5017, 5018, 5019, 5020, 5021, 5022, 5023, 5024, 5025, 5031, 5032, 5033, 5034, 5035, 5037, 5038, 5039, 5040, 5041, 5042, 5043, 5044, 5045, 5046, 5047, 5048, 5049, 5050, 5051, 5052, 5061, 5062, 5063, 5064, 5065, 5066, 5067, 5068, 5069, 5070, 5071, 5072, 5073, 5074, 5075, 5076, 5081, 5082, 5083, 5084, 5085, 5086, 5087, 5088, 5090, 5091, 5092, 5093, 5094, 5095, 5096, 5097, 5098, 5106, 5107, 5108, 5109, 5110, 5111, 5112, 5113, 5114, 5115, 5125, 5126, 5127, 5140, 5158, 5159, 5160, 5161, 5162, 5163, 5164, 5165, 5166, 5168, 5800, 5810, 5839, 5920, 5930, 5942, 5950, 5016, 5018, 5020, 5022, 5025, 5040, 5041, 5043, 5047, 5049, 5052, 5062, 5064, 5066, 5068, 5071, 5072, 5074, 5075, 5076, 5082, 5085, 5086, 5089, 5090, 5091, 5093, 5097, 5106, 5116, 5117, 5118, 5120, 5121, 5129, 5130, 5132, 5133, 5134, 5136, 5137, 5138, 5139, 5140, 5141, 5142, 5144, 5150, 5151, 5152, 5154, 5155, 5156, 5158, 5159, 5161, 5163, 5164, 5165, 5166, 5167, 5169",Same Day Service Adelaide (Afternoon Delivery),All orders,,$24.95
203,50228,Same Day Service Adelaide (Afternoon Delivery),"5000, 5001, 5006, 5007, 5008, 5009, 5010, 5011, 5012, 5013, 5014, 5015, 5016, 5017, 5018, 5019, 5020, 5021, 5022, 5023, 5024, 5025, 5031, 5032, 5033, 5034, 5035, 5037, 5038, 5039, 5040, 5041, 5042, 5043, 5044, 5045, 5046, 5047, 5048, 5049, 5050, 5051, 5052, 5061, 5062, 5063, 5064, 5065, 5066, 5067, 5068, 5069, 5070, 5071, 5072, 5073, 5074, 5075, 5076, 5081, 5082, 5083, 5084, 5085, 5086, 5087, 5088, 5090, 5091, 5092, 5093, 5094, 5095, 5096, 5097, 5098, 5106, 5107, 5108, 5109, 5110, 5111, 5112, 5113, 5114, 5115, 5125, 5126, 5127, 5140, 5158, 5159, 5160, 5161, 5162, 5163, 5164, 5165, 5166, 5168, 5800, 5810, 5839, 5920, 5930, 5942, 5950, 5016, 5018, 5020, 5022, 5025, 5040, 5041, 5043, 5047, 5049, 5052, 5062, 5064, 5066, 5068, 5071, 5072, 5074, 5075, 5076, 5082, 5085, 5086, 5089, 5090, 5091, 5093, 5097, 5106, 5116, 5117, 5118, 5120, 5121, 5129, 5130, 5132, 5133, 5134, 5136, 5137, 5138, 5139, 5140, 5141, 5142, 5144, 5150, 5151, 5152, 5154, 5155, 5156, 5158, 5159, 5161, 5163, 5164, 5165, 5166, 5167, 5169",Exception Products,Restricted For Adelaide,,
204,50229,Same Day Service Adelaide (Night-time Delivery),"5000, 5001, 5006, 5007, 5008, 5009, 5010, 5011, 5012, 5013, 5014, 5015, 5016, 5017, 5018, 5019, 5020, 5021, 5022, 5023, 5024, 5025, 5031, 5032, 5033, 5034, 5035, 5037, 5038, 5039, 5040, 5041, 5042, 5043, 5044, 5045, 5046, 5047, 5048, 5049, 5050, 5051, 5052, 5061, 5062, 5063, 5064, 5065, 5066, 5067, 5068, 5069, 5070, 5071, 5072, 5073, 5074, 5075, 5076, 5081, 5082, 5083, 5084, 5085, 5086, 5087, 5088, 5090, 5091, 5092, 5093, 5094, 5095, 5096, 5097, 5098, 5106, 5107, 5108, 5109, 5110, 5111, 5112, 5113, 5114, 5115, 5125, 5126, 5127, 5140, 5158, 5159, 5160, 5161, 5162, 5163, 5164, 5165, 5166, 5168, 5800, 5810, 5839, 5920, 5930, 5942, 5950, 5016, 5018, 5020, 5022, 5025, 5040, 5041, 5043, 5047, 5049, 5052, 5062, 5064, 5066, 5068, 5071, 5072, 5074, 5075, 5076, 5082, 5085, 5086, 5089, 5090, 5091, 5093, 5097, 5106, 5116, 5117, 5118, 5120, 5121, 5129, 5130, 5132, 5133, 5134, 5136, 5137, 5138, 5139, 5140, 5141, 5142, 5144, 5150, 5151, 5152, 5154, 5155, 5156, 5158, 5159, 5161, 5163, 5164, 5165, 5166, 5167, 5169",Same Day Service Adelaide (Night-time Delivery),All orders,,$24.95
205,50229,Same Day Service Adelaide (Night-time Delivery),"5000, 5001, 5006, 5007, 5008, 5009, 5010, 5011, 5012, 5013, 5014, 5015, 5016, 5017, 5018, 5019, 5020, 5021, 5022, 5023, 5024, 5025, 5031, 5032, 5033, 5034, 5035, 5037, 5038, 5039, 5040, 5041, 5042, 5043, 5044, 5045, 5046, 5047, 5048, 5049, 5050, 5051, 5052, 5061, 5062, 5063, 5064, 5065, 5066, 5067, 5068, 5069, 5070, 5071, 5072, 5073, 5074, 5075, 5076, 5081, 5082, 5083, 5084, 5085, 5086, 5087, 5088, 5090, 5091, 5092, 5093, 5094, 5095, 5096, 5097, 5098, 5106, 5107, 5108, 5109, 5110, 5111, 5112, 5113, 5114, 5115, 5125, 5126, 5127, 5140, 5158, 5159, 5160, 5161, 5162, 5163, 5164, 5165, 5166, 5168, 5800, 5810, 5839, 5920, 5930, 5942, 5950, 5016, 5018, 5020, 5022, 5025, 5040, 5041, 5043, 5047, 5049, 5052, 5062, 5064, 5066, 5068, 5071, 5072, 5074, 5075, 5076, 5082, 5085, 5086, 5089, 5090, 5091, 5093, 5097, 5106, 5116, 5117, 5118, 5120, 5121, 5129, 5130, 5132, 5133, 5134, 5136, 5137, 5138, 5139, 5140, 5141, 5142, 5144, 5150, 5151, 5152, 5154, 5155, 5156, 5158, 5159, 5161, 5163, 5164, 5165, 5166, 5167, 5169",Exception Products,Restricted For Adelaide,,
206,46631,Same Day Service Brisbane (Afternoon Delivery),"4000, 4205, 4005, 4006, 4007, 4010, 4029, 4030, 4059, 4064, 4101, 4102, 4120, 4169, 4170, 4009, 4011, 4012, 4031, 4051, 4053, 4060, 4065, 4066, 4067, 4068, 4103, 4104, 4105, 4121, 4151, 4152, 4171, 4172, 4008, 4013, 4014, 4032, 4054, 4061, 4075, 4072, 4219, 4222, 4229, 4230, 4106, 4107, 4153, 4174, 4034, 4018, 4111, 4122, 4035, 4073, 4074, 4108, 4109, 4110, 4113, 4154, 4155, 4173, 4178, 4017, 4036, 4076, 4077, 4112, 4116, 4119, 4123, 4156, 4158, 4179, 4078, 4114, 4115, 4117, 4127, 4157, 4159, 4161, 4118, 4128, 4160, 4163, 4129, 4131, 4132, 4164",Same Day Service Brisbane (Afternoon Delivery),All orders,,$24.95
207,46631,Same Day Service Brisbane (Afternoon Delivery),"4000, 4205, 4005, 4006, 4007, 4010, 4029, 4030, 4059, 4064, 4101, 4102, 4120, 4169, 4170, 4009, 4011, 4012, 4031, 4051, 4053, 4060, 4065, 4066, 4067, 4068, 4103, 4104, 4105, 4121, 4151, 4152, 4171, 4172, 4008, 4013, 4014, 4032, 4054, 4061, 4075, 4072, 4219, 4222, 4229, 4230, 4106, 4107, 4153, 4174, 4034, 4018, 4111, 4122, 4035, 4073, 4074, 4108, 4109, 4110, 4113, 4154, 4155, 4173, 4178, 4017, 4036, 4076, 4077, 4112, 4116, 4119, 4123, 4156, 4158, 4179, 4078, 4114, 4115, 4117, 4127, 4157, 4159, 4161, 4118, 4128, 4160, 4163, 4129, 4131, 4132, 4164",Exception Products,Restricted For Brisbane,,
208,47081,Same Day Service Brisbane (Night-time Delivery),"4000, 4205, 4072, 4219, 4222, 4229, 4230, 4005, 4006, 4007, 4010, 4029, 4030, 4059, 4064, 4101, 4102, 4120, 4169, 4170, 4009, 4011, 4012, 4031, 4051, 4053, 4060, 4065, 4066, 4067, 4068, 4103, 4104, 4105, 4121, 4151, 4152, 4171, 4172, 4008, 4013, 4014, 4032, 4054, 4061, 4075, 4106, 4107, 4153, 4174, 4034, 4018, 4111, 4122, 4035, 4073, 4074, 4108, 4109, 4110, 4113, 4154, 4155, 4173, 4178, 4017, 4036, 4076, 4077, 4112, 4116, 4119, 4123, 4156, 4158, 4179, 4078, 4114, 4115, 4117, 4127, 4157, 4159, 4161, 4118, 4128, 4160, 4163, 4129, 4131, 4132, 4164",Same Day Service Brisbane (Night-time Delivery),All orders,,$24.95
209,47081,Same Day Service Brisbane (Night-time Delivery),"4000, 4205, 4072, 4219, 4222, 4229, 4230, 4005, 4006, 4007, 4010, 4029, 4030, 4059, 4064, 4101, 4102, 4120, 4169, 4170, 4009, 4011, 4012, 4031, 4051, 4053, 4060, 4065, 4066, 4067, 4068, 4103, 4104, 4105, 4121, 4151, 4152, 4171, 4172, 4008, 4013, 4014, 4032, 4054, 4061, 4075, 4106, 4107, 4153, 4174, 4034, 4018, 4111, 4122, 4035, 4073, 4074, 4108, 4109, 4110, 4113, 4154, 4155, 4173, 4178, 4017, 4036, 4076, 4077, 4112, 4116, 4119, 4123, 4156, 4158, 4179, 4078, 4114, 4115, 4117, 4127, 4157, 4159, 4161, 4118, 4128, 4160, 4163, 4129, 4131, 4132, 4164",Exception Products,Restricted For Brisbane,,
210,46155,Same Day Service Melbourne (Afternoon Delivery),"3000, 3002, 3003, 3004, 3006, 3008, 3010, 3011, 3012, 3013, 3015, 3016, 3019, 3020, 3005, 3793, 3136, 3025, 3031, 3032, 3050, 3051, 3052, 3053, 3054, 3055, 3056, 3057, 3065, 3066, 3068, 3072, 3078, 3079, 3081, 3084, 3101, 3102, 3103, 3104, 3108, 3109, 3111, 3121, 3122, 3123, 3124, 3125, 3126, 3127, 3128, 3129, 3131, 3133, 3141, 3142, 3143, 3144, 3145, 3146, 3147, 3148, 3149, 3150, 3151, 3152, 3153, 3155, 3156, 3161, 3162, 3163, 3166, 3168, 3170, 3178, 3179, 3180, 3181, 3182, 3183, 3205, 3206, 3207, 3018, 3021, 3022, 3023, 3026, 3027, 3028, 3029, 3033, 3034, 3036, 3037, 3038, 3039, 3040, 3041, 3042, 3043, 3044, 3045, 3046, 3047, 3048, 3049, 3058, 3059, 3060, 3061, 3067, 3070, 3071, 3073, 3074, 3075, 3076, 3082, 3083, 3085, 3087, 3088, 3090, 3093, 3094, 3095, 3105, 3106, 3107, 3130, 3132, 3154, 3165, 3167, 3169, 3171, 3172, 3173, 3174, 3175, 3177, 3184, 3185, 3187, 3188, 3189, 3190, 3191, 3194, 3195, 3196, 3197, 3198, 3201, 3202, 3204, 3802, 3134, 3135, 3030, 3186, 3192, 3193, 3062, 3086, 3137, 3138, 3164, 3199, 3200, 3752, 3803, 3805, 3975, 3976, 3752",Same Day Service Melbourne (Afternoon Delivery),All orders,,$24.95
211,46155,Same Day Service Melbourne (Afternoon Delivery),"3000, 3002, 3003, 3004, 3006, 3008, 3010, 3011, 3012, 3013, 3015, 3016, 3019, 3020, 3005, 3793, 3136, 3025, 3031, 3032, 3050, 3051, 3052, 3053, 3054, 3055, 3056, 3057, 3065, 3066, 3068, 3072, 3078, 3079, 3081, 3084, 3101, 3102, 3103, 3104, 3108, 3109, 3111, 3121, 3122, 3123, 3124, 3125, 3126, 3127, 3128, 3129, 3131, 3133, 3141, 3142, 3143, 3144, 3145, 3146, 3147, 3148, 3149, 3150, 3151, 3152, 3153, 3155, 3156, 3161, 3162, 3163, 3166, 3168, 3170, 3178, 3179, 3180, 3181, 3182, 3183, 3205, 3206, 3207, 3018, 3021, 3022, 3023, 3026, 3027, 3028, 3029, 3033, 3034, 3036, 3037, 3038, 3039, 3040, 3041, 3042, 3043, 3044, 3045, 3046, 3047, 3048, 3049, 3058, 3059, 3060, 3061, 3067, 3070, 3071, 3073, 3074, 3075, 3076, 3082, 3083, 3085, 3087, 3088, 3090, 3093, 3094, 3095, 3105, 3106, 3107, 3130, 3132, 3154, 3165, 3167, 3169, 3171, 3172, 3173, 3174, 3175, 3177, 3184, 3185, 3187, 3188, 3189, 3190, 3191, 3194, 3195, 3196, 3197, 3198, 3201, 3202, 3204, 3802, 3134, 3135, 3030, 3186, 3192, 3193, 3062, 3086, 3137, 3138, 3164, 3199, 3200, 3752, 3803, 3805, 3975, 3976, 3752",Exception Products,Restricted For Melbourne,,
212,46156,Same Day Service Melbourne (Night-time Delivery),"3000, 3005, 3793, 3136, 3002, 3003, 3004, 3006, 3008, 3010, 3011, 3012, 3013, 3015, 3016, 3019, 3020, 3025, 3031, 3032, 3050, 3051, 3052, 3053, 3054, 3055, 3056, 3057, 3065, 3066, 3068, 3072, 3078, 3079, 3081, 3084, 3101, 3102, 3103, 3104, 3108, 3109, 3111, 3121, 3122, 3123, 3124, 3125, 3126, 3127, 3128, 3129, 3131, 3133, 3141, 3142, 3143, 3144, 3145, 3146, 3147, 3148, 3149, 3150, 3151, 3152, 3153, 3155, 3156, 3161, 3162, 3163, 3166, 3168, 3170, 3178, 3179, 3180, 3181, 3182, 3183, 3205, 3206, 3207, 3018, 3021, 3022, 3023, 3026, 3027, 3028, 3029, 3033, 3034, 3036, 3037, 3038, 3039, 3040, 3041, 3042, 3043, 3044, 3045, 3046, 3047, 3048, 3049, 3058, 3059, 3060, 3061, 3067, 3070, 3071, 3073, 3074, 3075, 3076, 3082, 3083, 3085, 3087, 3088, 3090, 3093, 3094, 3095, 3105, 3106, 3107, 3130, 3132, 3154, 3165, 3167, 3169, 3171, 3172, 3173, 3174, 3175, 3177, 3184, 3185, 3187, 3188, 3189, 3190, 3191, 3194, 3195, 3196, 3197, 3198, 3201, 3202, 3204, 3802, 3134, 3135, 3030, 3186, 3192, 3193, 3062, 3086, 3137, 3138, 3164, 3199, 3200, 3752, 3803, 3805, 3975, 3976, 3752",Same Day Service Melbourne (Night-time Delivery),All orders,,$24.95
213,46156,Same Day Service Melbourne (Night-time Delivery),"3000, 3005, 3793, 3136, 3002, 3003, 3004, 3006, 3008, 3010, 3011, 3012, 3013, 3015, 3016, 3019, 3020, 3025, 3031, 3032, 3050, 3051, 3052, 3053, 3054, 3055, 3056, 3057, 3065, 3066, 3068, 3072, 3078, 3079, 3081, 3084, 3101, 3102, 3103, 3104, 3108, 3109, 3111, 3121, 3122, 3123, 3124, 3125, 3126, 3127, 3128, 3129, 3131, 3133, 3141, 3142, 3143, 3144, 3145, 3146, 3147, 3148, 3149, 3150, 3151, 3152, 3153, 3155, 3156, 3161, 3162, 3163, 3166, 3168, 3170, 3178, 3179, 3180, 3181, 3182, 3183, 3205, 3206, 3207, 3018, 3021, 3022, 3023, 3026, 3027, 3028, 3029, 3033, 3034, 3036, 3037, 3038, 3039, 3040, 3041, 3042, 3043, 3044, 3045, 3046, 3047, 3048, 3049, 3058, 3059, 3060, 3061, 3067, 3070, 3071, 3073, 3074, 3075, 3076, 3082, 3083, 3085, 3087, 3088, 3090, 3093, 3094, 3095, 3105, 3106, 3107, 3130, 3132, 3154, 3165, 3167, 3169, 3171, 3172, 3173, 3174, 3175, 3177, 3184, 3185, 3187, 3188, 3189, 3190, 3191, 3194, 3195, 3196, 3197, 3198, 3201, 3202, 3204, 3802, 3134, 3135, 3030, 3186, 3192, 3193, 3062, 3086, 3137, 3138, 3164, 3199, 3200, 3752, 3803, 3805, 3975, 3976, 3752",Exception Products,Restricted For Melbourne,,
214,59248,Same Day Service Perth (Afternoon Delivery),"6000, 6003, 6004, 6005, 6006, 6007, 6008, 6009, 6010, 6011, 6012, 6014, 6015, 6016, 6017, 6018, 6019, 6020, 6021, 6022, 6023, 6024, 6025, 6026, 6027, 6028, 6029, 6030, 6031, 6036, 6050, 6051, 6052, 6053, 6054, 6055, 6056, 6057, 6058, 6059, 6060, 6061, 6062, 6063, 6064, 6065, 6066, 6067, 6068, 6069, 6070, 6071, 6072, 6073, 6074, 6076, 6081, 6082, 6083, 6084, 6090, 6100, 6101, 6102, 6103, 6104, 6105, 6106, 6107, 6108, 6109, 6110, 6111, 6112, 6121, 6122, 6123, 6147, 6148, 6149, 6150, 6151, 6152, 6153, 6154, 6155, 6156, 6157, 6158, 6159, 6160, 6162, 6163, 6164, 6165, 6166, 6167, 6168, 6170, 6168, 6169, 6171, 6172, 6173",Same Day Service Perth (Afternoon Delivery),All orders,,$24.95
215,59248,Same Day Service Perth (Afternoon Delivery),"6000, 6003, 6004, 6005, 6006, 6007, 6008, 6009, 6010, 6011, 6012, 6014, 6015, 6016, 6017, 6018, 6019, 6020, 6021, 6022, 6023, 6024, 6025, 6026, 6027, 6028, 6029, 6030, 6031, 6036, 6050, 6051, 6052, 6053, 6054, 6055, 6056, 6057, 6058, 6059, 6060, 6061, 6062, 6063, 6064, 6065, 6066, 6067, 6068, 6069, 6070, 6071, 6072, 6073, 6074, 6076, 6081, 6082, 6083, 6084, 6090, 6100, 6101, 6102, 6103, 6104, 6105, 6106, 6107, 6108, 6109, 6110, 6111, 6112, 6121, 6122, 6123, 6147, 6148, 6149, 6150, 6151, 6152, 6153, 6154, 6155, 6156, 6157, 6158, 6159, 6160, 6162, 6163, 6164, 6165, 6166, 6167, 6168, 6170, 6168, 6169, 6171, 6172, 6173",Exception Product,"Restricted For Perth,Restricted for Perth",,
216,61124,Same Day Service Perth (Night-time Delivery),"6000, 6003, 6004, 6005, 6006, 6007, 6008, 6009, 6010, 6011, 6012, 6014, 6015, 6016, 6017, 6018, 6019, 6020, 6021, 6022, 6023, 6024, 6025, 6026, 6027, 6028, 6029, 6030, 6031, 6036, 6050, 6051, 6052, 6053, 6054, 6055, 6056, 6057, 6058, 6059, 6060, 6061, 6062, 6063, 6064, 6065, 6066, 6067, 6068, 6069, 6070, 6071, 6072, 6073, 6074, 6076, 6081, 6082, 6083, 6084, 6090, 6100, 6101, 6102, 6103, 6104, 6105, 6106, 6107, 6108, 6109, 6110, 6111, 6112, 6121, 6122, 6123, 6147, 6148, 6149, 6150, 6151, 6152, 6153, 6154, 6155, 6156, 6157, 6158, 6159, 6160, 6162, 6163, 6164, 6165, 6166, 6167, 6168, 6170, 6168, 6169, 6171, 6172, 6173",Same Day Service Perth (Night-time Delivery),All orders,,$24.95
217,61124,Same Day Service Perth (Night-time Delivery),"6000, 6003, 6004, 6005, 6006, 6007, 6008, 6009, 6010, 6011, 6012, 6014, 6015, 6016, 6017, 6018, 6019, 6020, 6021, 6022, 6023, 6024, 6025, 6026, 6027, 6028, 6029, 6030, 6031, 6036, 6050, 6051, 6052, 6053, 6054, 6055, 6056, 6057, 6058, 6059, 6060, 6061, 6062, 6063, 6064, 6065, 6066, 6067, 6068, 6069, 6070, 6071, 6072, 6073, 6074, 6076, 6081, 6082, 6083, 6084, 6090, 6100, 6101, 6102, 6103, 6104, 6105, 6106, 6107, 6108, 6109, 6110, 6111, 6112, 6121, 6122, 6123, 6147, 6148, 6149, 6150, 6151, 6152, 6153, 6154, 6155, 6156, 6157, 6158, 6159, 6160, 6162, 6163, 6164, 6165, 6166, 6167, 6168, 6170, 6168, 6169, 6171, 6172, 6173",Exception Product,Restricted For Perth,,
218,36862,Same Day Service Sydney (Afternoon Delivery),"2104, 2106, 2107, 2570, 2556, 2555, 2745, 2062, 2063, 2064, 2065, 2066, 2067, 2068, 2069, 2088, 2090, 2092, 2093, 2110, 2111, 2134, 2135, 2136, 2208, 2209, 2220, 2221, 2087, 2094, 2095, 2112, 2113, 2114, 2137, 2138, 2191, 2192, 2195, 2196, 2210, 2222, 2223, 2070, 2071, 2072, 2100, 2122, 2140, 2141, 2143, 2190, 2199, 2200, 2211, 2224, 2228, 2229, 2074, 2075, 2085, 2086, 2096, 2099, 2115, 2116, 2121, 2127, 2128, 2144, 2117, 2142, 2150, 2153, 2160, 2162, 2197, 2212, 2213, 2214, 2225, 2226, 2227, 2230, 2232, 2234, 2073, 2076, 2077, 2097, 2118, 2119, 2163, 2101, 2145, 2151, 2161, 2166, 2231, 2102, 2103, 2120, 2125, 2152, 2164, 2165, 2170, 2172, 2173, 2198, 2233, 2126, 2146, 2147, 2154, 2168, 2177, 2148, 2171, 2176, 2766, 2767, 2155, 2175, 2178, 2763, 2768, 2167, 2179, 2174, 2564, 2557, 2762, 2565, 2759, 2761, 2559, 2566, 2748, 2749, 2760, 2769, 2770, 2558, 2560, 2079, 2080, 2081, 2082, 2156, 2157, 2158, 2159, 2753, 2747, 2765, 2567, 2750",Same Day Service Sydney (Afternoon Delivery),All orders,,$24.95
219,36862,Same Day Service Sydney (Afternoon Delivery),"2104, 2106, 2107, 2570, 2556, 2555, 2745, 2062, 2063, 2064, 2065, 2066, 2067, 2068, 2069, 2088, 2090, 2092, 2093, 2110, 2111, 2134, 2135, 2136, 2208, 2209, 2220, 2221, 2087, 2094, 2095, 2112, 2113, 2114, 2137, 2138, 2191, 2192, 2195, 2196, 2210, 2222, 2223, 2070, 2071, 2072, 2100, 2122, 2140, 2141, 2143, 2190, 2199, 2200, 2211, 2224, 2228, 2229, 2074, 2075, 2085, 2086, 2096, 2099, 2115, 2116, 2121, 2127, 2128, 2144, 2117, 2142, 2150, 2153, 2160, 2162, 2197, 2212, 2213, 2214, 2225, 2226, 2227, 2230, 2232, 2234, 2073, 2076, 2077, 2097, 2118, 2119, 2163, 2101, 2145, 2151, 2161, 2166, 2231, 2102, 2103, 2120, 2125, 2152, 2164, 2165, 2170, 2172, 2173, 2198, 2233, 2126, 2146, 2147, 2154, 2168, 2177, 2148, 2171, 2176, 2766, 2767, 2155, 2175, 2178, 2763, 2768, 2167, 2179, 2174, 2564, 2557, 2762, 2565, 2759, 2761, 2559, 2566, 2748, 2749, 2760, 2769, 2770, 2558, 2560, 2079, 2080, 2081, 2082, 2156, 2157, 2158, 2159, 2753, 2747, 2765, 2567, 2750",Exception products,Restricted For Sydney,,
220,40328,Same Day Service Sydney (Night-time Delivery),"2062, 2063, 2064, 2570, 2065, 2066, 2067, 2068, 2069, 2088, 2090, 2092, 2093, 2110, 2111, 2134, 2135, 2136, 2208, 2209, 2220, 2221, 2087, 2094, 2095, 2112, 2113, 2114, 2137, 2138, 2191, 2192, 2195, 2196, 2210, 2222, 2223, 2070, 2071, 2072, 2100, 2122, 2140, 2141, 2143, 2190, 2199, 2200, 2211, 2224, 2228, 2229, 2074, 2075, 2085, 2086, 2096, 2099, 2115, 2116, 2121, 2127, 2128, 2144, 2117, 2142, 2150, 2153, 2160, 2162, 2197, 2212, 2213, 2214, 2225, 2226, 2227, 2230, 2232, 2234, 2073, 2076, 2077, 2097, 2118, 2119, 2163, 2101, 2145, 2151, 2161, 2166, 2231, 2102, 2103, 2120, 2125, 2152, 2164, 2165, 2170, 2172, 2173, 2198, 2233, 2126, 2146, 2147, 2154, 2168, 2177, 2148, 2171, 2176, 2766, 2767, 2155, 2175, 2178, 2763, 2768, 2167, 2179, 2174, 2564, 2557, 2762, 2565, 2759, 2761, 2559, 2566, 2748, 2749, 2760, 2769, 2770, 2558, 2560, 2079, 2080, 2081, 2082, 2156, 2157, 2158, 2159, 2753, 2747, 2765, 2567, 2750, 2104, 2106, 2107, 2555, 2556, 2745",Same Day Service Sydney (Night-time Delivery),All orders,,$24.95
221,40328,Same Day Service Sydney (Night-time Delivery),"2062, 2063, 2064, 2570, 2065, 2066, 2067, 2068, 2069, 2088, 2090, 2092, 2093, 2110, 2111, 2134, 2135, 2136, 2208, 2209, 2220, 2221, 2087, 2094, 2095, 2112, 2113, 2114, 2137, 2138, 2191, 2192, 2195, 2196, 2210, 2222, 2223, 2070, 2071, 2072, 2100, 2122, 2140, 2141, 2143, 2190, 2199, 2200, 2211, 2224, 2228, 2229, 2074, 2075, 2085, 2086, 2096, 2099, 2115, 2116, 2121, 2127, 2128, 2144, 2117, 2142, 2150, 2153, 2160, 2162, 2197, 2212, 2213, 2214, 2225, 2226, 2227, 2230, 2232, 2234, 2073, 2076, 2077, 2097, 2118, 2119, 2163, 2101, 2145, 2151, 2161, 2166, 2231, 2102, 2103, 2120, 2125, 2152, 2164, 2165, 2170, 2172, 2173, 2198, 2233, 2126, 2146, 2147, 2154, 2168, 2177, 2148, 2171, 2176, 2766, 2767, 2155, 2175, 2178, 2763, 2768, 2167, 2179, 2174, 2564, 2557, 2762, 2565, 2759, 2761, 2559, 2566, 2748, 2749, 2760, 2769, 2770, 2558, 2560, 2079, 2080, 2081, 2082, 2156, 2157, 2158, 2159, 2753, 2747, 2765, 2567, 2750, 2104, 2106, 2107, 2555, 2556, 2745",Exception products,Restricted For Sydney,,
222,50905,Standard Sydney Delivery -- $24.95,"2104, 2106, 2107, 2556, 2555, 2745, 2070, 2071, 2072, 2100, 2122, 2140, 2141, 2143, 2190, 2199, 2200, 2211, 2224, 2228, 2229, 2074, 2075, 2085, 2086, 2096, 2099, 2115, 2116, 2121, 2127, 2128, 2144, 2117, 2142, 2150, 2153, 2160, 2162, 2197, 2212, 2213, 2214, 2225, 2226, 2227, 2230, 2232, 2234, 2073, 2076, 2077, 2097, 2118, 2119, 2163, 2101, 2145, 2151, 2161, 2166, 2231, 2102, 2103, 2120, 2125, 2152, 2164, 2165, 2170, 2172, 2173, 2198, 2233, 2126, 2146, 2147, 2154, 2168, 2177, 2148, 2171, 2176, 2766, 2767, 2155, 2175, 2178, 2763, 2768, 2167, 2179, 2174, 2564, 2557, 2762, 2565, 2759, 2761, 2559, 2566, 2748, 2749, 2760, 2769, 2770, 2558, 2560, 2747, 2765, 2567, 2750",Standard Sydney Delivery,All orders,Standard Sydney Delivery,$24.95
223,50905,Standard Sydney Delivery -- $24.95,"2104, 2106, 2107, 2556, 2555, 2745, 2070, 2071, 2072, 2100, 2122, 2140, 2141, 2143, 2190, 2199, 2200, 2211, 2224, 2228, 2229, 2074, 2075, 2085, 2086, 2096, 2099, 2115, 2116, 2121, 2127, 2128, 2144, 2117, 2142, 2150, 2153, 2160, 2162, 2197, 2212, 2213, 2214, 2225, 2226, 2227, 2230, 2232, 2234, 2073, 2076, 2077, 2097, 2118, 2119, 2163, 2101, 2145, 2151, 2161, 2166, 2231, 2102, 2103, 2120, 2125, 2152, 2164, 2165, 2170, 2172, 2173, 2198, 2233, 2126, 2146, 2147, 2154, 2168, 2177, 2148, 2171, 2176, 2766, 2767, 2155, 2175, 2178, 2763, 2768, 2167, 2179, 2174, 2564, 2557, 2762, 2565, 2759, 2761, 2559, 2566, 2748, 2749, 2760, 2769, 2770, 2558, 2560, 2747, 2765, 2567, 2750",Exception Products,Restricted For Sydney,,
224,53408,Sunshine Coast Afternoon Delivery,"4516, 4500, 4550, 4560, 4551, 4553, 4556, 4557, 4558, 4560, 4564, 4566, 4567, 4572, 4573, 4575",Sunshine Coast Afternoon Delivery,All orders,,$24.95
225,53408,Sunshine Coast Afternoon Delivery,"4516, 4500, 4550, 4560, 4551, 4553, 4556, 4557, 4558, 4560, 4564, 4566, 4567, 4572, 4573, 4575",Exception Products,Restricted For Sunshine Coast,,
226,62397,Sunshine Coast Mothers Day Delivery,"4560, 4551, 4553, 4556, 4557, 4558, 4564, 4566, 4567, 4572, 4573, 4575",Mother's Day Saturday Delivery Sunshine Coast,All orders,Mother's Day Saturday Delivery Sunshine Coast,$24.95
227,62397,Sunshine Coast Mothers Day Delivery,"4560, 4551, 4553, 4556, 4557, 4558, 4564, 4566, 4567, 4572, 4573, 4575",Exception Product,Restricted For Sunshine Coast,,
228,57535,Sunshine Coast Mothers Day Sunday Delivery,"4560, 4551, 4553, 4556, 4557, 4558, 4564, 4566, 4567, 4572, 4573, 4575",Mother's Day Sunday Delivery Sunshine Coast,All orders,Mother's Day Sunday Delivery Sunshine Coast,$24.95
229,57535,Sunshine Coast Mothers Day Sunday Delivery,"4560, 4551, 4553, 4556, 4557, 4558, 4564, 4566, 4567, 4572, 4573, 4575",Exception Product,Restricted For Sunshine Coast,,
230,43449,Sydney Local Delivery,"2000, 2007, 2008, 2009, 2010, 2011, 2015, 2016, 2017, 2018, 2020, 2021, 2022, 2032, 2033, 2037, 2042, 2043, 2044, 2050, 2019, 2023, 2024, 2025, 2026, 2027, 2028, 2029, 2031, 2034, 2035, 2036, 2038, 2039, 2040, 2041, 2045, 2048, 2049, 2193, 2204, 2205, 2206, 2030, 2046, 2047, 2048, 2060, 2061, 2089, 2130, 2131, 2132, 2133, 2194, 2203, 2207, 2208, 2216, 2217, 2218, 2219",Sydney Local Delivery,All orders,,$24.95
231,43449,Sydney Local Delivery,"2000, 2007, 2008, 2009, 2010, 2011, 2015, 2016, 2017, 2018, 2020, 2021, 2022, 2032, 2033, 2037, 2042, 2043, 2044, 2050, 2019, 2023, 2024, 2025, 2026, 2027, 2028, 2029, 2031, 2034, 2035, 2036, 2038, 2039, 2040, 2041, 2045, 2048, 2049, 2193, 2204, 2205, 2206, 2030, 2046, 2047, 2048, 2060, 2061, 2089, 2130, 2131, 2132, 2133, 2194, 2203, 2207, 2208, 2216, 2217, 2218, 2219",Exception products,Restricted For Sydney,,
232,66719,Sydney Mother's Day Local Delivery,"2079, 2080, 2081, 2082, 2754, 2753, 2000, 2007, 2008, 2009, 2010, 2011, 2015, 2016, 2017, 2018, 2020, 2021, 2022, 2032, 2033, 2037, 2042, 2043, 2044, 2050, 2019, 2023, 2024, 2025, 2026, 2027, 2028, 2029, 2031, 2034, 2035, 2036, 2038, 2039, 2040, 2041, 2045, 2048, 2049, 2193, 2204, 2205, 2206, 2030, 2046, 2047, 2048, 2060, 2061, 2089, 2130, 2131, 2132, 2133, 2194, 2203, 2207, 2208, 2216, 2217, 2218, 2219, 2062, 2063, 2064, 2065, 2066, 2067, 2068, 2069, 2088, 2090, 2092, 2093, 2110, 2111, 2134, 2135, 2136, 2208, 2209, 2220, 2221, 2087, 2094, 2095, 2112, 2113, 2114, 2137, 2138, 2191, 2192, 2195, 2196, 2210, 2222, 2223, 2070, 2071, 2072, 2100, 2122, 2140, 2141, 2143, 2190, 2199, 2200, 2211, 2224, 2228, 2229, 2074, 2075, 2085, 2086, 2096, 2099, 2115, 2116, 2121, 2127, 2128, 2144, 2117, 2142, 2150, 2153, 2160, 2162, 2197, 2212, 2213, 2214, 2225, 2226, 2227, 2232, 2234, 2073, 2076, 2077, 2097, 2118, 2119, 2163, 2101, 2145, 2151, 2161, 2166, 2231, 2230, 2102, 2103, 2120, 2125, 2152, 2164, 2165, 2170, 2172, 2173, 2198, 2233, 2126, 2146, 2147, 2154, 2168, 2177, 2148, 2171, 2176, 2766, 2767, 2155, 2175, 2178, 2763, 2768, 2167, 2179, 2174, 2564, 2557, 2762, 2565, 2759, 2761, 2559, 2566, 2748, 2749, 2760, 2769, 2770, 2558, 2747, 2765, 2567, 2750, 2104, 2106, 2107, 2556, 2555, 2745, 2560, 2156, 2158, 2108, 2159, 2157, 2570, 2777, 2774",Mother's Day Local Delivery Sydney,All orders,Mother's Day Local Delivery Sydney,$39.50
233,66719,Sydney Mother's Day Local Delivery,"2079, 2080, 2081, 2082, 2754, 2753, 2000, 2007, 2008, 2009, 2010, 2011, 2015, 2016, 2017, 2018, 2020, 2021, 2022, 2032, 2033, 2037, 2042, 2043, 2044, 2050, 2019, 2023, 2024, 2025, 2026, 2027, 2028, 2029, 2031, 2034, 2035, 2036, 2038, 2039, 2040, 2041, 2045, 2048, 2049, 2193, 2204, 2205, 2206, 2030, 2046, 2047, 2048, 2060, 2061, 2089, 2130, 2131, 2132, 2133, 2194, 2203, 2207, 2208, 2216, 2217, 2218, 2219, 2062, 2063, 2064, 2065, 2066, 2067, 2068, 2069, 2088, 2090, 2092, 2093, 2110, 2111, 2134, 2135, 2136, 2208, 2209, 2220, 2221, 2087, 2094, 2095, 2112, 2113, 2114, 2137, 2138, 2191, 2192, 2195, 2196, 2210, 2222, 2223, 2070, 2071, 2072, 2100, 2122, 2140, 2141, 2143, 2190, 2199, 2200, 2211, 2224, 2228, 2229, 2074, 2075, 2085, 2086, 2096, 2099, 2115, 2116, 2121, 2127, 2128, 2144, 2117, 2142, 2150, 2153, 2160, 2162, 2197, 2212, 2213, 2214, 2225, 2226, 2227, 2232, 2234, 2073, 2076, 2077, 2097, 2118, 2119, 2163, 2101, 2145, 2151, 2161, 2166, 2231, 2230, 2102, 2103, 2120, 2125, 2152, 2164, 2165, 2170, 2172, 2173, 2198, 2233, 2126, 2146, 2147, 2154, 2168, 2177, 2148, 2171, 2176, 2766, 2767, 2155, 2175, 2178, 2763, 2768, 2167, 2179, 2174, 2564, 2557, 2762, 2565, 2759, 2761, 2559, 2566, 2748, 2749, 2760, 2769, 2770, 2558, 2747, 2765, 2567, 2750, 2104, 2106, 2107, 2556, 2555, 2745, 2560, 2156, 2158, 2108, 2159, 2157, 2570, 2777, 2774",Exception Products,Restricted For Sydney,,
234,62398,Sydney Mothers Day Saturday Delivery,"2079, 2080, 2081, 2082, 2754, 2753, 2000, 2007, 2008, 2009, 2010, 2011, 2015, 2016, 2017, 2018, 2020, 2021, 2022, 2032, 2033, 2037, 2042, 2043, 2044, 2050, 2019, 2023, 2024, 2025, 2026, 2027, 2028, 2029, 2031, 2034, 2035, 2036, 2038, 2039, 2040, 2041, 2045, 2048, 2049, 2193, 2204, 2205, 2206, 2030, 2046, 2047, 2048, 2060, 2061, 2089, 2130, 2131, 2132, 2133, 2194, 2203, 2207, 2208, 2216, 2217, 2218, 2219, 2062, 2063, 2064, 2065, 2066, 2067, 2068, 2069, 2088, 2090, 2092, 2093, 2110, 2111, 2134, 2135, 2136, 2208, 2209, 2220, 2221, 2087, 2094, 2095, 2112, 2113, 2114, 2137, 2138, 2191, 2192, 2195, 2196, 2210, 2222, 2223, 2070, 2071, 2072, 2100, 2122, 2140, 2141, 2143, 2190, 2199, 2200, 2211, 2224, 2228, 2229, 2074, 2075, 2085, 2086, 2096, 2099, 2115, 2116, 2121, 2127, 2128, 2144, 2117, 2142, 2150, 2153, 2160, 2162, 2197, 2212, 2213, 2214, 2225, 2226, 2227, 2232, 2234, 2073, 2076, 2077, 2097, 2118, 2119, 2163, 2101, 2145, 2151, 2161, 2166, 2231, 2230, 2102, 2103, 2120, 2125, 2152, 2164, 2165, 2170, 2172, 2173, 2198, 2233, 2126, 2146, 2147, 2154, 2168, 2177, 2148, 2171, 2176, 2766, 2767, 2155, 2175, 2178, 2763, 2768, 2167, 2179, 2174, 2564, 2557, 2762, 2565, 2759, 2761, 2559, 2566, 2748, 2749, 2760, 2769, 2770, 2558, 2747, 2765, 2567, 2750, 2104, 2106, 2107, 2556, 2555, 2745, 2560, 2156, 2158, 2108, 2159, 2157, 2570, 2777, 2774",Mother's Day Saturday Delivery Sydney,All orders,Mother's Day Saturday Delivery Sydney,$24.95
235,62398,Sydney Mothers Day Saturday Delivery,"2079, 2080, 2081, 2082, 2754, 2753, 2000, 2007, 2008, 2009, 2010, 2011, 2015, 2016, 2017, 2018, 2020, 2021, 2022, 2032, 2033, 2037, 2042, 2043, 2044, 2050, 2019, 2023, 2024, 2025, 2026, 2027, 2028, 2029, 2031, 2034, 2035, 2036, 2038, 2039, 2040, 2041, 2045, 2048, 2049, 2193, 2204, 2205, 2206, 2030, 2046, 2047, 2048, 2060, 2061, 2089, 2130, 2131, 2132, 2133, 2194, 2203, 2207, 2208, 2216, 2217, 2218, 2219, 2062, 2063, 2064, 2065, 2066, 2067, 2068, 2069, 2088, 2090, 2092, 2093, 2110, 2111, 2134, 2135, 2136, 2208, 2209, 2220, 2221, 2087, 2094, 2095, 2112, 2113, 2114, 2137, 2138, 2191, 2192, 2195, 2196, 2210, 2222, 2223, 2070, 2071, 2072, 2100, 2122, 2140, 2141, 2143, 2190, 2199, 2200, 2211, 2224, 2228, 2229, 2074, 2075, 2085, 2086, 2096, 2099, 2115, 2116, 2121, 2127, 2128, 2144, 2117, 2142, 2150, 2153, 2160, 2162, 2197, 2212, 2213, 2214, 2225, 2226, 2227, 2232, 2234, 2073, 2076, 2077, 2097, 2118, 2119, 2163, 2101, 2145, 2151, 2161, 2166, 2231, 2230, 2102, 2103, 2120, 2125, 2152, 2164, 2165, 2170, 2172, 2173, 2198, 2233, 2126, 2146, 2147, 2154, 2168, 2177, 2148, 2171, 2176, 2766, 2767, 2155, 2175, 2178, 2763, 2768, 2167, 2179, 2174, 2564, 2557, 2762, 2565, 2759, 2761, 2559, 2566, 2748, 2749, 2760, 2769, 2770, 2558, 2747, 2765, 2567, 2750, 2104, 2106, 2107, 2556, 2555, 2745, 2560, 2156, 2158, 2108, 2159, 2157, 2570, 2777, 2774",Exception Products,Restricted For Sydney,,
236,52865,Sydney Mothers Day Sunday Delivery,"2079, 2080, 2081, 2082, 2754, 2753, 2000, 2007, 2008, 2009, 2010, 2011, 2015, 2016, 2017, 2018, 2020, 2021, 2022, 2032, 2033, 2037, 2042, 2043, 2044, 2050, 2019, 2023, 2024, 2025, 2026, 2027, 2028, 2029, 2031, 2034, 2035, 2036, 2038, 2039, 2040, 2041, 2045, 2048, 2049, 2193, 2204, 2205, 2206, 2030, 2046, 2047, 2048, 2060, 2061, 2089, 2130, 2131, 2132, 2133, 2194, 2203, 2207, 2208, 2216, 2217, 2218, 2219, 2062, 2063, 2064, 2065, 2066, 2067, 2068, 2069, 2088, 2090, 2092, 2093, 2110, 2111, 2134, 2135, 2136, 2208, 2209, 2220, 2221, 2087, 2094, 2095, 2112, 2113, 2114, 2137, 2138, 2191, 2192, 2195, 2196, 2210, 2222, 2223, 2070, 2071, 2072, 2100, 2122, 2140, 2141, 2143, 2190, 2199, 2200, 2211, 2224, 2228, 2229, 2074, 2075, 2085, 2086, 2096, 2099, 2115, 2116, 2121, 2127, 2128, 2144, 2117, 2142, 2150, 2153, 2160, 2162, 2197, 2212, 2213, 2214, 2225, 2226, 2227, 2232, 2234, 2073, 2076, 2077, 2097, 2118, 2119, 2163, 2101, 2145, 2151, 2161, 2166, 2231, 2230, 2102, 2103, 2120, 2125, 2152, 2164, 2165, 2170, 2172, 2173, 2198, 2233, 2126, 2146, 2147, 2154, 2168, 2177, 2148, 2171, 2176, 2766, 2767, 2155, 2175, 2178, 2763, 2768, 2167, 2179, 2174, 2564, 2557, 2762, 2565, 2759, 2761, 2559, 2566, 2748, 2749, 2760, 2769, 2770, 2558, 2747, 2765, 2567, 2750, 2104, 2106, 2107, 2556, 2555, 2745, 2560, 2156, 2158, 2108, 2159, 2157, 2570, 2777, 2774",Mother's Day Sunday Delivery Sydney,All orders,Mother's Day Sunday Delivery Sydney,$24.95
237,52865,Sydney Mothers Day Sunday Delivery,"2079, 2080, 2081, 2082, 2754, 2753, 2000, 2007, 2008, 2009, 2010, 2011, 2015, 2016, 2017, 2018, 2020, 2021, 2022, 2032, 2033, 2037, 2042, 2043, 2044, 2050, 2019, 2023, 2024, 2025, 2026, 2027, 2028, 2029, 2031, 2034, 2035, 2036, 2038, 2039, 2040, 2041, 2045, 2048, 2049, 2193, 2204, 2205, 2206, 2030, 2046, 2047, 2048, 2060, 2061, 2089, 2130, 2131, 2132, 2133, 2194, 2203, 2207, 2208, 2216, 2217, 2218, 2219, 2062, 2063, 2064, 2065, 2066, 2067, 2068, 2069, 2088, 2090, 2092, 2093, 2110, 2111, 2134, 2135, 2136, 2208, 2209, 2220, 2221, 2087, 2094, 2095, 2112, 2113, 2114, 2137, 2138, 2191, 2192, 2195, 2196, 2210, 2222, 2223, 2070, 2071, 2072, 2100, 2122, 2140, 2141, 2143, 2190, 2199, 2200, 2211, 2224, 2228, 2229, 2074, 2075, 2085, 2086, 2096, 2099, 2115, 2116, 2121, 2127, 2128, 2144, 2117, 2142, 2150, 2153, 2160, 2162, 2197, 2212, 2213, 2214, 2225, 2226, 2227, 2232, 2234, 2073, 2076, 2077, 2097, 2118, 2119, 2163, 2101, 2145, 2151, 2161, 2166, 2231, 2230, 2102, 2103, 2120, 2125, 2152, 2164, 2165, 2170, 2172, 2173, 2198, 2233, 2126, 2146, 2147, 2154, 2168, 2177, 2148, 2171, 2176, 2766, 2767, 2155, 2175, 2178, 2763, 2768, 2167, 2179, 2174, 2564, 2557, 2762, 2565, 2759, 2761, 2559, 2566, 2748, 2749, 2760, 2769, 2770, 2558, 2747, 2765, 2567, 2750, 2104, 2106, 2107, 2556, 2555, 2745, 2560, 2156, 2158, 2108, 2159, 2157, 2570, 2777, 2774",Exception Products,Restricted For Sydney,,
238,66718,Sydney Mothers Day Sunday Delivery copy,"2079, 2080, 2081, 2082, 2754, 2753, 2000, 2007, 2008, 2009, 2010, 2011, 2015, 2016, 2017, 2018, 2020, 2021, 2022, 2032, 2033, 2037, 2042, 2043, 2044, 2050, 2019, 2023, 2024, 2025, 2026, 2027, 2028, 2029, 2031, 2034, 2035, 2036, 2038, 2039, 2040, 2041, 2045, 2048, 2049, 2193, 2204, 2205, 2206, 2030, 2046, 2047, 2048, 2060, 2061, 2089, 2130, 2131, 2132, 2133, 2194, 2203, 2207, 2208, 2216, 2217, 2218, 2219, 2062, 2063, 2064, 2065, 2066, 2067, 2068, 2069, 2088, 2090, 2092, 2093, 2110, 2111, 2134, 2135, 2136, 2208, 2209, 2220, 2221, 2087, 2094, 2095, 2112, 2113, 2114, 2137, 2138, 2191, 2192, 2195, 2196, 2210, 2222, 2223, 2070, 2071, 2072, 2100, 2122, 2140, 2141, 2143, 2190, 2199, 2200, 2211, 2224, 2228, 2229, 2074, 2075, 2085, 2086, 2096, 2099, 2115, 2116, 2121, 2127, 2128, 2144, 2117, 2142, 2150, 2153, 2160, 2162, 2197, 2212, 2213, 2214, 2225, 2226, 2227, 2232, 2234, 2073, 2076, 2077, 2097, 2118, 2119, 2163, 2101, 2145, 2151, 2161, 2166, 2231, 2230, 2102, 2103, 2120, 2125, 2152, 2164, 2165, 2170, 2172, 2173, 2198, 2233, 2126, 2146, 2147, 2154, 2168, 2177, 2148, 2171, 2176, 2766, 2767, 2155, 2175, 2178, 2763, 2768, 2167, 2179, 2174, 2564, 2557, 2762, 2565, 2759, 2761, 2559, 2566, 2748, 2749, 2760, 2769, 2770, 2558, 2747, 2765, 2567, 2750, 2104, 2106, 2107, 2556, 2555, 2745, 2560, 2156, 2158, 2108, 2159, 2157, 2570, 2777, 2774",Mother's Day Sunday Sydney Delivery,All orders,Mother's Day Sunday Sydney Delivery,$24.95
239,66718,Sydney Mothers Day Sunday Delivery copy,"2079, 2080, 2081, 2082, 2754, 2753, 2000, 2007, 2008, 2009, 2010, 2011, 2015, 2016, 2017, 2018, 2020, 2021, 2022, 2032, 2033, 2037, 2042, 2043, 2044, 2050, 2019, 2023, 2024, 2025, 2026, 2027, 2028, 2029, 2031, 2034, 2035, 2036, 2038, 2039, 2040, 2041, 2045, 2048, 2049, 2193, 2204, 2205, 2206, 2030, 2046, 2047, 2048, 2060, 2061, 2089, 2130, 2131, 2132, 2133, 2194, 2203, 2207, 2208, 2216, 2217, 2218, 2219, 2062, 2063, 2064, 2065, 2066, 2067, 2068, 2069, 2088, 2090, 2092, 2093, 2110, 2111, 2134, 2135, 2136, 2208, 2209, 2220, 2221, 2087, 2094, 2095, 2112, 2113, 2114, 2137, 2138, 2191, 2192, 2195, 2196, 2210, 2222, 2223, 2070, 2071, 2072, 2100, 2122, 2140, 2141, 2143, 2190, 2199, 2200, 2211, 2224, 2228, 2229, 2074, 2075, 2085, 2086, 2096, 2099, 2115, 2116, 2121, 2127, 2128, 2144, 2117, 2142, 2150, 2153, 2160, 2162, 2197, 2212, 2213, 2214, 2225, 2226, 2227, 2232, 2234, 2073, 2076, 2077, 2097, 2118, 2119, 2163, 2101, 2145, 2151, 2161, 2166, 2231, 2230, 2102, 2103, 2120, 2125, 2152, 2164, 2165, 2170, 2172, 2173, 2198, 2233, 2126, 2146, 2147, 2154, 2168, 2177, 2148, 2171, 2176, 2766, 2767, 2155, 2175, 2178, 2763, 2768, 2167, 2179, 2174, 2564, 2557, 2762, 2565, 2759, 2761, 2559, 2566, 2748, 2749, 2760, 2769, 2770, 2558, 2747, 2765, 2567, 2750, 2104, 2106, 2107, 2556, 2555, 2745, 2560, 2156, 2158, 2108, 2159, 2157, 2570, 2777, 2774",Exception Products,Restricted For Sydney,,
240,56246,Sydney Non-Metro Afternoon Delivery - $29.50,"2073, 2074, 2075, 2076, 2077, 2115, 2121, 2127, 2128, 2197, 2225, 2226, 2227, 2232, 2125, 2126, 2198, 2556, 2558, 2560, 2564, 2565, 2566, 2747, 2748, 2759, 2760, 2761, 2763, 2766, 2767, 2768, 2769, 2770, 2069, 2070, 2071, 2072, 2112, 2113, 2114, 2122, 2190, 2191, 2192, 2199, 2200, 2228, 2229, 2210, 2211",Sydney Non-Metro Afternoon Delivery,All orders,Sydney Non-Metro Afternoon Delivery,$29.50
241,56246,Sydney Non-Metro Afternoon Delivery - $29.50,"2073, 2074, 2075, 2076, 2077, 2115, 2121, 2127, 2128, 2197, 2225, 2226, 2227, 2232, 2125, 2126, 2198, 2556, 2558, 2560, 2564, 2565, 2566, 2747, 2748, 2759, 2760, 2761, 2763, 2766, 2767, 2768, 2769, 2770, 2069, 2070, 2071, 2072, 2112, 2113, 2114, 2122, 2190, 2191, 2192, 2199, 2200, 2228, 2229, 2210, 2211",Exception Products,Restricted For Sydney,,
242,56250,Sydney Non-Metro Afternoon Delivery - $59.5,"2104, 2106, 2107, 2108",Sydney Non-Metro Afternoon Delivery,All orders,Sydney Non-Metro Afternoon Delivery,$59.50
243,56250,Sydney Non-Metro Afternoon Delivery - $59.5,"2104, 2106, 2107, 2108",Exception Products,Restricted For Sydney,,
244,56252,Sydney Non-Metro Evening Delivery - $29.5,"2134, 2135, 2136, 2137, 2140, 2208, 2209, 2220, 2221, 2222, 2223, 2224, 2110, 2111, 2113",Sydney Non-Metro Evening Delivery,All orders,Sydney Non-Metro Evening Delivery,$29.50
245,56252,Sydney Non-Metro Evening Delivery - $29.5,"2134, 2135, 2136, 2137, 2140, 2208, 2209, 2220, 2221, 2222, 2223, 2224, 2110, 2111, 2113",Exception Product,Restricted For Sydney,,
246,56253,Sydney Non-Metro Evening Delivery - $29.95,"2062, 2063, 2064, 2065, 2066, 2067, 2068, 2195, 2196",Sydney Non-Metro Evening Delivery,All orders,Sydney Non-Metro Evening Delivery,$29.95
247,56253,Sydney Non-Metro Evening Delivery - $29.95,"2062, 2063, 2064, 2065, 2066, 2067, 2068, 2195, 2196",Exception Product,Restricted For Sydney,,
248,56256,Sydney Non-Metro Evening Delivery - $49.5,"2073, 2074, 2075, 2076, 2077, 2096, 2097, 2099, 2116, 2117, 2118, 2119, 2230, 2231, 2234, 2101, 2145, 2150, 2151, 2153, 2160, 2161, 2162, 2163, 2166, 2102, 2103, 2120, 2233, 2146, 2147, 2148, 2152, 2154, 2155, 2164, 2165, 2167, 2168, 2170, 2171, 2172, 2173, 2174, 2175, 2176, 2177, 2178, 2179, 2156, 2158, 2092, 2093, 2094, 2095, 2100",Sydney Non-Metro Evening Delivery,All orders,Sydney Non-Metro Evening Delivery,$49.50
249,56256,Sydney Non-Metro Evening Delivery - $49.5,"2073, 2074, 2075, 2076, 2077, 2096, 2097, 2099, 2116, 2117, 2118, 2119, 2230, 2231, 2234, 2101, 2145, 2150, 2151, 2153, 2160, 2161, 2162, 2163, 2166, 2102, 2103, 2120, 2233, 2146, 2147, 2148, 2152, 2154, 2155, 2164, 2165, 2167, 2168, 2170, 2171, 2172, 2173, 2174, 2175, 2176, 2177, 2178, 2179, 2156, 2158, 2092, 2093, 2094, 2095, 2100",Exception Product,Restricted For Sydney,,
250,56258,Sydney Non-Metro Evening Delivery - $59.5,"2564, 2565, 2566, 2747, 2748, 2759, 2760, 2761, 2763, 2766, 2767, 2768, 2769, 2770",Sydney Non-Metro Evening Delivery,All orders,Sydney Non-Metro Evening Delivery,$59.50
251,56258,Sydney Non-Metro Evening Delivery - $59.5,"2564, 2565, 2566, 2747, 2748, 2759, 2760, 2761, 2763, 2766, 2767, 2768, 2769, 2770",Exception Product,Restricted For Sydney,,
252,56262,Sydney Non-Metro Priority Delivery - $49,"2197, 2225, 2226, 2227, 2232, 2121, 2127, 2128, 2115, 2228, 2229, 2122",Sydney Non-Metro Priority Delivery,All orders,Sydney Non-Metro Priority Delivery,$49.00
253,56262,Sydney Non-Metro Priority Delivery - $49,"2197, 2225, 2226, 2227, 2232, 2121, 2127, 2128, 2115, 2228, 2229, 2122",Exception Product,Restricted For Sydney,,
254,56264,Sydney Non-Metro Priority Delivery - $59,"2212, 2213, 2214",Sydney Non-Metro Priority Delivery,All orders,Sydney Non-Metro Priority Delivery,$59.00
255,56264,Sydney Non-Metro Priority Delivery - $59,"2212, 2213, 2214",Exception Product,Restricted For Sydney,,
256,56269,Sydney Non-Metro Priority Delivery - $85,"2564, 2565, 2566, 2747, 2748, 2759, 2760, 2761, 2763, 2766, 2767, 2768, 2769, 2770",Sydney Non-Metro Priority Delivery,All orders,Sydney Non-Metro Priority Delivery,$85.00
257,56269,Sydney Non-Metro Priority Delivery - $85,"2564, 2565, 2566, 2747, 2748, 2759, 2760, 2761, 2763, 2766, 2767, 2768, 2769, 2770",Exception Product,Restricted For Sydney,,
258,56260,Sydney Non-Metro Priority Delivery - $29.5,"2088, 2089, 2090",Sydney Non-Metro Priority Delivery,All orders,Sydney Non-Metro Priority Delivery,$29.50
259,56260,Sydney Non-Metro Priority Delivery - $29.5,"2088, 2089, 2090",Exception Product,Restricted For Sydney,,
260,56261,Sydney Non-Metro Priority Delivery - $39.5,"2062, 2063, 2064, 2065, 2066, 2067, 2068, 2134, 2135, 2136, 2137, 2140, 2208, 2209, 2220, 2221, 2222, 2223, 2224",Sydney Non-Metro Priority Delivery,All orders,Sydney Non-Metro Priority Delivery,$39.50
261,56261,Sydney Non-Metro Priority Delivery - $39.5,"2062, 2063, 2064, 2065, 2066, 2067, 2068, 2134, 2135, 2136, 2137, 2140, 2208, 2209, 2220, 2221, 2222, 2223, 2224",Exception Product,Restricted For Sydney,,
262,56263,Sydney Non-Metro Priority Delivery - $49.5,"2125, 2126, 2198, 2069, 2070, 2071, 2072, 2112, 2113, 2114, 2190, 2191, 2192, 2195, 2196, 2199, 2200, 2110, 2111, 2138, 2141, 2210, 2211",Sydney Non-Metro Priority Delivery,All orders,Sydney Non-Metro Priority Delivery,$49.50
263,56263,Sydney Non-Metro Priority Delivery - $49.5,"2125, 2126, 2198, 2069, 2070, 2071, 2072, 2112, 2113, 2114, 2190, 2191, 2192, 2195, 2196, 2199, 2200, 2110, 2111, 2138, 2141, 2210, 2211",Exception Product,Restricted For Sydney,,
264,56265,Sydney Non-Metro Priority Delivery - $59.5,"2073, 2074, 2075, 2076, 2077, 2096, 2097, 2099, 2116, 2117, 2118, 2119, 2230, 2231, 2234, 2101, 2142, 2144, 2102, 2103, 2120, 2233, 2092, 2093, 2094, 2095, 2100, 2143",Sydney Non-Metro Priority Delivery,All orders,Sydney Non-Metro Priority Delivery,$59.50
265,56265,Sydney Non-Metro Priority Delivery - $59.5,"2073, 2074, 2075, 2076, 2077, 2096, 2097, 2099, 2116, 2117, 2118, 2119, 2230, 2231, 2234, 2101, 2142, 2144, 2102, 2103, 2120, 2233, 2092, 2093, 2094, 2095, 2100, 2143",Exception Product,Restricted For Sydney,,
266,56266,Sydney Non-Metro Priority Delivery - $69.5,"2085, 2086, 2145, 2150, 2151, 2153, 2160, 2161, 2162, 2163, 2166, 2146, 2147, 2148, 2152, 2154, 2155, 2164, 2165, 2167, 2168, 2170, 2171, 2172, 2173, 2174, 2175, 2176, 2177, 2178, 2179, 2079, 2080, 2081, 2082, 2156, 2158, 2087",Sydney Non-Metro Priority Delivery,All orders,Sydney Non-Metro Priority Delivery,$69.50
267,56266,Sydney Non-Metro Priority Delivery - $69.5,"2085, 2086, 2145, 2150, 2151, 2153, 2160, 2161, 2162, 2163, 2166, 2146, 2147, 2148, 2152, 2154, 2155, 2164, 2165, 2167, 2168, 2170, 2171, 2172, 2173, 2174, 2175, 2176, 2177, 2178, 2179, 2079, 2080, 2081, 2082, 2156, 2158, 2087",Exception Product,Restricted For Sydney,,
268,56268,Sydney Non-Metro Priority Delivery - $89.5,"2556, 2557, 2558, 2560",Sydney Non-Metro Priority Delivery,All orders,Sydney Non-Metro Priority Delivery,$89.50
269,56268,Sydney Non-Metro Priority Delivery - $89.5,"2556, 2557, 2558, 2560",Exception Product,Restricted For Sydney,,
270,57878,Sydney Non-Metro Special Delivery,"2140, 2132, 2134, 2135, 2136, 2137, 2138, 2141, 2143, 2161, 2162, 2163, 2165, 2134, 2142, 2160, 2164, 2145, 2150, 2116, 2117, 2118, 2146, 2148, 2151, 2152",Sydney Non-Metro Special Delivery,All orders,,$23.95
271,57878,Sydney Non-Metro Special Delivery,"2140, 2132, 2134, 2135, 2136, 2137, 2138, 2141, 2143, 2161, 2162, 2163, 2165, 2134, 2142, 2160, 2164, 2145, 2150, 2116, 2117, 2118, 2146, 2148, 2151, 2152",Exception Product,Restricted For Sydney,,
272,56116,Sydney Saturday delivery - AllGroup(Adhoc) -- $19.95,"2000, 2007, 2008, 2009, 2010, 2011, 2015, 2016, 2017, 2018, 2020, 2021, 2022, 2032, 2033, 2037, 2042, 2043, 2044, 2050, 2019, 2023, 2024, 2025, 2026, 2027, 2028, 2029, 2031, 2034, 2035, 2036, 2038, 2039, 2040, 2041, 2045, 2048, 2049, 2193, 2204, 2205, 2206, 2030, 2046, 2047, 2048, 2060, 2061, 2089, 2130, 2131, 2132, 2133, 2194, 2203, 2207, 2208, 2216, 2217, 2218, 2219, 2062, 2063, 2064, 2065, 2066, 2067, 2068, 2069, 2088, 2090, 2092, 2093, 2110, 2111, 2134, 2135, 2136, 2208, 2209, 2220, 2221, 2087, 2094, 2095, 2112, 2113, 2114, 2137, 2138, 2191, 2192, 2195, 2196, 2210, 2222, 2223, 2070, 2071, 2072, 2100, 2122, 2140, 2141, 2143, 2190, 2199, 2200, 2211, 2224, 2228, 2229, 2074, 2075, 2085, 2086, 2096, 2099, 2115, 2116, 2121, 2127, 2128, 2117, 2142, 2150, 2153, 2160, 2162, 2197, 2212, 2213, 2214, 2225, 2226, 2227, 2230, 2232, 2234, 2073, 2076, 2077, 2097, 2118, 2119, 2163, 2101, 2145, 2151, 2161, 2166, 2231",Sydney Saturday delivery,All orders,Sydney Saturday delivery,$24.95
273,56116,Sydney Saturday delivery - AllGroup(Adhoc) -- $19.95,"2000, 2007, 2008, 2009, 2010, 2011, 2015, 2016, 2017, 2018, 2020, 2021, 2022, 2032, 2033, 2037, 2042, 2043, 2044, 2050, 2019, 2023, 2024, 2025, 2026, 2027, 2028, 2029, 2031, 2034, 2035, 2036, 2038, 2039, 2040, 2041, 2045, 2048, 2049, 2193, 2204, 2205, 2206, 2030, 2046, 2047, 2048, 2060, 2061, 2089, 2130, 2131, 2132, 2133, 2194, 2203, 2207, 2208, 2216, 2217, 2218, 2219, 2062, 2063, 2064, 2065, 2066, 2067, 2068, 2069, 2088, 2090, 2092, 2093, 2110, 2111, 2134, 2135, 2136, 2208, 2209, 2220, 2221, 2087, 2094, 2095, 2112, 2113, 2114, 2137, 2138, 2191, 2192, 2195, 2196, 2210, 2222, 2223, 2070, 2071, 2072, 2100, 2122, 2140, 2141, 2143, 2190, 2199, 2200, 2211, 2224, 2228, 2229, 2074, 2075, 2085, 2086, 2096, 2099, 2115, 2116, 2121, 2127, 2128, 2117, 2142, 2150, 2153, 2160, 2162, 2197, 2212, 2213, 2214, 2225, 2226, 2227, 2230, 2232, 2234, 2073, 2076, 2077, 2097, 2118, 2119, 2163, 2101, 2145, 2151, 2161, 2166, 2231",Exception Products,Restricted For Sydney,,
274,26570,Sydney Saturday Delivery --Ondemand -- $19.95,"2062, 2063, 2064, 2065, 2066, 2067, 2068, 2069, 2088, 2090, 2092, 2093, 2110, 2111, 2134, 2135, 2136, 2208, 2209, 2220, 2221, 2087, 2094, 2095, 2112, 2113, 2114, 2137, 2138, 2191, 2192, 2195, 2196, 2210, 2222, 2223, 2070, 2071, 2072, 2100, 2122, 2140, 2141, 2143, 2190, 2199, 2200, 2211, 2224, 2228, 2229, 2074, 2075, 2085, 2086, 2096, 2099, 2115, 2116, 2121, 2127, 2128, 2144, 2117, 2142, 2150, 2153, 2160, 2162, 2197, 2212, 2213, 2214, 2225, 2226, 2227, 2230, 2232, 2234, 2073, 2076, 2077, 2097, 2118, 2119, 2163, 2101, 2145, 2151, 2161, 2166, 2231, 2102, 2103, 2120, 2125, 2152, 2164, 2165, 2170, 2172, 2173, 2198, 2233, 2126, 2146, 2147, 2154, 2168, 2177, 2148, 2171, 2176, 2766, 2767, 2155, 2175, 2178, 2763, 2768, 2167, 2179, 2174, 2564, 2557, 2762, 2565, 2759, 2761, 2559, 2566, 2748, 2749, 2760, 2769, 2770, 2558, 2560, 2747, 2765, 2567, 2750",Sydney Saturday Delivery,All orders,Sydney Saturday Delivery,$24.95
275,26570,Sydney Saturday Delivery --Ondemand -- $19.95,"2062, 2063, 2064, 2065, 2066, 2067, 2068, 2069, 2088, 2090, 2092, 2093, 2110, 2111, 2134, 2135, 2136, 2208, 2209, 2220, 2221, 2087, 2094, 2095, 2112, 2113, 2114, 2137, 2138, 2191, 2192, 2195, 2196, 2210, 2222, 2223, 2070, 2071, 2072, 2100, 2122, 2140, 2141, 2143, 2190, 2199, 2200, 2211, 2224, 2228, 2229, 2074, 2075, 2085, 2086, 2096, 2099, 2115, 2116, 2121, 2127, 2128, 2144, 2117, 2142, 2150, 2153, 2160, 2162, 2197, 2212, 2213, 2214, 2225, 2226, 2227, 2230, 2232, 2234, 2073, 2076, 2077, 2097, 2118, 2119, 2163, 2101, 2145, 2151, 2161, 2166, 2231, 2102, 2103, 2120, 2125, 2152, 2164, 2165, 2170, 2172, 2173, 2198, 2233, 2126, 2146, 2147, 2154, 2168, 2177, 2148, 2171, 2176, 2766, 2767, 2155, 2175, 2178, 2763, 2768, 2167, 2179, 2174, 2564, 2557, 2762, 2565, 2759, 2761, 2559, 2566, 2748, 2749, 2760, 2769, 2770, 2558, 2560, 2747, 2765, 2567, 2750",Exception products,Restricted For Sydney,,
276,60962,Sydney Saturday Special Delivery - $95,"2777, 2774, 2754",Sydney Saturday Special Delivery,All orders,Sydney Saturday Special Delivery,$75.00
277,60962,Sydney Saturday Special Delivery - $95,"2777, 2774, 2754",Exception Products,Restricted For Sydney,,
278,56121,"Sydney Saturday Special Delivery - Group 6,7&8 -- $49.50","2074, 2075, 2085, 2086, 2096, 2099, 2115, 2116, 2121, 2127, 2128, 2144, 2117, 2142, 2150, 2153, 2160, 2162, 2197, 2212, 2213, 2214, 2225, 2226, 2227, 2230, 2232, 2234, 2073, 2076, 2077, 2097, 2118, 2119, 2163, 2101, 2145, 2151, 2161, 2166, 2231",Sydney Saturday Special Delivery,All orders,Sydney Saturday Special Delivery,$55.00
279,56121,"Sydney Saturday Special Delivery - Group 6,7&8 -- $49.50","2074, 2075, 2085, 2086, 2096, 2099, 2115, 2116, 2121, 2127, 2128, 2144, 2117, 2142, 2150, 2153, 2160, 2162, 2197, 2212, 2213, 2214, 2225, 2226, 2227, 2230, 2232, 2234, 2073, 2076, 2077, 2097, 2118, 2119, 2163, 2101, 2145, 2151, 2161, 2166, 2231",Exception Products,Restricted For Sydney,,
280,56117,Sydney Saturday Special Delivery - Group 2&3 -- $29.95,"2030, 2046, 2047, 2048, 2060, 2061, 2089, 2130, 2131, 2132, 2133, 2194, 2203, 2207, 2208, 2216, 2217, 2218, 2219, 2062, 2063, 2064, 2065, 2066, 2067, 2068, 2069, 2088, 2090, 2092, 2093, 2110, 2111, 2134, 2135, 2136, 2208, 2209, 2220, 2221",Sydney Saturday Special Delivery,All orders,Sydney Saturday Special Delivery,$35.00
281,56117,Sydney Saturday Special Delivery - Group 2&3 -- $29.95,"2030, 2046, 2047, 2048, 2060, 2061, 2089, 2130, 2131, 2132, 2133, 2194, 2203, 2207, 2208, 2216, 2217, 2218, 2219, 2062, 2063, 2064, 2065, 2066, 2067, 2068, 2069, 2088, 2090, 2092, 2093, 2110, 2111, 2134, 2135, 2136, 2208, 2209, 2220, 2221",Exception Products,Restricted For Sydney,,
282,56118,Sydney Saturday Special Delivery - Group 4&5 -- $39.95,"2087, 2094, 2095, 2112, 2113, 2114, 2137, 2138, 2191, 2192, 2195, 2196, 2210, 2222, 2223, 2070, 2071, 2072, 2100, 2122, 2140, 2141, 2143, 2190, 2199, 2200, 2211, 2224, 2228, 2229",Sydney Saturday Special Delivery,All orders,Sydney Saturday Special Delivery,$45.00
283,56118,Sydney Saturday Special Delivery - Group 4&5 -- $39.95,"2087, 2094, 2095, 2112, 2113, 2114, 2137, 2138, 2191, 2192, 2195, 2196, 2210, 2222, 2223, 2070, 2071, 2072, 2100, 2122, 2140, 2141, 2143, 2190, 2199, 2200, 2211, 2224, 2228, 2229",Exception Products,Restricted For Sydney,,
284,61942,Sydney Special delivery - $35,"2224, 2228, 2229, 2062, 2063, 2064, 2065, 2066, 2067, 2068, 2088, 2090, 2110, 2209, 2220, 2221, 2210, 2222, 2223, 2211, 2127, 2128, 2134, 2135, 2136, 2137, 2138, 2140, 2190, 2190, 2191, 2192, 2195, 2196, 2199, 2200",Sydney Special delivery,All orders,Sydney Special delivery,$35.00
285,61942,Sydney Special delivery - $35,"2224, 2228, 2229, 2062, 2063, 2064, 2065, 2066, 2067, 2068, 2088, 2090, 2110, 2209, 2220, 2221, 2210, 2222, 2223, 2211, 2127, 2128, 2134, 2135, 2136, 2137, 2138, 2140, 2190, 2190, 2191, 2192, 2195, 2196, 2199, 2200",Exception Product,Restricted for Sydney,,
286,46745,Sydney Special Delivery - $45,"2073, 2076, 2077, 2097, 2118, 2119, 2163, 2101, 2145, 2151, 2161, 2166, 2231",Sydney Special Delivery,All orders,Sydney Special Delivery,$45.00
287,46745,Sydney Special Delivery - $45,"2073, 2076, 2077, 2097, 2118, 2119, 2163, 2101, 2145, 2151, 2161, 2166, 2231",Exception Products,Restricted For Sydney,,
288,46744,Sydney Special Delivery - $55,"2102, 2103, 2120, 2125, 2152, 2164, 2165, 2170, 2172, 2173, 2198, 2233, 2126, 2146, 2147, 2154, 2168, 2177, 2104, 2106, 2107",Sydney Special Delivery,All orders,Sydney Special Delivery,$49.00
289,46744,Sydney Special Delivery - $55,"2102, 2103, 2120, 2125, 2152, 2164, 2165, 2170, 2172, 2173, 2198, 2233, 2126, 2146, 2147, 2154, 2168, 2177, 2104, 2106, 2107",Exception Products,Restricted For Sydney,,
290,50573,Sydney Special Delivery - $59,"2148, 2171, 2176, 2766, 2767",Sydney Special Delivery,All orders,Sydney Special Delivery,$49.00
291,50573,Sydney Special Delivery - $59,"2148, 2171, 2176, 2766, 2767",Exception Products,Restricted For Sydney,,
292,45616,Sydney Special Delivery - $65,"2157, 2774, 2777, 2079, 2080, 2081, 2082, 2108, 2158, 2159, 2155, 2175, 2178, 2763, 2768, 2167, 2179, 2174, 2564",Sydney Special Delivery,All orders,Sydney Special Delivery,$55.00
293,45616,Sydney Special Delivery - $65,"2157, 2774, 2777, 2079, 2080, 2081, 2082, 2108, 2158, 2159, 2155, 2175, 2178, 2763, 2768, 2167, 2179, 2174, 2564",Exception Products,Restricted For Sydney,,
294,62194,Sydney Special delivery - $65,2570,Sydney Special delivery,All orders,Sydney Special delivery,$55.00
295,62194,Sydney Special delivery - $65,2570,Exception Products,Restricted For Sydney,,
296,45617,Sydney Special Delivery - $69,"2557, 2762, 2565, 2759, 2761",Sydney Special Delivery,All orders,Sydney Special Delivery,$55.00
297,45617,Sydney Special Delivery - $69,"2557, 2762, 2565, 2759, 2761",Exception Products,Restricted For Sydney,,
298,45618,Sydney Special Delivery - $75,"2555, 2556",Sydney Special Delivery,All orders,Sydney Special Delivery,$59.00
299,45618,Sydney Special Delivery - $75,"2555, 2556",Exception Products,Restricted For Sydney,,
300,50574,Sydney Special Delivery - $80,"2559, 2566, 2748, 2749, 2760, 2769, 2770",Sydney Special Delivery,All orders,Sydney Special Delivery,$65.00
301,50574,Sydney Special Delivery - $80,"2559, 2566, 2748, 2749, 2760, 2769, 2770",Exception Products,Restricted For Sydney,,
302,50575,Sydney Special Delivery - $85,"2558, 2560, 2747, 2156, 2765, 2754",Sydney Special Delivery,All orders,Sydney Special Delivery,$65.00
303,50575,Sydney Special Delivery - $85,"2558, 2560, 2747, 2156, 2765, 2754",Exception Products,Restricted For Sydney,,
304,47511,Sydney Special Delivery - $89,"2567, 2750",Sydney Special Delivery,All orders,Sydney Special Delivery,$65.00
305,47511,Sydney Special Delivery - $89,"2567, 2750",Exception Products,Restricted For Sydney,,
306,65923,Sydney Special Delivery - $95,2753,Sydney Special Delivery,All orders,Sydney Special Delivery,$75.00
307,65923,Sydney Special Delivery - $95,2753,Exception Products,Restricted For Sydney,,
308,50550,Sydney Special Delivery - $99,2745,Sydney Special Delivery,All orders,Sydney Special Delivery,$75.00
309,50550,Sydney Special Delivery - $99,2745,Exception Products,Restricted For Sydney,,
310,50545,Sydney Special Delivery - $115,2570,Sydney Special Delivery,All orders,Sydney Special Delivery,$75.00
311,50545,Sydney Special Delivery - $115,2570,Exception Products,Restricted For Sydney,,
312,41113,Sydney Special Delivery - $19.95,"2000, 2007, 2008, 2009, 2010, 2011, 2015, 2016, 2017, 2018, 2020, 2021, 2022, 2032, 2033, 2037, 2042, 2043, 2044, 2050, 2019, 2023, 2024, 2025, 2026, 2027, 2028, 2029, 2031, 2034, 2035, 2036, 2038, 2039, 2040, 2041, 2045, 2048, 2049, 2193, 2204, 2205, 2206, 2030, 2046, 2047, 2048, 2060, 2061, 2089, 2130, 2131, 2132, 2133, 2194, 2203, 2207, 2208, 2216, 2217, 2218, 2219, 2062, 2063, 2064, 2065, 2066, 2067, 2068, 2069, 2088, 2090, 2092, 2093, 2110, 2111, 2134, 2135, 2136, 2208, 2209, 2220, 2221",Sydney Special Delivery,All orders,Sydney Special Delivery,$39.00
313,41113,Sydney Special Delivery - $19.95,"2000, 2007, 2008, 2009, 2010, 2011, 2015, 2016, 2017, 2018, 2020, 2021, 2022, 2032, 2033, 2037, 2042, 2043, 2044, 2050, 2019, 2023, 2024, 2025, 2026, 2027, 2028, 2029, 2031, 2034, 2035, 2036, 2038, 2039, 2040, 2041, 2045, 2048, 2049, 2193, 2204, 2205, 2206, 2030, 2046, 2047, 2048, 2060, 2061, 2089, 2130, 2131, 2132, 2133, 2194, 2203, 2207, 2208, 2216, 2217, 2218, 2219, 2062, 2063, 2064, 2065, 2066, 2067, 2068, 2069, 2088, 2090, 2092, 2093, 2110, 2111, 2134, 2135, 2136, 2208, 2209, 2220, 2221",Exception products,Restricted For Sydney,,
314,41114,Sydney Special Delivery - $19.95,"2087, 2094, 2095, 2112, 2113, 2114, 2137, 2138, 2191, 2192, 2195, 2196, 2210, 2222, 2223",Sydney Special Delivery,All orders,Sydney Special Delivery,$39.00
315,41114,Sydney Special Delivery - $19.95,"2087, 2094, 2095, 2112, 2113, 2114, 2137, 2138, 2191, 2192, 2195, 2196, 2210, 2222, 2223",Exception products,Restricted For Sydney,,
316,29103,Sydney Special Delivery - $29.50,"2070, 2071, 2072, 2100, 2122, 2140, 2141, 2143, 2190, 2199, 2200, 2211, 2224, 2228, 2229, 2074, 2075, 2085, 2086, 2096, 2099, 2115, 2116, 2121, 2127, 2128, 2144",Sydney Special Delivery,All orders,Sydney Special Delivery,$39.00
317,29103,Sydney Special Delivery - $29.50,"2070, 2071, 2072, 2100, 2122, 2140, 2141, 2143, 2190, 2199, 2200, 2211, 2224, 2228, 2229, 2074, 2075, 2085, 2086, 2096, 2099, 2115, 2116, 2121, 2127, 2128, 2144",Exception products,Restricted For Sydney,,
318,46784,Sydney Special Delivery - $39.5,"2117, 2142, 2150, 2153, 2160, 2162, 2197, 2212, 2213, 2214, 2225, 2226, 2227, 2230, 2232, 2234",Sydney Special Delivery,All orders,Sydney Special Delivery,$45.00
319,46784,Sydney Special Delivery - $39.5,"2117, 2142, 2150, 2153, 2160, 2162, 2197, 2212, 2213, 2214, 2225, 2226, 2227, 2230, 2232, 2234",Exception Products,Restricted For Sydney,,
320,62188,Sydney Special Sunday Delivery - $135,2570,Sydney Sunday Special delivery,All orders,Sydney Special Delivery,$139.00
321,62188,Sydney Special Sunday Delivery - $135,2570,Exception Products,Restricted For Sydney,,
322,50577,Sydney Sunday Special Delivery - $39,"2070, 2071, 2072, 2100, 2122, 2140, 2141, 2143, 2190, 2199, 2200, 2211, 2224, 2228, 2229, 2074, 2075, 2085, 2086, 2096, 2099, 2115, 2116, 2121, 2127, 2128, 2144, 2087, 2094, 2095, 2112, 2113, 2114, 2137, 2138, 2191, 2192, 2195, 2196, 2210, 2222, 2223",Sydney Sunday Special Delivery,All orders,Sydney Sunday Special Delivery,$39.00
323,50577,Sydney Sunday Special Delivery - $39,"2070, 2071, 2072, 2100, 2122, 2140, 2141, 2143, 2190, 2199, 2200, 2211, 2224, 2228, 2229, 2074, 2075, 2085, 2086, 2096, 2099, 2115, 2116, 2121, 2127, 2128, 2144, 2087, 2094, 2095, 2112, 2113, 2114, 2137, 2138, 2191, 2192, 2195, 2196, 2210, 2222, 2223",Exception Products,Restricted For Sydney,,
324,62190,Sydney Sunday Special delivery - $65,"2073, 2076, 2077, 2097, 2118, 2119, 2163, 2101, 2145, 2151, 2161, 2166, 2231",Sydney Sunday Special Delivery,All orders,Sydney Sunday Special Delivery,$45.00
325,62190,Sydney Sunday Special delivery - $65,"2073, 2076, 2077, 2097, 2118, 2119, 2163, 2101, 2145, 2151, 2161, 2166, 2231",Exception Products,Restricted For Sydney,,
326,62192,Sydney Sunday Special delivery - $75,"2126, 2146, 2147, 2154, 2168, 2177, 2104, 2106, 2107",Sydney Sunday Special Delivery,All orders,Sydney Sunday Special Delivery,$45.00
327,62192,Sydney Sunday Special delivery - $75,"2126, 2146, 2147, 2154, 2168, 2177, 2104, 2106, 2107",Exception Products,Restricted For Sydney,,
328,50576,Sydney Sunday Special Delivery - $29.5,"2000, 2007, 2008, 2009, 2010, 2011, 2015, 2016, 2017, 2018, 2020, 2021, 2022, 2032, 2033, 2037, 2042, 2043, 2044, 2050, 2019, 2023, 2024, 2025, 2026, 2027, 2028, 2029, 2031, 2034, 2035, 2036, 2038, 2039, 2040, 2041, 2045, 2048, 2049, 2193, 2204, 2205, 2206, 2030, 2046, 2047, 2048, 2060, 2061, 2089, 2130, 2131, 2132, 2133, 2194, 2203, 2207, 2208, 2216, 2217, 2218, 2219, 2062, 2063, 2064, 2065, 2066, 2067, 2068, 2069, 2088, 2090, 2092, 2093, 2110, 2111, 2134, 2135, 2136, 2208, 2209, 2220, 2221",Sydney Sunday Special Delivery,All orders,Sydney Sunday Special Delivery,$35.00
329,50576,Sydney Sunday Special Delivery - $29.5,"2000, 2007, 2008, 2009, 2010, 2011, 2015, 2016, 2017, 2018, 2020, 2021, 2022, 2032, 2033, 2037, 2042, 2043, 2044, 2050, 2019, 2023, 2024, 2025, 2026, 2027, 2028, 2029, 2031, 2034, 2035, 2036, 2038, 2039, 2040, 2041, 2045, 2048, 2049, 2193, 2204, 2205, 2206, 2030, 2046, 2047, 2048, 2060, 2061, 2089, 2130, 2131, 2132, 2133, 2194, 2203, 2207, 2208, 2216, 2217, 2218, 2219, 2062, 2063, 2064, 2065, 2066, 2067, 2068, 2069, 2088, 2090, 2092, 2093, 2110, 2111, 2134, 2135, 2136, 2208, 2209, 2220, 2221",Exception Products,Restricted For Sydney,,
330,62189,Sydney Sunday Special Delivery - $59.5,"2117, 2142, 2156, 2108, 2157, 2570, 2753, 2157, 2745, 2150, 2153, 2160, 2162, 2197, 2212, 2213, 2214, 2225, 2226, 2227, 2230, 2232, 2234",Sydney Sunday Special Delivery,All orders,Sydney Sunday Special Delivery,$45.00
331,62189,Sydney Sunday Special Delivery - $59.5,"2117, 2142, 2156, 2108, 2157, 2570, 2753, 2157, 2745, 2150, 2153, 2160, 2162, 2197, 2212, 2213, 2214, 2225, 2226, 2227, 2230, 2232, 2234",Exception Products,Restricted For Sydney,,
332,62191,Sydney Sunday Special delivery - $69.5,"2102, 2777, 2774, 2754, 2103, 2120, 2125, 2152, 2164, 2165, 2170, 2172, 2173, 2198, 2233",Sydney Sunday Special Delivery,All orders,Sydney Sunday Special Delivery,$45.00
333,62191,Sydney Sunday Special delivery - $69.5,"2102, 2777, 2774, 2754, 2103, 2120, 2125, 2152, 2164, 2165, 2170, 2172, 2173, 2198, 2233",Exception Products,Restricted For Sydney,,
334,66711,Sydney Sunday Special delivery - $69.5 copy,"2117, 2142, 2150, 2153, 2160, 2162, 2197, 2212, 2213, 2214, 2225, 2226, 2227, 2230, 22, 2234, 2102, 2103, 2120, 2125, 2152, 2164, 2165, 2170, 2172, 2173, 2198, 2233, 2148, 2171, 2176, 2766, 2767, 2155, 2175, 2178, 2763, 2768, 2167, 2179, 2174, 2564, 2557, 2762, 2565, 2759, 2761, 2559, 2566, 2748, 2749, 2760, 2769, 2770, 2567, 2750, 2558, 2560, 2747, 2765, 2126, 2146, 2147, 2154, 2168, 2177, 2104, 2106, 2107, 2555, 2556, 2079, 2080, 2081, 2082, 2158, 2159",Sydney Sunday Special Delivery,All orders,Sydney Sunday Special Delivery,$45.00
335,66711,Sydney Sunday Special delivery - $69.5 copy,"2117, 2142, 2150, 2153, 2160, 2162, 2197, 2212, 2213, 2214, 2225, 2226, 2227, 2230, 22, 2234, 2102, 2103, 2120, 2125, 2152, 2164, 2165, 2170, 2172, 2173, 2198, 2233, 2148, 2171, 2176, 2766, 2767, 2155, 2175, 2178, 2763, 2768, 2167, 2179, 2174, 2564, 2557, 2762, 2565, 2759, 2761, 2559, 2566, 2748, 2749, 2760, 2769, 2770, 2567, 2750, 2558, 2560, 2747, 2765, 2126, 2146, 2147, 2154, 2168, 2177, 2104, 2106, 2107, 2555, 2556, 2079, 2080, 2081, 2082, 2158, 2159",Exception Products,Restricted For Sydney,,
336,56587,Valentine's Day Adelaide,"5000, 5001, 5006, 5007, 5008, 5009, 5010, 5011, 5012, 5013, 5014, 5015, 5016, 5017, 5018, 5019, 5020, 5021, 5022, 5023, 5024, 5025, 5031, 5032, 5033, 5034, 5035, 5037, 5038, 5039, 5040, 5041, 5042, 5043, 5044, 5045, 5046, 5047, 5048, 5049, 5050, 5051, 5052, 5061, 5062, 5063, 5064, 5065, 5066, 5067, 5068, 5069, 5070, 5071, 5072, 5073, 5074, 5075, 5076, 5081, 5082, 5083, 5084, 5085, 5086, 5087, 5088, 5090, 5091, 5092, 5093, 5094, 5095, 5096, 5097, 5098, 5106, 5107, 5108, 5109, 5110, 5111, 5112, 5113, 5114, 5115, 5125, 5126, 5127, 5140, 5158, 5159, 5160, 5161, 5162, 5163, 5164, 5165, 5166, 5168, 5169, 5800, 5810, 5839, 5920, 5930, 5942, 5950, 5016, 5018, 5020, 5022, 5025, 5040, 5041, 5043, 5047, 5049, 5052, 5062, 5064, 5066, 5068, 5071, 5072, 5074, 5075, 5076, 5082, 5085, 5086, 5089, 5090, 5091, 5093, 5097, 5106, 5116, 5117, 5120, 5121, 5129, 5130, 5132, 5133, 5134, 5138, 5139, 5140, 5142, 5144, 5150, 5152, 5154, 5155, 5158, 5159, 5161, 5163, 5164, 5165, 5166, 5167, 5169",Valentine's Day Adelaide,All orders,,$24.95
337,56587,Valentine's Day Adelaide,"5000, 5001, 5006, 5007, 5008, 5009, 5010, 5011, 5012, 5013, 5014, 5015, 5016, 5017, 5018, 5019, 5020, 5021, 5022, 5023, 5024, 5025, 5031, 5032, 5033, 5034, 5035, 5037, 5038, 5039, 5040, 5041, 5042, 5043, 5044, 5045, 5046, 5047, 5048, 5049, 5050, 5051, 5052, 5061, 5062, 5063, 5064, 5065, 5066, 5067, 5068, 5069, 5070, 5071, 5072, 5073, 5074, 5075, 5076, 5081, 5082, 5083, 5084, 5085, 5086, 5087, 5088, 5090, 5091, 5092, 5093, 5094, 5095, 5096, 5097, 5098, 5106, 5107, 5108, 5109, 5110, 5111, 5112, 5113, 5114, 5115, 5125, 5126, 5127, 5140, 5158, 5159, 5160, 5161, 5162, 5163, 5164, 5165, 5166, 5168, 5169, 5800, 5810, 5839, 5920, 5930, 5942, 5950, 5016, 5018, 5020, 5022, 5025, 5040, 5041, 5043, 5047, 5049, 5052, 5062, 5064, 5066, 5068, 5071, 5072, 5074, 5075, 5076, 5082, 5085, 5086, 5089, 5090, 5091, 5093, 5097, 5106, 5116, 5117, 5120, 5121, 5129, 5130, 5132, 5133, 5134, 5138, 5139, 5140, 5142, 5144, 5150, 5152, 5154, 5155, 5158, 5159, 5161, 5163, 5164, 5165, 5166, 5167, 5169",Exception Product,Restricted For Adelaide,,
338,56588,Valentine's Day Brisbane,"4000, 4005, 4006, 4007, 4010, 4029, 4030, 4059, 4064, 4101, 4102, 4120, 4169, 4170, 4009, 4011, 4012, 4031, 4051, 4053, 4060, 4065, 4066, 4067, 4068, 4103, 4104, 4105, 4121, 4151, 4152, 4171, 4172, 4008, 4013, 4014, 4032, 4054, 4061, 4075, 4106, 4107, 4153, 4174, 4034, 4018, 4111, 4122, 4035, 4073, 4074, 4108, 4109, 4110, 4113, 4154, 4155, 4173, 4178, 4017, 4036, 4076, 4077, 4112, 4116, 4119, 4123, 4156, 4158, 4179, 4078, 4114, 4115, 4117, 4127, 4157, 4159, 4161, 4118, 4128, 4160, 4163, 4129, 4131, 4132, 4164, 4072, 4009, 4011, 4012, 4031, 4051, 4053, 4060, 4065, 4066, 4067, 4068, 4103, 4104, 4105, 4121, 4151, 4152, 4171, 4172, 4008, 4013, 4014, 4032, 4054, 4061, 4075, 4106, 4107, 4153, 4174, 4034, 4018, 4111, 4122, 4035, 4073, 4074, 4108, 4109, 4110, 4113, 4154, 4155, 4173, 4178, 4017, 4036, 4076, 4077, 4112, 4116, 4119, 4123, 4156, 4158, 4179, 4078, 4114, 4115, 4117, 4127, 4157, 4159, 4161, 4118, 4128, 4160, 4163, 4129, 4131, 4132, 4164, 4072",Valentine's Day Brisbane,All orders,,$24.95
339,56588,Valentine's Day Brisbane,"4000, 4005, 4006, 4007, 4010, 4029, 4030, 4059, 4064, 4101, 4102, 4120, 4169, 4170, 4009, 4011, 4012, 4031, 4051, 4053, 4060, 4065, 4066, 4067, 4068, 4103, 4104, 4105, 4121, 4151, 4152, 4171, 4172, 4008, 4013, 4014, 4032, 4054, 4061, 4075, 4106, 4107, 4153, 4174, 4034, 4018, 4111, 4122, 4035, 4073, 4074, 4108, 4109, 4110, 4113, 4154, 4155, 4173, 4178, 4017, 4036, 4076, 4077, 4112, 4116, 4119, 4123, 4156, 4158, 4179, 4078, 4114, 4115, 4117, 4127, 4157, 4159, 4161, 4118, 4128, 4160, 4163, 4129, 4131, 4132, 4164, 4072, 4009, 4011, 4012, 4031, 4051, 4053, 4060, 4065, 4066, 4067, 4068, 4103, 4104, 4105, 4121, 4151, 4152, 4171, 4172, 4008, 4013, 4014, 4032, 4054, 4061, 4075, 4106, 4107, 4153, 4174, 4034, 4018, 4111, 4122, 4035, 4073, 4074, 4108, 4109, 4110, 4113, 4154, 4155, 4173, 4178, 4017, 4036, 4076, 4077, 4112, 4116, 4119, 4123, 4156, 4158, 4179, 4078, 4114, 4115, 4117, 4127, 4157, 4159, 4161, 4118, 4128, 4160, 4163, 4129, 4131, 4132, 4164, 4072",Exception Product,Restricted For Brisbane,,
340,56589,Valentine's Day Canberra,"2600, 2911, 2912, 2913, 2914, 2601, 2602, 2603, 2604, 2605, 2606, 2607, 2609, 2611, 2612, 2614, 2615, 2617, 2620, 2900, 2902, 2903, 2904, 2905, 2906",Valentine's Day Canberra,All orders,,$24.95
341,56589,Valentine's Day Canberra,"2600, 2911, 2912, 2913, 2914, 2601, 2602, 2603, 2604, 2605, 2606, 2607, 2609, 2611, 2612, 2614, 2615, 2617, 2620, 2900, 2902, 2903, 2904, 2905, 2906",Exception Product,Restricted For Canberra,,
342,61173,Valentine's Day Central Coast,"2250, 2251, 2256, 2257, 2258, 2259, 2260, 2261, 2263, 2083",Valentine's Day Central Coast,All orders,,$24.95
343,61173,Valentine's Day Central Coast,"2250, 2251, 2256, 2257, 2258, 2259, 2260, 2261, 2263, 2083",Exception Product,Restricted For Central Coast,,
344,56595,Valentine's Day Perth,"6000, 6003, 6004, 6005, 6006, 6007, 6008, 6009, 6010, 6011, 6012, 6014, 6015, 6016, 6017, 6018, 6019, 6020, 6021, 6022, 6023, 6024, 6025, 6026, 6027, 6029, 6050, 6051, 6052, 6053, 6054, 6055, 6056, 6057, 6058, 6059, 6060, 6061, 6062, 6063, 6064, 6065, 6066, 6068, 6070, 6090, 6100, 6101, 6102, 6103, 6104, 6105, 6106, 6107, 6108, 6109, 6110, 6111, 6112, 6121, 6147, 6148, 6149, 6150, 6151, 6152, 6153, 6154, 6155, 6156, 6157, 6158, 6159, 6160, 6162, 6163, 6164, 6165, 6166, 6167, 6168, 6170, 6168, 6169, 6171, 6172, 6173, 6166, 6028, 6030, 6031, 6036, 6067, 6069, 6071, 6072, 6073, 6074, 6076, 6081, 6082, 6083, 6084, 6123, 6122",Valentine's Day Perth,All orders,,$24.95
345,56595,Valentine's Day Perth,"6000, 6003, 6004, 6005, 6006, 6007, 6008, 6009, 6010, 6011, 6012, 6014, 6015, 6016, 6017, 6018, 6019, 6020, 6021, 6022, 6023, 6024, 6025, 6026, 6027, 6029, 6050, 6051, 6052, 6053, 6054, 6055, 6056, 6057, 6058, 6059, 6060, 6061, 6062, 6063, 6064, 6065, 6066, 6068, 6070, 6090, 6100, 6101, 6102, 6103, 6104, 6105, 6106, 6107, 6108, 6109, 6110, 6111, 6112, 6121, 6147, 6148, 6149, 6150, 6151, 6152, 6153, 6154, 6155, 6156, 6157, 6158, 6159, 6160, 6162, 6163, 6164, 6165, 6166, 6167, 6168, 6170, 6168, 6169, 6171, 6172, 6173, 6166, 6028, 6030, 6031, 6036, 6067, 6069, 6071, 6072, 6073, 6074, 6076, 6081, 6082, 6083, 6084, 6123, 6122",Exception Product,Restricted For Perth,,
346,56593,Valentine's Day Sunshine coast,"4551, 4553, 4556, 4560, 4557, 4558, 4564, 4566, 4567, 4572, 4573, 4575",Valentine's Day Sunshine Coast,All orders,Valentine's Day Sunshine Coast,$24.95
347,56593,Valentine's Day Sunshine coast,"4551, 4553, 4556, 4560, 4557, 4558, 4564, 4566, 4567, 4572, 4573, 4575",Exception Product,Restricted For Sunshine Coast,,
348,56596,Valentine's Day Sydney,"2000, 2007, 2008, 2009, 2010, 2011, 2015, 2016, 2017, 2018, 2020, 2021, 2022, 2032, 2033, 2037, 2042, 2043, 2044, 2050, 2019, 2023, 2024, 2025, 2026, 2027, 2028, 2029, 2031, 2034, 2035, 2036, 2038, 2039, 2040, 2041, 2045, 2048, 2049, 2193, 2204, 2205, 2206, 2030, 2046, 2047, 2048, 2060, 2061, 2089, 2130, 2131, 2132, 2133, 2194, 2203, 2207, 2208, 2216, 2217, 2218, 2219, 2062, 2063, 2064, 2065, 2066, 2067, 2068, 2069, 2088, 2090, 2092, 2093, 2110, 2111, 2134, 2135, 2136, 2208, 2209, 2220, 2221, 2087, 2094, 2095, 2112, 2113, 2114, 2137, 2138, 2191, 2192, 2195, 2196, 2210, 2222, 2223, 2070, 2071, 2072, 2100, 2122, 2140, 2141, 2143, 2190, 2199, 2200, 2211, 2224, 2228, 2229, 2074, 2075, 2085, 2086, 2096, 2099, 2115, 2116, 2121, 2127, 2128, 2144, 2117, 2142, 2150, 2153, 2160, 2162, 2197, 2212, 2213, 2214, 2225, 2226, 2227, 2232, 2234, 2073, 2076, 2077, 2097, 2118, 2119, 2163, 2101, 2145, 2151, 2161, 2166, 2231, 2230, 2102, 2103, 2120, 2125, 2152, 2164, 2165, 2170, 2172, 2173, 2198, 2233, 2126, 2146, 2147, 2154, 2168, 2177, 2148, 2171, 2176, 2766, 2767, 2155, 2175, 2178, 2763, 2768, 2167, 2179, 2174, 2564, 2557, 2762, 2565, 2759, 2761, 2559, 2566, 2748, 2749, 2760, 2769, 2770, 2558, 2747, 2765, 2567, 2750, 2104, 2106, 2107, 2556, 2555, 2745, 2560, 2079, 2080, 2081, 2082, 2157, 2158, 2159, 2156, 2158, 2108, 2159, 2157, 2570, 2753, 2777, 2774, 2754",Valentine's Day Sydney,All orders,,$24.95
349,56596,Valentine's Day Sydney,"2000, 2007, 2008, 2009, 2010, 2011, 2015, 2016, 2017, 2018, 2020, 2021, 2022, 2032, 2033, 2037, 2042, 2043, 2044, 2050, 2019, 2023, 2024, 2025, 2026, 2027, 2028, 2029, 2031, 2034, 2035, 2036, 2038, 2039, 2040, 2041, 2045, 2048, 2049, 2193, 2204, 2205, 2206, 2030, 2046, 2047, 2048, 2060, 2061, 2089, 2130, 2131, 2132, 2133, 2194, 2203, 2207, 2208, 2216, 2217, 2218, 2219, 2062, 2063, 2064, 2065, 2066, 2067, 2068, 2069, 2088, 2090, 2092, 2093, 2110, 2111, 2134, 2135, 2136, 2208, 2209, 2220, 2221, 2087, 2094, 2095, 2112, 2113, 2114, 2137, 2138, 2191, 2192, 2195, 2196, 2210, 2222, 2223, 2070, 2071, 2072, 2100, 2122, 2140, 2141, 2143, 2190, 2199, 2200, 2211, 2224, 2228, 2229, 2074, 2075, 2085, 2086, 2096, 2099, 2115, 2116, 2121, 2127, 2128, 2144, 2117, 2142, 2150, 2153, 2160, 2162, 2197, 2212, 2213, 2214, 2225, 2226, 2227, 2232, 2234, 2073, 2076, 2077, 2097, 2118, 2119, 2163, 2101, 2145, 2151, 2161, 2166, 2231, 2230, 2102, 2103, 2120, 2125, 2152, 2164, 2165, 2170, 2172, 2173, 2198, 2233, 2126, 2146, 2147, 2154, 2168, 2177, 2148, 2171, 2176, 2766, 2767, 2155, 2175, 2178, 2763, 2768, 2167, 2179, 2174, 2564, 2557, 2762, 2565, 2759, 2761, 2559, 2566, 2748, 2749, 2760, 2769, 2770, 2558, 2747, 2765, 2567, 2750, 2104, 2106, 2107, 2556, 2555, 2745, 2560, 2079, 2080, 2081, 2082, 2157, 2158, 2159, 2156, 2158, 2108, 2159, 2157, 2570, 2753, 2777, 2774, 2754",Exception Product,"Restricted For Delivery,Restricted For Sydney",,
350,66323,Valentine's Day Sydney Special,"2000, 2007, 2008, 2009, 2010, 2011, 2015, 2016, 2017, 2018, 2020, 2021, 2022, 2032, 2033, 2037, 2042, 2043, 2044, 2050, 2019, 2023, 2024, 2025, 2026, 2027, 2028, 2029, 2031, 2034, 2035, 2036, 2038, 2039, 2040, 2041, 2045, 2048, 2049, 2193, 2204, 2205, 2206, 2030, 2046, 2047, 2048, 2060, 2061, 2089, 2130, 2131, 2132, 2133, 2194, 2203, 2207, 2208, 2216, 2217, 2218, 2219",Sydney Standard Delivery,All orders,Sydney Standard Delivery,$45.00
351,66323,Valentine's Day Sydney Special,"2000, 2007, 2008, 2009, 2010, 2011, 2015, 2016, 2017, 2018, 2020, 2021, 2022, 2032, 2033, 2037, 2042, 2043, 2044, 2050, 2019, 2023, 2024, 2025, 2026, 2027, 2028, 2029, 2031, 2034, 2035, 2036, 2038, 2039, 2040, 2041, 2045, 2048, 2049, 2193, 2204, 2205, 2206, 2030, 2046, 2047, 2048, 2060, 2061, 2089, 2130, 2131, 2132, 2133, 2194, 2203, 2207, 2208, 2216, 2217, 2218, 2219",Exception Product,Restricted For Sydney,,
352,56597,Valentine's Day Wollongong,"2500, 2502, 2505, 2506, 2516, 2517, 2518, 2519, 2520, 2525, 2526, 2527, 2528, 2529, 2530, 2533, 2534, 2508, 2515",Valentine's Day Wollongong,All orders,,$24.95
353,56597,Valentine's Day Wollongong,"2500, 2502, 2505, 2506, 2516, 2517, 2518, 2519, 2520, 2525, 2526, 2527, 2528, 2529, 2530, 2533, 2534, 2508, 2515",Exception Product,Restricted For Wollongong,,
354,57529,Wollongong Mothers Day Delivery,"2500, 2502, 2505, 2506, 2516, 2517, 2518, 2519, 2520, 2525, 2526, 2527, 2528, 2529, 2530, 2533, 2534, 2508, 2515",Mother's Day Sunday Delivery Wollongong,All orders,Mother's Day Sunday Delivery Wollongong,$24.95
355,57529,Wollongong Mothers Day Delivery,"2500, 2502, 2505, 2506, 2516, 2517, 2518, 2519, 2520, 2525, 2526, 2527, 2528, 2529, 2530, 2533, 2534, 2508, 2515",Exception Product,Restricted For Wollongong,,
356,62392,Wollongong Mothers Day Delivery copy,"2500, 2502, 2505, 2506, 2516, 2517, 2518, 2519, 2520, 2525, 2526, 2527, 2528, 2529, 2530, 2533, 2534, 2508, 2515",Mother's Day Saturday Delivery Wollongong,All orders,Mother's Day Saturday Delivery Wollongong,$24.95
357,62392,Wollongong Mothers Day Delivery copy,"2500, 2502, 2505, 2506, 2516, 2517, 2518, 2519, 2520, 2525, 2526, 2527, 2528, 2529, 2530, 2533, 2534, 2508, 2515",Exception Product,Restricted For Wollongong,,
358,47840,Priority Shipping,"2000, 2007, 2008, 2009, 2010, 2011, 2015, 2016, 2017, 2018, 2020, 2021, 2022, 2032, 2033, 2037, 2042, 2043, 2044, 2050, 2019, 2023, 2024, 2025, 2026, 2027, 2028, 2029, 2031, 2034, 2035, 2036, 2038, 2039, 2040, 2041, 2045, 2048, 2049, 2193, 2204, 2205, 2206, 2030, 2046, 2047, 2048, 2060, 2061, 2089, 2130, 2131, 2132, 2133, 2194, 2203, 2207, 2208, 2216, 2217, 2218, 2219, 2062, 2063, 2064, 2065, 2066, 2067, 2068, 2069, 2088, 2090, 2092, 2093, 2110, 2111, 2134, 2135, 2136, 2208, 2209, 2220, 2221, 2087, 2094, 2095, 2112, 2113, 2114, 2137, 2138, 2191, 2192, 2195, 2196, 2210, 2222, 2223, 2070, 2071, 2072, 2100, 2122, 2140, 2141, 2143, 2190, 2199, 2200, 2211, 2224, 2228, 2229, 2074, 2075, 2085, 2086, 2096, 2099, 2115, 2116, 2121, 2127, 2128, 2144, 2117, 2142, 2150, 2153, 2160, 2162, 2197, 2212, 2213, 2214, 2225, 2226, 2227, 2230, 2232, 2234, 2073, 2076, 2077, 2097, 2118, 2119, 2163, 2101, 2145, 2151, 2161, 2166, 2231, 2102, 2103, 2120, 2125, 2152, 2164, 2165, 2170, 2172, 2173, 2198, 2233, 2126, 2146, 2147, 2154, 2168, 2177, 2148, 2171, 2176, 2766, 2767, 2155, 2175, 2178, 2763, 2768, 2167, 2179, 2174, 2564, 2557, 2762, 2565, 2759, 2761, 2559, 2566, 2748, 2749, 2760, 2769, 2770, 2558, 2560, 2747, 2765, 2567, 2750",Priority Shipping,All orders,,$45.00
359,47840,Priority Shipping,"2000, 2007, 2008, 2009, 2010, 2011, 2015, 2016, 2017, 2018, 2020, 2021, 2022, 2032, 2033, 2037, 2042, 2043, 2044, 2050, 2019, 2023, 2024, 2025, 2026, 2027, 2028, 2029, 2031, 2034, 2035, 2036, 2038, 2039, 2040, 2041, 2045, 2048, 2049, 2193, 2204, 2205, 2206, 2030, 2046, 2047, 2048, 2060, 2061, 2089, 2130, 2131, 2132, 2133, 2194, 2203, 2207, 2208, 2216, 2217, 2218, 2219, 2062, 2063, 2064, 2065, 2066, 2067, 2068, 2069, 2088, 2090, 2092, 2093, 2110, 2111, 2134, 2135, 2136, 2208, 2209, 2220, 2221, 2087, 2094, 2095, 2112, 2113, 2114, 2137, 2138, 2191, 2192, 2195, 2196, 2210, 2222, 2223, 2070, 2071, 2072, 2100, 2122, 2140, 2141, 2143, 2190, 2199, 2200, 2211, 2224, 2228, 2229, 2074, 2075, 2085, 2086, 2096, 2099, 2115, 2116, 2121, 2127, 2128, 2144, 2117, 2142, 2150, 2153, 2160, 2162, 2197, 2212, 2213, 2214, 2225, 2226, 2227, 2230, 2232, 2234, 2073, 2076, 2077, 2097, 2118, 2119, 2163, 2101, 2145, 2151, 2161, 2166, 2231, 2102, 2103, 2120, 2125, 2152, 2164, 2165, 2170, 2172, 2173, 2198, 2233, 2126, 2146, 2147, 2154, 2168, 2177, 2148, 2171, 2176, 2766, 2767, 2155, 2175, 2178, 2763, 2768, 2167, 2179, 2174, 2564, 2557, 2762, 2565, 2759, 2761, 2559, 2566, 2748, 2749, 2760, 2769, 2770, 2558, 2560, 2747, 2765, 2567, 2750",Exception Products,Restricted For Sydney,,
360,49217,Priority Shipping - Brisbane - $35,"4008, 4013, 4014, 4032, 4054, 4061, 4075, 4106, 4107, 4153, 4174, 4034, 4018, 4111, 4122",Priority Shipping,All orders,Priority Shipping,$40.00
361,49217,Priority Shipping - Brisbane - $35,"4008, 4013, 4014, 4032, 4054, 4061, 4075, 4106, 4107, 4153, 4174, 4034, 4018, 4111, 4122",Exception Products,Restricted For Brisbane,,
362,56590,Valentine's Day gold coast,"4209, 4210, 4211, 4216, 4223, 4550, 4212, 4214, 4215, 4216, 4217, 4218, 4219, 4220, 4221, 4222, 4223, 4224, 4225, 4226, 4227, 4229, 4230",Valentine's Day Gold Coast,All orders,Valentine's Day Gold Coast,$24.95
363,56590,Valentine's Day gold coast,"4209, 4210, 4211, 4216, 4223, 4550, 4212, 4214, 4215, 4216, 4217, 4218, 4219, 4220, 4221, 4222, 4223, 4224, 4225, 4226, 4227, 4229, 4230",Exception Product,Restricted For Gold Coast,,
364,56591,Valentine's Day Melbourne,"3018, 3021, 3022, 3023, 3026, 3027, 3028, 3029, 3033, 3034, 3036, 3037, 3038, 3039, 3040, 3041, 3042, 3043, 3044, 3045, 3046, 3047, 3048, 3049, 3058, 3059, 3060, 3061, 3067, 3070, 3071, 3073, 3074, 3075, 3076, 3082, 3083, 3085, 3087, 3088, 3090, 3093, 3094, 3095, 3105, 3106, 3107, 3130, 3132, 3154, 3165, 3167, 3169, 3171, 3172, 3173, 3174, 3175, 3177, 3184, 3185, 3187, 3188, 3189, 3190, 3191, 3194, 3195, 3196, 3197, 3198, 3201, 3202, 3204, 3802, 3030, 3186, 3192, 3193, 3025, 3000, 3002, 3003, 3004, 3006, 3008, 3010, 3011, 3012, 3013, 3015, 3016, 3019, 3020, 3031, 3032, 3050, 3051, 3052, 3053, 3054, 3055, 3056, 3057, 3065, 3066, 3068, 3072, 3078, 3079, 3081, 3084, 3101, 3102, 3103, 3104, 3108, 3109, 3111, 3121, 3122, 3123, 3124, 3125, 3126, 3127, 3128, 3129, 3131, 3133, 3141, 3142, 3143, 3144, 3145, 3146, 3147, 3148, 3149, 3150, 3151, 3152, 3153, 3155, 3156, 3161, 3162, 3163, 3166, 3168, 3170, 3178, 3179, 3180, 3181, 3182, 3183, 3205, 3206, 3207, 3005, 3134, 3135, 3793, 3136, 3062, 3086, 3137, 3138, 3164, 3199, 3200, 3752, 3803, 3805, 3975, 3976, 3752",Valentine's Day Melbourne,All orders,Valentine's Day Melbourne,$24.95
365,56591,Valentine's Day Melbourne,"3018, 3021, 3022, 3023, 3026, 3027, 3028, 3029, 3033, 3034, 3036, 3037, 3038, 3039, 3040, 3041, 3042, 3043, 3044, 3045, 3046, 3047, 3048, 3049, 3058, 3059, 3060, 3061, 3067, 3070, 3071, 3073, 3074, 3075, 3076, 3082, 3083, 3085, 3087, 3088, 3090, 3093, 3094, 3095, 3105, 3106, 3107, 3130, 3132, 3154, 3165, 3167, 3169, 3171, 3172, 3173, 3174, 3175, 3177, 3184, 3185, 3187, 3188, 3189, 3190, 3191, 3194, 3195, 3196, 3197, 3198, 3201, 3202, 3204, 3802, 3030, 3186, 3192, 3193, 3025, 3000, 3002, 3003, 3004, 3006, 3008, 3010, 3011, 3012, 3013, 3015, 3016, 3019, 3020, 3031, 3032, 3050, 3051, 3052, 3053, 3054, 3055, 3056, 3057, 3065, 3066, 3068, 3072, 3078, 3079, 3081, 3084, 3101, 3102, 3103, 3104, 3108, 3109, 3111, 3121, 3122, 3123, 3124, 3125, 3126, 3127, 3128, 3129, 3131, 3133, 3141, 3142, 3143, 3144, 3145, 3146, 3147, 3148, 3149, 3150, 3151, 3152, 3153, 3155, 3156, 3161, 3162, 3163, 3166, 3168, 3170, 3178, 3179, 3180, 3181, 3182, 3183, 3205, 3206, 3207, 3005, 3134, 3135, 3793, 3136, 3062, 3086, 3137, 3138, 3164, 3199, 3200, 3752, 3803, 3805, 3975, 3976, 3752",Exception Product,Restricted For Melbourne,,
366,56594,Valentine's Day Newcastle,"2289, 2284, 2300, 2280, 2290, 2287, 2292, 2308, 2285, 2282, 2318, 2298, 2303, 2296, 2299, 2304, 2293, 2291, 2305, 2307, 2295, 2297, 2306, 2281, 2302",Valentine's Day Newcastle,All orders,,$24.95
367,56594,Valentine's Day Newcastle,"2289, 2284, 2300, 2280, 2290, 2287, 2292, 2308, 2285, 2282, 2318, 2298, 2303, 2296, 2299, 2304, 2293, 2291, 2305, 2307, 2295, 2297, 2306, 2281, 2302",Exception Product,Restricted For Newcastle,,
