,id,shippingname,postcodes,rulename,rules,change,price
0,26202,AU Wide Brisbane,"4019, 4020, 4021, 4022, 4037, 4055, 4069, 4070, 4124, 4125, 4130, 4133, 4165, 4205, 4207, 4208, 4209, 4210, 4211, 4212, 4213, 4214, 4215, 4216, 4217, 4218, 4219, 4220, 4221, 4222, 4223, 4224, 4225, 4226, 4227, 4229, 4230, 4270, 4271, 4272, 4275, 4280, 4285, 4300, 4301, 4303, 4304, 4305, 4306, 4307, 4309, 4310, 4311, 4340, 4341, 4342, 4343, 4344, 4345, 4346, 4347, 4350, 4352, 4355, 4358, 4359, 4360, 4361, 4362, 4363, 4364, 4370, 4375, 4377, 4378, 4380, 4381, 4383, 4390, 4401, 4402, 4405, 4411, 4412, 4413, 4415, 4417, 4454, 4455, 4486, 4487, 4496, 4497, 4501, 4502, 4503, 4504, 4505, 4506, 4507, 4508, 4509, 4510, 4511, 4517, 4518, 4519, 4520, 4521, 4550, 4551, 4552, 4553, 4555, 4556, 4557, 4558, 4559, 4560, 4561, 4562, 4563, 4564, 4565, 4566, 4567, 4568, 4570, 4572, 4573, 4574, 4605, 4606, 4610, 4614, 4615, 4650, 4655, 4670, 4680, 4700, 4701, 4703, 4709, 4715, 4716, 4717, 4718, 4719, 4720, 4721, 4722, 4723, 4730, 4740, 4741, 4744, 4746, 4750, 4800, 4802, 4803, 4805, 4806, 4807, 4810, 4811, 4812, 4813, 4814, 4815, 4816, 4817, 4818, 4820, 4849, 4850, 4852, 4854, 4855, 4857, 4858, 4859, 4860, 4861, 4865, 4868, 4869, 4870, 4873, 4874, 4875, 4877, 4878, 4879, 4880, 4881, 4882, 4883, 4885, 4886, 4500",AU Wide Brisbane,All orders,,$14.95
1,26202,AU Wide Brisbane,"4019, 4020, 4021, 4022, 4037, 4055, 4069, 4070, 4124, 4125, 4130, 4133, 4165, 4205, 4207, 4208, 4209, 4210, 4211, 4212, 4213, 4214, 4215, 4216, 4217, 4218, 4219, 4220, 4221, 4222, 4223, 4224, 4225, 4226, 4227, 4229, 4230, 4270, 4271, 4272, 4275, 4280, 4285, 4300, 4301, 4303, 4304, 4305, 4306, 4307, 4309, 4310, 4311, 4340, 4341, 4342, 4343, 4344, 4345, 4346, 4347, 4350, 4352, 4355, 4358, 4359, 4360, 4361, 4362, 4363, 4364, 4370, 4375, 4377, 4378, 4380, 4381, 4383, 4390, 4401, 4402, 4405, 4411, 4412, 4413, 4415, 4417, 4454, 4455, 4486, 4487, 4496, 4497, 4501, 4502, 4503, 4504, 4505, 4506, 4507, 4508, 4509, 4510, 4511, 4517, 4518, 4519, 4520, 4521, 4550, 4551, 4552, 4553, 4555, 4556, 4557, 4558, 4559, 4560, 4561, 4562, 4563, 4564, 4565, 4566, 4567, 4568, 4570, 4572, 4573, 4574, 4605, 4606, 4610, 4614, 4615, 4650, 4655, 4670, 4680, 4700, 4701, 4703, 4709, 4715, 4716, 4717, 4718, 4719, 4720, 4721, 4722, 4723, 4730, 4740, 4741, 4744, 4746, 4750, 4800, 4802, 4803, 4805, 4806, 4807, 4810, 4811, 4812, 4813, 4814, 4815, 4816, 4817, 4818, 4820, 4849, 4850, 4852, 4854, 4855, 4857, 4858, 4859, 4860, 4861, 4865, 4868, 4869, 4870, 4873, 4874, 4875, 4877, 4878, 4879, 4880, 4881, 4882, 4883, 4885, 4886, 4500",AU Wide Brisbane,Classic 12 Bright Pink Roses Gift Box,,
2,29275,AU Wide Delivery,"4560, 2611, 2315, 2316, 2317, 2319, 2322, 2320, 2335, 2311, 2325, 2326, 2327, 2421, 2321, 2323, 2330, 2328, 2329, 2331, 2333, 2334, 2336, 2535, 2536, 2538, 2539, 2540, 2541, 2574, 2576, 2571, 2572, 2573, 2752, 2575, 2577, 2578, 2579, 2622, 2540, 2083, 2286, 2264, 2265, 2267, 2278, 2283, 2258, 2616, 2618, 2619, 2620, 2900, 2902, 2903, 2904, 2905, 2906, 2911, 2912, 2913, 2914, 2583, 2671, 2791, 2792, 2793, 2794, 2795, 2798, 2799, 2800, 2804, 2805, 2806, 2807, 2809, 2810, 2845, 2846, 2847, 2864, 2865, 2870, 2871, 2876, 2372, 4377, 4380, 4383, 4385, 2357, 2396, 2818, 2820, 2821, 2822, 2823, 2824, 2825, 2826, 2827, 2829, 2830, 2831, 2835, 2838, 2839, 2840, 2843, 2866, 2867, 2868, 2869, 2877, 2450, 2452, 2454, 2455, 2456, 2462, 2465, 2312, 2324, 2337, 2420, 2422, 2423, 2426, 2427, 2428, 2429, 2431, 2439, 2441, 2443, 2444, 2445, 2447, 2448, 2449, 2641, 2643, 2646, 2647, 2659, 2660, 2713, 2717, 2733, 2736, 2737, 2739, 2878, 2734, 2735, 2738, 2338, 2339, 2340, 2341, 2343, 2345, 2346, 2347, 2350, 2351, 2352, 2354, 2360, 2365, 2370, 2371, 2380, 2381, 2386, 2388, 2390, 2400, 2402, 2403, 2440, 2453, 2460, 2470, 2471, 2472, 2473, 2474, 2475, 2478, 2479, 2480, 2481, 2482, 2483, 2489, 2588, 2590, 2594, 2645, 2649, 2650, 2651, 2652, 2653, 2655, 2656, 2658, 2661, 2663, 2665, 2666, 2668, 2678, 2680, 2681, 2701, 2702, 2703, 2705, 2706, 2707, 2710, 2711, 2716, 2720, 2722, 2725, 2729, 2730, 2712, 2714, 2537, 2545, 2546, 2548, 2549, 2550, 2551, 2587, 2618, 2619, 2626, 2630, 2803, 2640, 2644, 2484, 2485, 2563, 2568, 2569, 2754, 2105, 2084, 3139, 3164, 3199, 3200, 3781, 3800, 3803, 3804, 3805, 3806, 3807, 3808, 3809, 3810, 3812, 3813, 3814, 3815, 3816, 3910, 3911, 3912, 3913, 3915, 3916, 3918, 3919, 3920, 3926, 3927, 3928, 3929, 3930, 3931, 3933, 3934, 3936, 3937, 3938, 3939, 3940, 3941, 3942, 3943, 3944, 3975, 3976, 3977, 3978, 3980, 3981, 3984, 3987, 8785, 3212, 3214, 3215, 3216, 3217, 3218, 3219, 3220, 3222, 3223, 3224, 3225, 3226, 3227, 3228, 3230, 3231, 3232, 3240, 3328, 3330, 3331, 3332, 3333, 3334, 3342, 3345, 3350, 3353, 3354, 3355, 3356, 3357, 3363, 3370, 3371, 3460, 3464, 3467, 3468, 3469, 3364, 3446, 3447, 3448, 3450, 3451, 3453, 3458, 3461, 3462, 3463, 3472, 3515, 3516, 3517, 3520, 3550, 3552, 3555, 3556, 3570, 3571, 3575, 3576, 3444, 3521, 3522, 3607, 3659, 3660, 3661, 3662, 3663, 3664, 3665, 3666, 3670, 3671, 3672, 3673, 3676, 3677, 3687, 3688, 3689, 3690, 3691, 3694, 3695, 3697, 3698, 3700, 3704, 3705, 3708, 3709, 3711, 3712, 3713, 3714, 3715, 3717, 3718, 3719, 3720, 3722, 3724, 3725, 3726, 3732, 3733, 3735, 3736, 3737, 3738, 3739, 3746, 3747, 3749, 3779, 3699, 3701, 3707, 3723, 3818, 3820, 3821, 3822, 3823, 3824, 3825, 3831, 3832, 3835, 3840, 3842, 3844, 3847, 3851, 3852, 3853, 3854, 3856, 3857, 3858, 3859, 3860, 3862, 3864, 3865, 3869, 3870, 3871, 3873, 3874, 3878, 3880, 3885, 3886, 3887, 3888, 3889, 3890, 3891, 3892, 3893, 3895, 3896, 3900, 3902, 3903, 3904, 3909, 3921, 3922, 3923, 3925, 3945, 3946, 3950, 3951, 3953, 3954, 3956, 3957, 3958, 3959, 3960, 3962, 3964, 3965, 3966, 3967, 3971, 3979, 3988, 3990, 3991, 3992, 3995, 3996, 3319, 3373, 3374, 3375, 3377, 3378, 3380, 3381, 3384, 3385, 3387, 3388, 3391, 3392, 3393, 3395, 3396, 3400, 3409, 3412, 3413, 3414, 3415, 3418, 3419, 3420, 3423, 3424, 3465, 3475, 3477, 3478, 3480, 3482, 3483, 3485, 3487, 3488, 3489, 3491, 3494, 3496, 3498, 3500, 3501, 3502, 3506, 3507, 3509, 3512, 3518, 3525, 3527, 3529, 3530, 3531, 3533, 3537, 3540, 3542, 3544, 3546, 3549, 3567, 3568, 3579, 3580, 3581, 3583, 3584, 3585, 3586, 3588, 3589, 3590, 3591, 3594, 3595, 3596, 3597, 3599, 3523, 3557, 3558, 3559, 3561, 3562, 3563, 3564, 3565, 3566, 3572, 3573, 3608, 3610, 3612, 3614, 3616, 3617, 3618, 3619, 3620, 3621, 3622, 3623, 3624, 3629, 3630, 3631, 3632, 3633, 3634, 3635, 3636, 3637, 3638, 3639, 3640, 3643, 3644, 3646, 3647, 3649, 3669, 3675, 3727, 3728, 3730, 3318, 3490, 3213, 3221, 3233, 3234, 3235, 3236, 3237, 3238, 3239, 3241, 3242, 3243, 3249, 3250, 3251, 3254, 3260, 3264, 3265, 3267, 3268, 3269, 3270, 3271, 3272, 3273, 3274, 3275, 3276, 3277, 3278, 3279, 3280, 3281, 3282, 3283, 3284, 3285, 3286, 3287, 3289, 3292, 3293, 3294, 3300, 3301, 3302, 3303, 3304, 3305, 3309, 3310, 3311, 3312, 3314, 3315, 3317, 3321, 3322, 3323, 3324, 3325, 3329, 3351, 3360, 3361, 3379, 3399, 3401, 3402, 3407, 3086, 3089, 3091, 3096, 3097, 3099, 3750, 3751, 3752, 3753, 3754, 3755, 3757, 3758, 3759, 3760, 3761, 3763, 3062, 3063, 3064, 3428, 3429, 3430, 3431, 3432, 3433, 3434, 3435, 3437, 3438, 3440, 3441, 3442, 3756, 3762, 3764, 3139, 3164, 3781, 3782, 3783, 3800, 3803, 3804, 3805, 3806, 3807, 3808, 3809, 3810, 3812, 3813, 3814, 3815, 3816, 3975, 3976, 3978, 3980, 3981, 3984, 3987, 8785, 3113, 3114, 3115, 3116, 3137, 3138, 3140, 3158, 3159, 3160, 3765, 3766, 3767, 3770, 3775, 3777, 3778, 3785, 3786, 3787, 3788, 3789, 3791, 3792, 3795, 3796, 3797, 3799, 3833, 3211, 3335, 3337, 3338, 3340, 3341, 3427",AU Wide Delivery,All orders,,$19.95
3,29275,AU Wide Delivery,"4560, 2611, 2315, 2316, 2317, 2319, 2322, 2320, 2335, 2311, 2325, 2326, 2327, 2421, 2321, 2323, 2330, 2328, 2329, 2331, 2333, 2334, 2336, 2535, 2536, 2538, 2539, 2540, 2541, 2574, 2576, 2571, 2572, 2573, 2752, 2575, 2577, 2578, 2579, 2622, 2540, 2083, 2286, 2264, 2265, 2267, 2278, 2283, 2258, 2616, 2618, 2619, 2620, 2900, 2902, 2903, 2904, 2905, 2906, 2911, 2912, 2913, 2914, 2583, 2671, 2791, 2792, 2793, 2794, 2795, 2798, 2799, 2800, 2804, 2805, 2806, 2807, 2809, 2810, 2845, 2846, 2847, 2864, 2865, 2870, 2871, 2876, 2372, 4377, 4380, 4383, 4385, 2357, 2396, 2818, 2820, 2821, 2822, 2823, 2824, 2825, 2826, 2827, 2829, 2830, 2831, 2835, 2838, 2839, 2840, 2843, 2866, 2867, 2868, 2869, 2877, 2450, 2452, 2454, 2455, 2456, 2462, 2465, 2312, 2324, 2337, 2420, 2422, 2423, 2426, 2427, 2428, 2429, 2431, 2439, 2441, 2443, 2444, 2445, 2447, 2448, 2449, 2641, 2643, 2646, 2647, 2659, 2660, 2713, 2717, 2733, 2736, 2737, 2739, 2878, 2734, 2735, 2738, 2338, 2339, 2340, 2341, 2343, 2345, 2346, 2347, 2350, 2351, 2352, 2354, 2360, 2365, 2370, 2371, 2380, 2381, 2386, 2388, 2390, 2400, 2402, 2403, 2440, 2453, 2460, 2470, 2471, 2472, 2473, 2474, 2475, 2478, 2479, 2480, 2481, 2482, 2483, 2489, 2588, 2590, 2594, 2645, 2649, 2650, 2651, 2652, 2653, 2655, 2656, 2658, 2661, 2663, 2665, 2666, 2668, 2678, 2680, 2681, 2701, 2702, 2703, 2705, 2706, 2707, 2710, 2711, 2716, 2720, 2722, 2725, 2729, 2730, 2712, 2714, 2537, 2545, 2546, 2548, 2549, 2550, 2551, 2587, 2618, 2619, 2626, 2630, 2803, 2640, 2644, 2484, 2485, 2563, 2568, 2569, 2754, 2105, 2084, 3139, 3164, 3199, 3200, 3781, 3800, 3803, 3804, 3805, 3806, 3807, 3808, 3809, 3810, 3812, 3813, 3814, 3815, 3816, 3910, 3911, 3912, 3913, 3915, 3916, 3918, 3919, 3920, 3926, 3927, 3928, 3929, 3930, 3931, 3933, 3934, 3936, 3937, 3938, 3939, 3940, 3941, 3942, 3943, 3944, 3975, 3976, 3977, 3978, 3980, 3981, 3984, 3987, 8785, 3212, 3214, 3215, 3216, 3217, 3218, 3219, 3220, 3222, 3223, 3224, 3225, 3226, 3227, 3228, 3230, 3231, 3232, 3240, 3328, 3330, 3331, 3332, 3333, 3334, 3342, 3345, 3350, 3353, 3354, 3355, 3356, 3357, 3363, 3370, 3371, 3460, 3464, 3467, 3468, 3469, 3364, 3446, 3447, 3448, 3450, 3451, 3453, 3458, 3461, 3462, 3463, 3472, 3515, 3516, 3517, 3520, 3550, 3552, 3555, 3556, 3570, 3571, 3575, 3576, 3444, 3521, 3522, 3607, 3659, 3660, 3661, 3662, 3663, 3664, 3665, 3666, 3670, 3671, 3672, 3673, 3676, 3677, 3687, 3688, 3689, 3690, 3691, 3694, 3695, 3697, 3698, 3700, 3704, 3705, 3708, 3709, 3711, 3712, 3713, 3714, 3715, 3717, 3718, 3719, 3720, 3722, 3724, 3725, 3726, 3732, 3733, 3735, 3736, 3737, 3738, 3739, 3746, 3747, 3749, 3779, 3699, 3701, 3707, 3723, 3818, 3820, 3821, 3822, 3823, 3824, 3825, 3831, 3832, 3835, 3840, 3842, 3844, 3847, 3851, 3852, 3853, 3854, 3856, 3857, 3858, 3859, 3860, 3862, 3864, 3865, 3869, 3870, 3871, 3873, 3874, 3878, 3880, 3885, 3886, 3887, 3888, 3889, 3890, 3891, 3892, 3893, 3895, 3896, 3900, 3902, 3903, 3904, 3909, 3921, 3922, 3923, 3925, 3945, 3946, 3950, 3951, 3953, 3954, 3956, 3957, 3958, 3959, 3960, 3962, 3964, 3965, 3966, 3967, 3971, 3979, 3988, 3990, 3991, 3992, 3995, 3996, 3319, 3373, 3374, 3375, 3377, 3378, 3380, 3381, 3384, 3385, 3387, 3388, 3391, 3392, 3393, 3395, 3396, 3400, 3409, 3412, 3413, 3414, 3415, 3418, 3419, 3420, 3423, 3424, 3465, 3475, 3477, 3478, 3480, 3482, 3483, 3485, 3487, 3488, 3489, 3491, 3494, 3496, 3498, 3500, 3501, 3502, 3506, 3507, 3509, 3512, 3518, 3525, 3527, 3529, 3530, 3531, 3533, 3537, 3540, 3542, 3544, 3546, 3549, 3567, 3568, 3579, 3580, 3581, 3583, 3584, 3585, 3586, 3588, 3589, 3590, 3591, 3594, 3595, 3596, 3597, 3599, 3523, 3557, 3558, 3559, 3561, 3562, 3563, 3564, 3565, 3566, 3572, 3573, 3608, 3610, 3612, 3614, 3616, 3617, 3618, 3619, 3620, 3621, 3622, 3623, 3624, 3629, 3630, 3631, 3632, 3633, 3634, 3635, 3636, 3637, 3638, 3639, 3640, 3643, 3644, 3646, 3647, 3649, 3669, 3675, 3727, 3728, 3730, 3318, 3490, 3213, 3221, 3233, 3234, 3235, 3236, 3237, 3238, 3239, 3241, 3242, 3243, 3249, 3250, 3251, 3254, 3260, 3264, 3265, 3267, 3268, 3269, 3270, 3271, 3272, 3273, 3274, 3275, 3276, 3277, 3278, 3279, 3280, 3281, 3282, 3283, 3284, 3285, 3286, 3287, 3289, 3292, 3293, 3294, 3300, 3301, 3302, 3303, 3304, 3305, 3309, 3310, 3311, 3312, 3314, 3315, 3317, 3321, 3322, 3323, 3324, 3325, 3329, 3351, 3360, 3361, 3379, 3399, 3401, 3402, 3407, 3086, 3089, 3091, 3096, 3097, 3099, 3750, 3751, 3752, 3753, 3754, 3755, 3757, 3758, 3759, 3760, 3761, 3763, 3062, 3063, 3064, 3428, 3429, 3430, 3431, 3432, 3433, 3434, 3435, 3437, 3438, 3440, 3441, 3442, 3756, 3762, 3764, 3139, 3164, 3781, 3782, 3783, 3800, 3803, 3804, 3805, 3806, 3807, 3808, 3809, 3810, 3812, 3813, 3814, 3815, 3816, 3975, 3976, 3978, 3980, 3981, 3984, 3987, 8785, 3113, 3114, 3115, 3116, 3137, 3138, 3140, 3158, 3159, 3160, 3765, 3766, 3767, 3770, 3775, 3777, 3778, 3785, 3786, 3787, 3788, 3789, 3791, 3792, 3795, 3796, 3797, 3799, 3833, 3211, 3335, 3337, 3338, 3340, 3341, 3427",Exception Products,Restricted For AUWide,,
4,49685,AU Wide Delivery,"2500, 2502, 2505, 2506, 2508, 2515, 2516, 2517, 2518, 2519, 2520, 2522, 2525, 2526, 2527, 2528, 2529, 2530, 2533, 2534",AU Wide Delivery,All orders,,$16.95
5,49685,AU Wide Delivery,"2500, 2502, 2505, 2506, 2508, 2515, 2516, 2517, 2518, 2519, 2520, 2522, 2525, 2526, 2527, 2528, 2529, 2530, 2533, 2534",AU Wide Delivery,Restricted For Wollong,,
6,56328,AU Wide Delivery - Adelaide Hamper,"5000, 5001, 5006, 5007, 5008, 5009, 5010, 5011, 5012, 5013, 5014, 5015, 5016, 5017, 5018, 5019, 5020, 5021, 5022, 5023, 5024, 5025, 5031, 5032, 5033, 5034, 5035, 5037, 5038, 5039, 5040, 5041, 5042, 5043, 5044, 5045, 5046, 5047, 5048, 5049, 5050, 5051, 5052, 5061, 5062, 5063, 5064, 5065, 5066, 5067, 5068, 5069, 5070, 5071, 5072, 5073, 5074, 5075, 5076, 5081, 5082, 5083, 5084, 5085, 5086, 5087, 5088, 5090, 5091, 5092, 5093, 5094, 5095, 5096, 5097, 5098, 5106, 5107, 5108, 5109, 5110, 5111, 5112, 5113, 5114, 5115, 5125, 5126, 5127, 5140, 5157, 5158, 5159, 5160, 5161, 5162, 5163, 5164, 5165, 5166, 5168, 5800, 5810, 5839, 5920, 5930, 5942, 5950, 5016, 5018, 5020, 5022, 5025, 5040, 5041, 5043, 5047, 5049, 5052, 5062, 5064, 5066, 5068, 5071, 5072, 5074, 5075, 5076, 5082, 5085, 5086, 5089, 5090, 5091, 5093, 5097, 5106, 5116, 5117, 5120, 5121, 5129, 5130, 5131, 5132, 5133, 5134, 5136, 5137, 5138, 5139, 5140, 5141, 5142, 5144, 5150, 5151, 5152, 5153, 5154, 5155, 5156, 5157, 5158, 5159, 5161, 5163, 5164, 5165, 5166, 5167",AU Wide Delivery,All orders,AU Wide Delivery,$19.95
7,56328,AU Wide Delivery - Adelaide Hamper,"5000, 5001, 5006, 5007, 5008, 5009, 5010, 5011, 5012, 5013, 5014, 5015, 5016, 5017, 5018, 5019, 5020, 5021, 5022, 5023, 5024, 5025, 5031, 5032, 5033, 5034, 5035, 5037, 5038, 5039, 5040, 5041, 5042, 5043, 5044, 5045, 5046, 5047, 5048, 5049, 5050, 5051, 5052, 5061, 5062, 5063, 5064, 5065, 5066, 5067, 5068, 5069, 5070, 5071, 5072, 5073, 5074, 5075, 5076, 5081, 5082, 5083, 5084, 5085, 5086, 5087, 5088, 5090, 5091, 5092, 5093, 5094, 5095, 5096, 5097, 5098, 5106, 5107, 5108, 5109, 5110, 5111, 5112, 5113, 5114, 5115, 5125, 5126, 5127, 5140, 5157, 5158, 5159, 5160, 5161, 5162, 5163, 5164, 5165, 5166, 5168, 5800, 5810, 5839, 5920, 5930, 5942, 5950, 5016, 5018, 5020, 5022, 5025, 5040, 5041, 5043, 5047, 5049, 5052, 5062, 5064, 5066, 5068, 5071, 5072, 5074, 5075, 5076, 5082, 5085, 5086, 5089, 5090, 5091, 5093, 5097, 5106, 5116, 5117, 5120, 5121, 5129, 5130, 5131, 5132, 5133, 5134, 5136, 5137, 5138, 5139, 5140, 5141, 5142, 5144, 5150, 5151, 5152, 5153, 5154, 5155, 5156, 5157, 5158, 5159, 5161, 5163, 5164, 5165, 5166, 5167",Exception Products,Restricted For Adelaide,,
8,56329,AU Wide Delivery - Brisbane Hamper,"4000, 4005, 4006, 4007, 4010, 4029, 4030, 4059, 4064, 4101, 4102, 4120, 4169, 4170, 4009, 4011, 4012, 4031, 4051, 4053, 4060, 4065, 4066, 4067, 4068, 4103, 4104, 4105, 4121, 4151, 4152, 4171, 4172, 4008, 4013, 4014, 4032, 4054, 4061, 4075, 4106, 4107, 4153, 4174, 4034, 4018, 4111, 4122, 4035, 4073, 4074, 4108, 4109, 4110, 4113, 4154, 4155, 4173, 4178, 4017, 4036, 4076, 4077, 4112, 4116, 4119, 4123, 4156, 4158, 4179, 4078, 4114, 4115, 4117, 4127, 4157, 4159, 4161, 4118, 4128, 4160, 4163, 4129, 4131, 4132, 4164",AU Wide Delivery,All orders,AU Wide Delivery,$19.95
9,56329,AU Wide Delivery - Brisbane Hamper,"4000, 4005, 4006, 4007, 4010, 4029, 4030, 4059, 4064, 4101, 4102, 4120, 4169, 4170, 4009, 4011, 4012, 4031, 4051, 4053, 4060, 4065, 4066, 4067, 4068, 4103, 4104, 4105, 4121, 4151, 4152, 4171, 4172, 4008, 4013, 4014, 4032, 4054, 4061, 4075, 4106, 4107, 4153, 4174, 4034, 4018, 4111, 4122, 4035, 4073, 4074, 4108, 4109, 4110, 4113, 4154, 4155, 4173, 4178, 4017, 4036, 4076, 4077, 4112, 4116, 4119, 4123, 4156, 4158, 4179, 4078, 4114, 4115, 4117, 4127, 4157, 4159, 4161, 4118, 4128, 4160, 4163, 4129, 4131, 4132, 4164",Exception Products,"Restricted For Brisbane,Restricted For Perth",,
10,49686,AU Wide Delivery - Canberra,"2600, 2601, 2602, 2603, 2604, 2605, 2606, 2607, 2608, 2609, 2611, 2612, 2614, 2615, 2617",AU Wide Delivery,All orders,AU Wide Delivery,$16.95
11,49686,AU Wide Delivery - Canberra,"2600, 2601, 2602, 2603, 2604, 2605, 2606, 2607, 2608, 2609, 2611, 2612, 2614, 2615, 2617",Exception Products,Restricted For Canberra,,
12,56330,AU Wide Delivery - Canberra,"2600, 2601, 2602, 2603, 2604, 2605, 2606, 2607, 2609, 2611, 2612, 2614, 2615, 2617, 2618, 2619, 2620, 2911, 2912, 2913, 2914",AU Wide Delivery,All orders,AU Wide Delivery,$19.95
13,56330,AU Wide Delivery - Canberra,"2600, 2601, 2602, 2603, 2604, 2605, 2606, 2607, 2609, 2611, 2612, 2614, 2615, 2617, 2618, 2619, 2620, 2911, 2912, 2913, 2914",Exception Products,Restricted For Canberra,,
14,49687,AU Wide Delivery - Central Coast,"2250, 2251, 2256, 2257, 2259, 2260, 2261, 2262, 2263",AU Wide Delivery,All orders,AU Wide Delivery,$19.95
15,49687,AU Wide Delivery - Central Coast,"2250, 2251, 2256, 2257, 2259, 2260, 2261, 2262, 2263",Exception Products,Restricted For Central Coast,,
16,56331,AU Wide Delivery - Gold Coast Hamper,"4205, 4209, 4210, 4211, 4212, 4214, 4215, 4216, 4217, 4218, 4220, 4221, 4223, 4224, 4225, 4226, 4227, 4228",AU Wide Delivery,All orders,AU Wide Delivery,$19.95
17,56331,AU Wide Delivery - Gold Coast Hamper,"4205, 4209, 4210, 4211, 4212, 4214, 4215, 4216, 4217, 4218, 4220, 4221, 4223, 4224, 4225, 4226, 4227, 4228",Exception Products,Restricted For Gold Coast,,
18,53991,AU Wide Delivery - Melbourne,"3000, 3002, 3003, 3004, 3006, 3008, 3010, 3011, 3012, 3013, 3015, 3016, 3019, 3020, 3025, 3031, 3032, 3050, 3051, 3052, 3053, 3054, 3055, 3056, 3057, 3065, 3066, 3068, 3072, 3078, 3079, 3081, 3084, 3101, 3102, 3103, 3104, 3108, 3109, 3111, 3121, 3122, 3123, 3124, 3125, 3126, 3127, 3128, 3129, 3131, 3133, 3141, 3142, 3143, 3144, 3145, 3146, 3147, 3148, 3149, 3150, 3151, 3152, 3153, 3155, 3156, 3161, 3162, 3163, 3166, 3168, 3170, 3178, 3179, 3180, 3181, 3182, 3183, 3205, 3206, 3207, 3018, 3021, 3022, 3023, 3026, 3027, 3028, 3029, 3033, 3034, 3036, 3037, 3038, 3039, 3040, 3041, 3042, 3043, 3044, 3045, 3046, 3047, 3048, 3049, 3058, 3059, 3060, 3061, 3067, 3070, 3071, 3073, 3074, 3075, 3076, 3082, 3083, 3085, 3087, 3088, 3090, 3093, 3094, 3095, 3105, 3106, 3107, 3130, 3132, 3154, 3165, 3167, 3169, 3171, 3172, 3173, 3174, 3175, 3177, 3184, 3185, 3187, 3188, 3189, 3190, 3191, 3194, 3195, 3196, 3197, 3198, 3201, 3202, 3204, 3802, 3005, 3134, 3135, 3136, 3793, 3030, 3186, 3192, 3193",AU Wide Delivery,All orders,AU Wide Delivery,$19.95
19,53991,AU Wide Delivery - Melbourne,"3000, 3002, 3003, 3004, 3006, 3008, 3010, 3011, 3012, 3013, 3015, 3016, 3019, 3020, 3025, 3031, 3032, 3050, 3051, 3052, 3053, 3054, 3055, 3056, 3057, 3065, 3066, 3068, 3072, 3078, 3079, 3081, 3084, 3101, 3102, 3103, 3104, 3108, 3109, 3111, 3121, 3122, 3123, 3124, 3125, 3126, 3127, 3128, 3129, 3131, 3133, 3141, 3142, 3143, 3144, 3145, 3146, 3147, 3148, 3149, 3150, 3151, 3152, 3153, 3155, 3156, 3161, 3162, 3163, 3166, 3168, 3170, 3178, 3179, 3180, 3181, 3182, 3183, 3205, 3206, 3207, 3018, 3021, 3022, 3023, 3026, 3027, 3028, 3029, 3033, 3034, 3036, 3037, 3038, 3039, 3040, 3041, 3042, 3043, 3044, 3045, 3046, 3047, 3048, 3049, 3058, 3059, 3060, 3061, 3067, 3070, 3071, 3073, 3074, 3075, 3076, 3082, 3083, 3085, 3087, 3088, 3090, 3093, 3094, 3095, 3105, 3106, 3107, 3130, 3132, 3154, 3165, 3167, 3169, 3171, 3172, 3173, 3174, 3175, 3177, 3184, 3185, 3187, 3188, 3189, 3190, 3191, 3194, 3195, 3196, 3197, 3198, 3201, 3202, 3204, 3802, 3005, 3134, 3135, 3136, 3793, 3030, 3186, 3192, 3193",Exception Products,Restricted For Melbourne,,
20,56332,AU Wide Delivery - Newcastle Hamper,"2289, 2284, 2300, 2280, 2290, 2287, 2292, 2308, 2285, 2282, 2318, 2298, 2303, 2296, 2299, 2304, 2293, 2291, 2305, 2307, 2295, 2297, 2306, 2281, 2294, 2302",AU Wide Delivery,All orders,AU Wide Delivery,$19.95
21,56332,AU Wide Delivery - Newcastle Hamper,"2289, 2284, 2300, 2280, 2290, 2287, 2292, 2308, 2285, 2282, 2318, 2298, 2303, 2296, 2299, 2304, 2293, 2291, 2305, 2307, 2295, 2297, 2306, 2281, 2294, 2302",Exception Products,Restricted For Newcastle,,
22,56333,AU Wide Delivery -Outer Brisbane & Surrounds Hamper,"4069, 4070, 4124, 4125, 4130, 4133, 4165, 4205, 4207, 4280, 4300, 4301, 4303, 4304, 4305, 4019, 4020, 4021, 4022, 4037, 4055, 4500, 4501, 4502, 4503, 4504, 4505, 4506, 4507, 4508, 4509, 4510, 4511, 4512, 4514, 4515, 4520, 4521, 4213, 4228, 4270, 4271, 4272, 4559",AU Wide Delivery,All orders,AU Wide Delivery,$19.95
23,56333,AU Wide Delivery -Outer Brisbane & Surrounds Hamper,"4069, 4070, 4124, 4125, 4130, 4133, 4165, 4205, 4207, 4280, 4300, 4301, 4303, 4304, 4305, 4019, 4020, 4021, 4022, 4037, 4055, 4500, 4501, 4502, 4503, 4504, 4505, 4506, 4507, 4508, 4509, 4510, 4511, 4512, 4514, 4515, 4520, 4521, 4213, 4228, 4270, 4271, 4272, 4559",Exception Products,Restricted For Outer Brisbane & Surrounds,,
24,56334,AU Wide Delivery - Perth Hamper,"6000, 6003, 6004, 6005, 6006, 6007, 6008, 6009, 6010, 6011, 6012, 6014, 6015, 6016, 6017, 6018, 6019, 6020, 6021, 6022, 6023, 6024, 6025, 6026, 6027, 6029, 6050, 6051, 6052, 6053, 6054, 6055, 6056, 6057, 6058, 6059, 6060, 6061, 6062, 6063, 6064, 6065, 6066, 6068, 6070, 6090, 6100, 6101, 6102, 6103, 6104, 6105, 6106, 6107, 6108, 6109, 6110, 6111, 6112, 6121, 6147, 6148, 6149, 6150, 6151, 6152, 6153, 6154, 6155, 6156, 6157, 6158, 6159, 6160, 6162, 6163, 6164, 6170, 6028, 6030, 6031, 6036, 6067, 6069, 6071, 6072, 6073, 6074, 6076, 6077, 6078, 6079, 6081, 6082, 6122, 6165, 6166, 6167, 6168, 6169, 6171, 6172, 6173",AU Wide Delivery,All orders,AU Wide Delivery,$19.95
25,56334,AU Wide Delivery - Perth Hamper,"6000, 6003, 6004, 6005, 6006, 6007, 6008, 6009, 6010, 6011, 6012, 6014, 6015, 6016, 6017, 6018, 6019, 6020, 6021, 6022, 6023, 6024, 6025, 6026, 6027, 6029, 6050, 6051, 6052, 6053, 6054, 6055, 6056, 6057, 6058, 6059, 6060, 6061, 6062, 6063, 6064, 6065, 6066, 6068, 6070, 6090, 6100, 6101, 6102, 6103, 6104, 6105, 6106, 6107, 6108, 6109, 6110, 6111, 6112, 6121, 6147, 6148, 6149, 6150, 6151, 6152, 6153, 6154, 6155, 6156, 6157, 6158, 6159, 6160, 6162, 6163, 6164, 6170, 6028, 6030, 6031, 6036, 6067, 6069, 6071, 6072, 6073, 6074, 6076, 6077, 6078, 6079, 6081, 6082, 6122, 6165, 6166, 6167, 6168, 6169, 6171, 6172, 6173",Exception Products,Restricted For Perth,,
26,56336,AU Wide Delivery - Sunshine Coast Hamper,"4550, 4551, 4553, 4556, 4557, 4558, 4560, 4564, 4566, 4567, 4572, 4573, 4575, 4516",AU Wide Delivery,All orders,AU Wide Delivery,$19.95
27,56336,AU Wide Delivery - Sunshine Coast Hamper,"4550, 4551, 4553, 4556, 4557, 4558, 4560, 4564, 4566, 4567, 4572, 4573, 4575, 4516",Exception Products,Restricted For Sunshine Coast,,
28,56337,AU Wide Delivery - Toowoomba Hamper,4350,AU Wide Delivery,All orders,AU Wide Delivery,$19.95
29,56337,AU Wide Delivery - Toowoomba Hamper,4350,Exception Products,Restricted For Toowoomba,,
30,56426,AU Wide Delivery - Wollongong Hamper,"2500, 2502, 2505, 2506, 2516, 2517, 2518, 2519, 2520, 2525, 2526, 2527, 2528, 2529, 2530, 2533, 2534, 2508, 2515",AU Wide Delivery,All orders,AU Wide Delivery,$19.95
31,56426,AU Wide Delivery - Wollongong Hamper,"2500, 2502, 2505, 2506, 2516, 2517, 2518, 2519, 2520, 2525, 2526, 2527, 2528, 2529, 2530, 2533, 2534, 2508, 2515",Exception Products,Restricted For Wollongong,,
32,25077,AU Wide Melbourne,"2717, 2738, 2739, 3024, 3062, 3064, 3086, 3089, 3113, 3114, 3115, 3116, 3136, 3137, 3138, 3139, 3140, 3158, 3159, 3160, 3164, 3176, 3199, 3200, 3212, 3214, 3215, 3216, 3217, 3218, 3219, 3220, 3221, 3222, 3223, 3224, 3225, 3226, 3227, 3228, 3230, 3231, 3232, 3233, 3240, 3241, 3250, 3260, 3264, 3265, 3266, 3268, 3269, 3270, 3271, 3272, 3275, 3276, 3277, 3279, 3280, 3281, 3282, 3283, 3284, 3285, 3286, 3287, 3300, 3301, 3304, 3305, 3311, 3315, 3321, 3328, 3329, 3330, 3331, 3332, 3333, 3334, 3337, 3338, 3340, 3342, 3345, 3350, 3352, 3353, 3354, 3355, 3356, 3357, 3363, 3377, 3380, 3388, 3390, 3391, 3392, 3393, 3395, 3396, 3400, 3401, 3402, 3414, 3418, 3419, 3424, 3429, 3437, 3438, 3440, 3441, 3450, 3451, 3453, 3460, 3461, 3462, 3463, 3464, 3480, 3483, 3496, 3498, 3500, 3501, 3502, 3505, 3515, 3516, 3523, 3525, 3527, 3529, 3530, 3540, 3542, 3544, 3546, 3550, 3551, 3552, 3554, 3555, 3556, 3557, 3558, 3561, 3564, 3568, 3579, 3580, 3581, 3583, 3584, 3585, 3586, 3588, 3589, 3590, 3591, 3594, 3595, 3596, 3597, 3599, 3607, 3608, 3610, 3612, 3614, 3616, 3618, 3619, 3620, 3621, 3623, 3624, 3629, 3630, 3631, 3632, 3633, 3634, 3635, 3636, 3637, 3638, 3639, 3640, 3641, 3643, 3644, 3646, 3647, 3658, 3659, 3660, 3661, 3662, 3666, 3669, 3670, 3671, 3672, 3673, 3676, 3677, 3685, 3687, 3689, 3690, 3691, 3694, 3695, 3700, 3701, 3704, 3705, 3707, 3708, 3709, 3714, 3717, 3720, 3722, 3724, 3725, 3726, 3727, 3730, 3736, 3737, 3747, 3752, 3754, 3756, 3757, 3762, 3764, 3765, 3766, 3767, 3770, 3775, 3777, 3781, 3782, 3783, 3785, 3786, 3787, 3788, 3789, 3791, 3792, 3793, 3795, 3796, 3797, 3799, 3800, 3803, 3804, 3805, 3806, 3807, 3809, 3810, 3818, 3820, 3821, 3822, 3823, 3824, 3825, 3835, 3840, 3841, 3842, 3844, 3847, 3850, 3851, 3852, 3854, 3858, 3860, 3862, 3864, 3865, 3869, 3870, 3871, 3873, 3875, 3878, 3880, 3882, 3885, 3886, 3887, 3888, 3890, 3891, 3892, 3895, 3896, 3898, 3902, 3903, 3904, 3909, 3910, 3911, 3912, 3913, 3915, 3916, 3918, 3919, 3921, 3922, 3923, 3925, 3926, 3927, 3929, 3930, 3931, 3934, 3936, 3938, 3939, 3940, 3941, 3942, 3943, 3944, 3945, 3950, 3953, 3954, 3956, 3960, 3962, 3966, 3971, 3975, 3976, 3977, 3978, 3980, 3981, 3987, 3988, 3992, 3995, 3996, 3030, 3134, 5000, 5006, 5007, 5008, 5009, 5010, 5011, 5012, 5013, 5014, 5015, 5016, 5017, 5018, 5019, 5020, 5021, 5022, 5023, 5024, 5025, 5031, 5032, 5033, 5034, 5035, 5037, 5038, 5039, 5040, 5041, 5042, 5043, 5044, 5045, 5046, 5047, 5048, 5049, 5050, 5051, 5052, 5061, 5062, 5063, 5064, 5065, 5066, 5067, 5068, 5069, 5070, 5072, 5073, 5074, 5075, 5076, 5081, 5082, 5083, 5084, 5085, 5086, 5087, 5088, 5089, 5090, 5091, 5092, 5093, 5094, 5095, 5096, 5097, 5098, 5106, 5107, 5108, 5109, 5110, 5111, 5112, 5113, 5114, 5115, 5116, 5117, 5118, 5120, 5121, 5125, 5126, 5127, 5140, 5142, 5150, 5152, 5154, 5155, 5158, 5159, 5160, 5161, 5162, 5163, 5164, 5165, 5166, 5167, 5168, 5169, 5950",AU Wide Melbourne,All orders,,$14.95
33,25078,AU Wide Perth,"6028, 6030, 6031, 6036, 6069, 6071, 6072, 6073, 6074, 6076, 6077, 6081, 6082, 6084, 6122, 6123, 6125, 6174, 6175, 6176, 6180, 6181, 6207, 6208, 6209, 6210, 6211, 6225, 6228, 6229, 6230, 6231, 6232, 6233, 6236, 6237, 6239, 6251, 6253, 6254, 6255, 6258, 6260, 6262, 6271, 6280, 6281, 6282, 6284, 6285, 6324, 6330, 6331, 6333, 6346, 6401, 6430, 6432, 6433, 6450, 6530, 6531, 6532, 6556, 6558, 6560, 6562, 6564, 6566, 6642, 6707, 6713, 6714, 6725, 6728, 6733, 6751, 6753, 6754, 6799, 6831, 6832, 6840, 6841, 6842, 6843, 6844, 6845, 6846, 6848, 6849, 6850, 6865, 6872, 6892, 6901, 6904, 6910, 6911, 6913, 6914, 6915, 6916, 6917, 6918, 6919, 6920, 6921, 6923, 6924, 6926, 6931, 6932, 6933, 6934, 6935, 6936, 6939, 6941, 6942, 6943, 6944, 6945, 6946, 6947, 6951, 6953, 6954, 6955, 6956, 6957, 6958, 6959, 6960, 6961, 6963, 6964, 6965, 6967, 6969, 6970, 6979, 6981, 6982, 6983, 6984, 6985, 6986, 6987, 6989, 6990, 6992, 6997, 6165, 6168",AU Wide Perth,All orders,,$14.95
34,26167,AU Wide Sydney,"2079, 2080, 2081, 2082, 2083, 2091, 2123, 2124, 2129, 2139, 2156, 2157, 2158, 2159, 2250, 2251, 2252, 2256, 2257, 2258, 2259, 2260, 2261, 2262, 2263, 2264, 2265, 2267, 2278, 2280, 2281, 2282, 2283, 2284, 2285, 2286, 2287, 2289, 2290, 2291, 2292, 2293, 2294, 2295, 2296, 2297, 2298, 2299, 2300, 2302, 2303, 2304, 2305, 2306, 2307, 2308, 2309, 2310, 2311, 2312, 2314, 2315, 2316, 2317, 2318, 2319, 2320, 2321, 2322, 2323, 2324, 2325, 2326, 2327, 2330, 2331, 2333, 2334, 2336, 2337, 2340, 2348, 2350, 2351, 2352, 2357, 2358, 2360, 2365, 2370, 2372, 2380, 2381, 2382, 2388, 2390, 2396, 2400, 2420, 2421, 2422, 2423, 2426, 2427, 2428, 2429, 2430, 2431, 2439, 2440, 2441, 2443, 2444, 2445, 2446, 2447, 2448, 2450, 2452, 2454, 2455, 2456, 2460, 2462, 2463, 2464, 2465, 2470, 2471, 2472, 2473, 2474, 2477, 2478, 2479, 2480, 2481, 2482, 2483, 2484, 2485, 2486, 2487, 2488, 2489, 2500, 2502, 2505, 2506, 2508, 2515, 2516, 2517, 2518, 2519, 2520, 2522, 2525, 2526, 2527, 2528, 2529, 2530, 2533, 2534, 2535, 2536, 2537, 2538, 2539, 2540, 2541, 2545, 2546, 2548, 2549, 2550, 2551, 2560, 2570, 2571, 2572, 2573, 2574, 2575, 2576, 2577, 2578, 2580, 2582, 2583, 2586, 2587, 2588, 2590, 2594, 2600, 2601, 2602, 2603, 2604, 2605, 2606, 2607, 2608, 2609, 2610, 2611, 2612, 2614, 2615, 2616, 2617, 2618, 2619, 2620, 2621, 2622, 2627, 2628, 2629, 2630, 2631, 2632, 2633, 2640, 2641, 2642, 2644, 2646, 2647, 2650, 2651, 2652, 2653, 2655, 2656, 2658, 2660, 2661, 2663, 2666, 2668, 2678, 2680, 2700, 2701, 2702, 2710, 2711, 2712, 2713, 2714, 2715, 2716, 2720, 2722, 2725, 2729, 2730, 2731, 2733, 2734, 2735, 2736, 2737, 2751, 2752, 2753, 2755, 2756, 2757, 2758, 2773, 2774, 2775, 2776, 2777, 2778, 2779, 2780, 2782, 2783, 2784, 2785, 2786, 2787, 2790, 2792, 2794, 2795, 2798, 2800, 2803, 2804, 2806, 2807, 2820, 2821, 2823, 2824, 2825, 2827, 2830, 2835, 2840, 2847, 2852, 2864, 2865, 2866, 2868, 2870, 2871, 2877, 2880, 2890, 2891, 2898, 2900, 2901, 2902, 2903, 2904, 2905, 2906, 2911, 2912, 2913, 2914, 2105, 2108",AU Wide Sydney,All orders,,$14.95
35,53992,Brisbane Local Delivery,"4000, 4005, 4006, 4007, 4010, 4029, 4030, 4059, 4064, 4101, 4102, 4120, 4169, 4170",Brisbane Local Delivery,All orders,,$16.95
36,53992,Brisbane Local Delivery,"4000, 4005, 4006, 4007, 4010, 4029, 4030, 4059, 4064, 4101, 4102, 4120, 4169, 4170",Exception Products,Restricted For Brisbane,,
37,54993,Brisbane Morning Delivery - 12PM,"4000, 4005, 4006, 4007, 4008, 4009, 4010, 4011, 4012, 4013, 4014, 4017, 4018, 4029, 4030, 4031, 4032, 4034, 4035, 4036, 4051, 4053, 4054, 4059, 4060, 4061, 4064, 4065, 4066, 4067, 4068, 4073, 4074, 4075, 4076, 4077, 4078, 4101, 4102, 4103, 4104, 4105, 4106, 4107, 4108, 4109, 4110, 4111, 4112, 4113, 4114, 4115, 4116, 4117, 4118, 4119, 4120, 4121, 4151, 4122, 4123, 4127, 4128, 4129, 4131, 4132, 4152, 4153, 4154, 4155, 4156, 4157, 4158, 4159, 4160, 4161, 4163, 4164, 4169, 4170, 4171, 4172, 4173, 4174, 4178, 4179",Brisbane Morning Delivery - 12PM,All orders,,$27.50
38,47079,Brisbane Saturday Delivery,"4000, 4005, 4006, 4007, 4008, 4009, 4010, 4011, 4012, 4013, 4014, 4017, 4018, 4029, 4030, 4031, 4032, 4034, 4035, 4036, 4051, 4053, 4054, 4059, 4060, 4061, 4064, 4065, 4066, 4067, 4068, 4073, 4074, 4075, 4076, 4077, 4078, 4101, 4102, 4103, 4104, 4105, 4106, 4107, 4108, 4109, 4110, 4111, 4112, 4113, 4114, 4115, 4116, 4117, 4118, 4119, 4120, 4121, 4122, 4123, 4127, 4128, 4129, 4131, 4132, 4152, 4153, 4154, 4155, 4156, 4157, 4158, 4159, 4160, 4161, 4163, 4164, 4169, 4170, 4171, 4172, 4173, 4174, 4178, 4179",Brisbane Saturday Delivery,All orders,,$19.95
39,47079,Brisbane Saturday Delivery,"4000, 4005, 4006, 4007, 4008, 4009, 4010, 4011, 4012, 4013, 4014, 4017, 4018, 4029, 4030, 4031, 4032, 4034, 4035, 4036, 4051, 4053, 4054, 4059, 4060, 4061, 4064, 4065, 4066, 4067, 4068, 4073, 4074, 4075, 4076, 4077, 4078, 4101, 4102, 4103, 4104, 4105, 4106, 4107, 4108, 4109, 4110, 4111, 4112, 4113, 4114, 4115, 4116, 4117, 4118, 4119, 4120, 4121, 4122, 4123, 4127, 4128, 4129, 4131, 4132, 4152, 4153, 4154, 4155, 4156, 4157, 4158, 4159, 4160, 4161, 4163, 4164, 4169, 4170, 4171, 4172, 4173, 4174, 4178, 4179",Exception Products,Restricted For Brisbane,,
40,54038,Brisbane Special Delivery - $25,"4009, 4011, 4012, 4031, 4051, 4053, 4060, 4065, 4066, 4067, 4068, 4103, 4104, 4105, 4121, 4151, 4152, 4171, 4172",Brisbane Special Delivery,All orders,Brisbane Special Delivery,$25.00
41,54038,Brisbane Special Delivery - $25,"4009, 4011, 4012, 4031, 4051, 4053, 4060, 4065, 4066, 4067, 4068, 4103, 4104, 4105, 4121, 4151, 4152, 4171, 4172",Exception Products,Restricted For Brisbane,,
42,54040,Brisbane Special Delivery - $30,"4034, 4018, 4111, 4122",Brisbane Special Delivery,All orders,Brisbane Special Delivery,$30.00
43,54040,Brisbane Special Delivery - $30,"4034, 4018, 4111, 4122",Exception Products,Restricted For Brisbane,,
44,54041,Brisbane Special Delivery - $35,"4035, 4073, 4074, 4108, 4109, 4110, 4113, 4154, 4155, 4173, 4178",Brisbane Special Delivery,All orders,Brisbane Special Delivery,$35.00
45,54041,Brisbane Special Delivery - $35,"4035, 4073, 4074, 4108, 4109, 4110, 4113, 4154, 4155, 4173, 4178",Exception Products,Restricted For Brisbane,,
46,54042,Brisbane Special Delivery - $40,"4017, 4036, 4076, 4077, 4112, 4116, 4119, 4123, 4156, 4158, 4179",Brisbane Special Delivery,All orders,Brisbane Special Delivery,$40.00
47,54042,Brisbane Special Delivery - $40,"4017, 4036, 4076, 4077, 4112, 4116, 4119, 4123, 4156, 4158, 4179",Exception Products,Restricted For Brisbane,,
48,54043,Brisbane Special Delivery - $45,"4078, 4114, 4115, 4117, 4127, 4157, 4159, 4161",Brisbane Special Delivery,All orders,Brisbane Special Delivery,$45.00
49,54043,Brisbane Special Delivery - $45,"4078, 4114, 4115, 4117, 4127, 4157, 4159, 4161",Exception Products,Restricted For Brisbane,,
50,54044,Brisbane Special Delivery - $50,"4118, 4128, 4160, 4163",Brisbane Special Delivery,All orders,Brisbane Special Delivery,$50.00
51,54044,Brisbane Special Delivery - $50,"4118, 4128, 4160, 4163",Exception Products,Restricted For Brisbane,,
52,54045,Brisbane Special Delivery - $55,"4129, 4131, 4132, 4164",Brisbane Special Delivery,All orders,Brisbane Special Delivery,$50.00
53,54045,Brisbane Special Delivery - $55,"4129, 4131, 4132, 4164",Exception Products,Restricted For Brisbane,,
54,46599,Brisbane Special Delivery - $24.95,"4000, 4005, 4006, 4007, 4010, 4029, 4030, 4059, 4064, 4101, 4102, 4120, 4169, 4170",Brisbane Special Delivery,All orders,Brisbane Special Delivery,$24.95
55,46599,Brisbane Special Delivery - $24.95,"4000, 4005, 4006, 4007, 4010, 4029, 4030, 4059, 4064, 4101, 4102, 4120, 4169, 4170",Exception Products,Restricted For Brisbane,,
56,54039,Brisbane Special Delivery - $29.5,"4008, 4013, 4014, 4032, 4054, 4061, 4075, 4106, 4107, 4153, 4174",Brisbane Special Delivery,All orders,Brisbane Special Delivery,$29.50
57,54039,Brisbane Special Delivery - $29.5,"4008, 4013, 4014, 4032, 4054, 4061, 4075, 4106, 4107, 4153, 4174",Exception Products,Restricted For Brisbane,,
58,50022,Brisbane Wide Delivery,"4350, 4069, 4070, 4124, 4125, 4130, 4133, 4165, 4205, 4207, 4280, 4300, 4301, 4303, 4304, 4305, 4019, 4020, 4021, 4022, 4037, 4055, 4500, 4501, 4502, 4503, 4504, 4505, 4506, 4507, 4508, 4509, 4510, 4511, 4512, 4514, 4515, 4520, 4521, 4213, 4228, 4270, 4271, 4272, 4559",Brisbane Wide Delivery,All orders,,$16.95
59,50022,Brisbane Wide Delivery,"4350, 4069, 4070, 4124, 4125, 4130, 4133, 4165, 4205, 4207, 4280, 4300, 4301, 4303, 4304, 4305, 4019, 4020, 4021, 4022, 4037, 4055, 4500, 4501, 4502, 4503, 4504, 4505, 4506, 4507, 4508, 4509, 4510, 4511, 4512, 4514, 4515, 4520, 4521, 4213, 4228, 4270, 4271, 4272, 4559",Exception Products,Restricted For Brisbane NextDay,,
60,56347,Brisbane Wide Delivery - Outer Brisbane & Surrounds,"4213, 4228, 4270, 4271, 4272, 4559, 4069, 4070, 4124, 4125, 4130, 4133, 4165, 4207, 4280, 4300, 4301, 4303, 4304, 4305, 4019, 4020, 4021, 4022, 4037, 4055, 4500, 4501, 4502, 4503, 4504, 4505, 4506, 4507, 4508, 4509, 4510, 4511, 4512, 4514, 4515, 4520, 4521",Brisbane Wide Delivery,All orders,Brisbane Wide Delivery,$19.95
61,56347,Brisbane Wide Delivery - Outer Brisbane & Surrounds,"4213, 4228, 4270, 4271, 4272, 4559, 4069, 4070, 4124, 4125, 4130, 4133, 4165, 4207, 4280, 4300, 4301, 4303, 4304, 4305, 4019, 4020, 4021, 4022, 4037, 4055, 4500, 4501, 4502, 4503, 4504, 4505, 4506, 4507, 4508, 4509, 4510, 4511, 4512, 4514, 4515, 4520, 4521",Exception Products,Restricted For Outer Brisbane & Surrounds,,
62,56348,Brisbane Wide Delivery - Toowoomba,4350,Brisbane Wide Delivery,All orders,Brisbane Wide Delivery,$19.95
63,56348,Brisbane Wide Delivery - Toowoomba,4350,Exception Products,Restricted For Toowomba,,
64,55916,Canberra Saturday Delivery,"2600, 2601, 2602, 2603, 2604, 2605, 2606, 2607, 2609, 2611, 2612, 2614, 2615, 2617, 2618, 2619, 2620, 2911, 2912, 2913, 2914",Canberra Saturday Delivery,All orders,,$19.95
65,55916,Canberra Saturday Delivery,"2600, 2601, 2602, 2603, 2604, 2605, 2606, 2607, 2609, 2611, 2612, 2614, 2615, 2617, 2618, 2619, 2620, 2911, 2912, 2913, 2914",Exception Products,Restricted For Canberra,,
66,55917,Canberra Special Delivery,"2600, 2601, 2602, 2603, 2604, 2605, 2606, 2607, 2609, 2611, 2612, 2614, 2615, 2617, 2618, 2619, 2620, 2911, 2912, 2913, 2914",Canberra Special Delivery,All orders,,$19.95
67,55917,Canberra Special Delivery,"2600, 2601, 2602, 2603, 2604, 2605, 2606, 2607, 2609, 2611, 2612, 2614, 2615, 2617, 2618, 2619, 2620, 2911, 2912, 2913, 2914",Exception Products,Restricted For Canberra,,
68,56355,Christmas Special Delivery,"4151, 4000, 4005, 4006, 4007, 4008, 4009, 4010, 4011, 4012, 4013, 4014, 4017, 4018, 4029, 4030, 4031, 4032, 4034, 4035, 4036, 4051, 4053, 4054, 4055, 4059, 4060, 4061, 4064, 4065, 4066, 4067, 4068, 4072, 4073, 4074, 4075, 4076, 4077, 4078, 4101, 4102, 4103, 4104, 4105, 4106, 4107, 4108, 4109, 4110, 4111, 4112, 4113, 4114, 4115, 4116, 4117, 4118, 4119, 4120, 4121, 4122, 4123, 4127, 4128, 4129, 4131, 4132, 4151, 4152, 4153, 4154, 4155, 4156, 4157, 4158, 4159, 4160, 4161, 4163, 4164, 4169, 4170, 4171, 4172, 4173, 4174, 4178, 4179",Christmas Special Delivery,All orders,Christmas Special Delivery,$9.95
69,56355,Christmas Special Delivery,"4151, 4000, 4005, 4006, 4007, 4008, 4009, 4010, 4011, 4012, 4013, 4014, 4017, 4018, 4029, 4030, 4031, 4032, 4034, 4035, 4036, 4051, 4053, 4054, 4055, 4059, 4060, 4061, 4064, 4065, 4066, 4067, 4068, 4072, 4073, 4074, 4075, 4076, 4077, 4078, 4101, 4102, 4103, 4104, 4105, 4106, 4107, 4108, 4109, 4110, 4111, 4112, 4113, 4114, 4115, 4116, 4117, 4118, 4119, 4120, 4121, 4122, 4123, 4127, 4128, 4129, 4131, 4132, 4151, 4152, 4153, 4154, 4155, 4156, 4157, 4158, 4159, 4160, 4161, 4163, 4164, 4169, 4170, 4171, 4172, 4173, 4174, 4178, 4179",Exception Products,Restricted For Brisbane,,
70,58553,Delivered by 1pm - Adelaide,"5000, 5001, 5006, 5007, 5008, 5009, 5010, 5011, 5012, 5013, 5014, 5015, 5016, 5017, 5018, 5019, 5020, 5021, 5022, 5023, 5024, 5025, 5031, 5032, 5033, 5034, 5035, 5037, 5038, 5039, 5040, 5041, 5042, 5043, 5044, 5045, 5046, 5047, 5048, 5049, 5050, 5051, 5052, 5061, 5062, 5063, 5064, 5065, 5066, 5067, 5068, 5069, 5070, 5071, 5072, 5073, 5074, 5075, 5076, 5081, 5082, 5083, 5084, 5085, 5086, 5087, 5088, 5090, 5091, 5092, 5093, 5094, 5095, 5096, 5097, 5098, 5106, 5107, 5108, 5109, 5110, 5111, 5112, 5113, 5114, 5115, 5125, 5126, 5127, 5140, 5158, 5159, 5160, 5161, 5162, 5163, 5164, 5165, 5166, 5168, 5800, 5810, 5839, 5920, 5930, 5942, 5950, 5016, 5018, 5020, 5022, 5025, 5040, 5041, 5043, 5047, 5049, 5052, 5062, 5064, 5066, 5068, 5071, 5072, 5074, 5075, 5076, 5082, 5085, 5086, 5089, 5090, 5091, 5093, 5097, 5106, 5116, 5117, 5120, 5121, 5129, 5130, 5132, 5133, 5134, 5136, 5137, 5138, 5139, 5140, 5141, 5142, 5144, 5150, 5151, 5152, 5153, 5154, 5155, 5158, 5159, 5161, 5163, 5164, 5165, 5166, 5167, 5169",Delivered by 1pm,All orders,Delivered by 1pm,$16.95
71,58553,Delivered by 1pm - Adelaide,"5000, 5001, 5006, 5007, 5008, 5009, 5010, 5011, 5012, 5013, 5014, 5015, 5016, 5017, 5018, 5019, 5020, 5021, 5022, 5023, 5024, 5025, 5031, 5032, 5033, 5034, 5035, 5037, 5038, 5039, 5040, 5041, 5042, 5043, 5044, 5045, 5046, 5047, 5048, 5049, 5050, 5051, 5052, 5061, 5062, 5063, 5064, 5065, 5066, 5067, 5068, 5069, 5070, 5071, 5072, 5073, 5074, 5075, 5076, 5081, 5082, 5083, 5084, 5085, 5086, 5087, 5088, 5090, 5091, 5092, 5093, 5094, 5095, 5096, 5097, 5098, 5106, 5107, 5108, 5109, 5110, 5111, 5112, 5113, 5114, 5115, 5125, 5126, 5127, 5140, 5158, 5159, 5160, 5161, 5162, 5163, 5164, 5165, 5166, 5168, 5800, 5810, 5839, 5920, 5930, 5942, 5950, 5016, 5018, 5020, 5022, 5025, 5040, 5041, 5043, 5047, 5049, 5052, 5062, 5064, 5066, 5068, 5071, 5072, 5074, 5075, 5076, 5082, 5085, 5086, 5089, 5090, 5091, 5093, 5097, 5106, 5116, 5117, 5120, 5121, 5129, 5130, 5132, 5133, 5134, 5136, 5137, 5138, 5139, 5140, 5141, 5142, 5144, 5150, 5151, 5152, 5153, 5154, 5155, 5158, 5159, 5161, 5163, 5164, 5165, 5166, 5167, 5169",Exception Product,Restricted For Adelaide,,
72,58554,Delivered by 1pm - Brisbane,"4000, 4205, 4072, 4219, 4222, 4229, 4230, 4005, 4006, 4007, 4010, 4029, 4030, 4059, 4064, 4101, 4102, 4120, 4169, 4170, 4009, 4011, 4012, 4031, 4051, 4053, 4060, 4065, 4066, 4067, 4068, 4103, 4104, 4105, 4121, 4151, 4152, 4171, 4172, 4008, 4013, 4014, 4032, 4054, 4061, 4075, 4106, 4107, 4153, 4174, 4034, 4018, 4111, 4122, 4035, 4073, 4074, 4108, 4109, 4110, 4113, 4154, 4155, 4173, 4178, 4017, 4036, 4076, 4077, 4112, 4116, 4119, 4123, 4156, 4158, 4179, 4078, 4114, 4115, 4117, 4127, 4157, 4159, 4161, 4118, 4128, 4160, 4163, 4129, 4131, 4132, 4164",Delivered by 1pm,All orders,,$16.95
73,58554,Delivered by 1pm - Brisbane,"4000, 4205, 4072, 4219, 4222, 4229, 4230, 4005, 4006, 4007, 4010, 4029, 4030, 4059, 4064, 4101, 4102, 4120, 4169, 4170, 4009, 4011, 4012, 4031, 4051, 4053, 4060, 4065, 4066, 4067, 4068, 4103, 4104, 4105, 4121, 4151, 4152, 4171, 4172, 4008, 4013, 4014, 4032, 4054, 4061, 4075, 4106, 4107, 4153, 4174, 4034, 4018, 4111, 4122, 4035, 4073, 4074, 4108, 4109, 4110, 4113, 4154, 4155, 4173, 4178, 4017, 4036, 4076, 4077, 4112, 4116, 4119, 4123, 4156, 4158, 4179, 4078, 4114, 4115, 4117, 4127, 4157, 4159, 4161, 4118, 4128, 4160, 4163, 4129, 4131, 4132, 4164",Exception Product,Restricted For Brisbane,,
74,58555,Delivered by 1pm - Melbourne,"3018, 3021, 3022, 3023, 3026, 3027, 3028, 3029, 3033, 3034, 3036, 3037, 3038, 3039, 3040, 3041, 3042, 3043, 3044, 3045, 3046, 3047, 3048, 3049, 3058, 3059, 3060, 3061, 3067, 3070, 3071, 3073, 3074, 3075, 3076, 3082, 3083, 3085, 3087, 3088, 3090, 3093, 3094, 3095, 3105, 3106, 3107, 3130, 3132, 3154, 3165, 3167, 3169, 3171, 3172, 3173, 3174, 3175, 3177, 3184, 3185, 3187, 3188, 3189, 3190, 3191, 3194, 3195, 3196, 3197, 3198, 3201, 3202, 3204, 3802, 3030, 3186, 3192, 3193, 3000, 3002, 3003, 3004, 3006, 3008, 3010, 3011, 3012, 3013, 3015, 3016, 3019, 3020, 3025, 3031, 3032, 3050, 3051, 3052, 3053, 3054, 3055, 3056, 3057, 3065, 3066, 3068, 3072, 3078, 3079, 3081, 3084, 3101, 3102, 3103, 3104, 3108, 3109, 3111, 3121, 3122, 3123, 3124, 3125, 3126, 3127, 3128, 3129, 3131, 3133, 3141, 3142, 3143, 3144, 3145, 3146, 3147, 3148, 3149, 3150, 3151, 3152, 3153, 3155, 3156, 3161, 3162, 3163, 3166, 3168, 3170, 3178, 3179, 3180, 3181, 3182, 3183, 3205, 3206, 3207, 3005, 3134, 3135, 3793, 3136",Delivered by 1pm,All orders,,$16.95
75,58555,Delivered by 1pm - Melbourne,"3018, 3021, 3022, 3023, 3026, 3027, 3028, 3029, 3033, 3034, 3036, 3037, 3038, 3039, 3040, 3041, 3042, 3043, 3044, 3045, 3046, 3047, 3048, 3049, 3058, 3059, 3060, 3061, 3067, 3070, 3071, 3073, 3074, 3075, 3076, 3082, 3083, 3085, 3087, 3088, 3090, 3093, 3094, 3095, 3105, 3106, 3107, 3130, 3132, 3154, 3165, 3167, 3169, 3171, 3172, 3173, 3174, 3175, 3177, 3184, 3185, 3187, 3188, 3189, 3190, 3191, 3194, 3195, 3196, 3197, 3198, 3201, 3202, 3204, 3802, 3030, 3186, 3192, 3193, 3000, 3002, 3003, 3004, 3006, 3008, 3010, 3011, 3012, 3013, 3015, 3016, 3019, 3020, 3025, 3031, 3032, 3050, 3051, 3052, 3053, 3054, 3055, 3056, 3057, 3065, 3066, 3068, 3072, 3078, 3079, 3081, 3084, 3101, 3102, 3103, 3104, 3108, 3109, 3111, 3121, 3122, 3123, 3124, 3125, 3126, 3127, 3128, 3129, 3131, 3133, 3141, 3142, 3143, 3144, 3145, 3146, 3147, 3148, 3149, 3150, 3151, 3152, 3153, 3155, 3156, 3161, 3162, 3163, 3166, 3168, 3170, 3178, 3179, 3180, 3181, 3182, 3183, 3205, 3206, 3207, 3005, 3134, 3135, 3793, 3136",Exception Product,Restricted For Melbourne,,
76,58557,Delivered by 1pm - Perth,"6000, 6003, 6004, 6005, 6006, 6007, 6008, 6009, 6010, 6011, 6012, 6014, 6015, 6016, 6017, 6018, 6019, 6020, 6021, 6022, 6023, 6024, 6025, 6026, 6027, 6029, 6050, 6051, 6052, 6053, 6054, 6055, 6056, 6057, 6058, 6059, 6060, 6061, 6062, 6063, 6064, 6065, 6066, 6068, 6070, 6090, 6100, 6101, 6102, 6103, 6104, 6105, 6106, 6107, 6108, 6109, 6110, 6111, 6112, 6121, 6147, 6148, 6149, 6150, 6151, 6152, 6153, 6154, 6155, 6156, 6157, 6158, 6159, 6160, 6162, 6163, 6164, 6170, 6028, 6030, 6031, 6036, 6067, 6069, 6071, 6072, 6073, 6074, 6076, 6077, 6078, 6079, 6081, 6082, 6122, 6165, 6166, 6167, 6168, 6169, 6171, 6172, 6173",Delivered by 1pm,All orders,Delivered by 1pm,$16.95
77,58557,Delivered by 1pm - Perth,"6000, 6003, 6004, 6005, 6006, 6007, 6008, 6009, 6010, 6011, 6012, 6014, 6015, 6016, 6017, 6018, 6019, 6020, 6021, 6022, 6023, 6024, 6025, 6026, 6027, 6029, 6050, 6051, 6052, 6053, 6054, 6055, 6056, 6057, 6058, 6059, 6060, 6061, 6062, 6063, 6064, 6065, 6066, 6068, 6070, 6090, 6100, 6101, 6102, 6103, 6104, 6105, 6106, 6107, 6108, 6109, 6110, 6111, 6112, 6121, 6147, 6148, 6149, 6150, 6151, 6152, 6153, 6154, 6155, 6156, 6157, 6158, 6159, 6160, 6162, 6163, 6164, 6170, 6028, 6030, 6031, 6036, 6067, 6069, 6071, 6072, 6073, 6074, 6076, 6077, 6078, 6079, 6081, 6082, 6122, 6165, 6166, 6167, 6168, 6169, 6171, 6172, 6173",Exception Product,Restricted For Perth,,
78,58559,Delivered by 1pm - sydney,"2000, 2007, 2008, 2009, 2010, 2011, 2015, 2016, 2017, 2018, 2020, 2021, 2022, 2032, 2033, 2037, 2042, 2043, 2044, 2050, 2019, 2023, 2024, 2025, 2026, 2027, 2028, 2029, 2031, 2034, 2035, 2036, 2038, 2039, 2040, 2041, 2045, 2048, 2049, 2193, 2204, 2205, 2206, 2030, 2046, 2047, 2048, 2060, 2061, 2089, 2130, 2131, 2132, 2133, 2194, 2203, 2207, 2208, 2216, 2217, 2218, 2219, 2062, 2063, 2064, 2065, 2066, 2067, 2068, 2069, 2088, 2090, 2092, 2093, 2110, 2111, 2134, 2135, 2136, 2208, 2209, 2220, 2221, 2087, 2094, 2095, 2112, 2113, 2114, 2137, 2138, 2191, 2192, 2195, 2196, 2210, 2222, 2223, 2070, 2071, 2072, 2100, 2122, 2140, 2141, 2143, 2190, 2199, 2200, 2211, 2224, 2228, 2229, 2074, 2075, 2085, 2086, 2096, 2099, 2115, 2116, 2121, 2127, 2128, 2144, 2117, 2142, 2150, 2153, 2160, 2162, 2197, 2212, 2213, 2214, 2225, 2226, 2227, 2230, 2232, 2234, 2073, 2076, 2077, 2097, 2118, 2119, 2163, 2101, 2145, 2151, 2161, 2166, 2231, 2102, 2103, 2120, 2125, 2152, 2164, 2165, 2170, 2172, 2173, 2198, 2233, 2126, 2146, 2147, 2154, 2168, 2177, 2148, 2171, 2176, 2766, 2767, 2155, 2175, 2178, 2763, 2768, 2167, 2179, 2174, 2564, 2557, 2762, 2565, 2759, 2761, 2559, 2566, 2748, 2749, 2760, 2769, 2770, 2558, 2747, 2765, 2567, 2750, 2104, 2106, 2107, 2556, 2555, 2745, 2560, 2079, 2082, 2156, 2158, 2108, 2159, 2081, 2080, 2157, 2570",Delivered by 1pm,All orders,Delivered by 1pm,$16.95
79,58559,Delivered by 1pm - sydney,"2000, 2007, 2008, 2009, 2010, 2011, 2015, 2016, 2017, 2018, 2020, 2021, 2022, 2032, 2033, 2037, 2042, 2043, 2044, 2050, 2019, 2023, 2024, 2025, 2026, 2027, 2028, 2029, 2031, 2034, 2035, 2036, 2038, 2039, 2040, 2041, 2045, 2048, 2049, 2193, 2204, 2205, 2206, 2030, 2046, 2047, 2048, 2060, 2061, 2089, 2130, 2131, 2132, 2133, 2194, 2203, 2207, 2208, 2216, 2217, 2218, 2219, 2062, 2063, 2064, 2065, 2066, 2067, 2068, 2069, 2088, 2090, 2092, 2093, 2110, 2111, 2134, 2135, 2136, 2208, 2209, 2220, 2221, 2087, 2094, 2095, 2112, 2113, 2114, 2137, 2138, 2191, 2192, 2195, 2196, 2210, 2222, 2223, 2070, 2071, 2072, 2100, 2122, 2140, 2141, 2143, 2190, 2199, 2200, 2211, 2224, 2228, 2229, 2074, 2075, 2085, 2086, 2096, 2099, 2115, 2116, 2121, 2127, 2128, 2144, 2117, 2142, 2150, 2153, 2160, 2162, 2197, 2212, 2213, 2214, 2225, 2226, 2227, 2230, 2232, 2234, 2073, 2076, 2077, 2097, 2118, 2119, 2163, 2101, 2145, 2151, 2161, 2166, 2231, 2102, 2103, 2120, 2125, 2152, 2164, 2165, 2170, 2172, 2173, 2198, 2233, 2126, 2146, 2147, 2154, 2168, 2177, 2148, 2171, 2176, 2766, 2767, 2155, 2175, 2178, 2763, 2768, 2167, 2179, 2174, 2564, 2557, 2762, 2565, 2759, 2761, 2559, 2566, 2748, 2749, 2760, 2769, 2770, 2558, 2747, 2765, 2567, 2750, 2104, 2106, 2107, 2556, 2555, 2745, 2560, 2079, 2082, 2156, 2158, 2108, 2159, 2081, 2080, 2157, 2570",Exception Product,Restricted For Sydney,,
80,53507,Delivery to Wollongong - $19.95,"2500, 2502, 2505, 2506, 2516, 2517, 2518, 2519, 2520, 2522, 2525, 2526, 2527, 2528, 2529, 2530, 2533, 2534",Delivery to Wollongong,All orders,,$19.95
81,53507,Delivery to Wollongong - $19.95,"2500, 2502, 2505, 2506, 2516, 2517, 2518, 2519, 2520, 2522, 2525, 2526, 2527, 2528, 2529, 2530, 2533, 2534",Exception Products,Restricted For Wollong,,
82,56356,Delivery to Wollongong - $29.95,"2508, 2515, 2533, 2534",Delivery to Wollongong,All orders,Delivery to Wollongong,$29.95
83,56356,Delivery to Wollongong - $29.95,"2508, 2515, 2533, 2534",Exception Products,Restricted For Wollongong,,
84,55914,Early Afternoon Delivery Canberra,"2600, 2601, 2602, 2603, 2604, 2605, 2606, 2607, 2609, 2611, 2612, 2614, 2615, 2617, 2618, 2619, 2620, 2911, 2912, 2913, 2914",Early Afternoon Delivery Canberra,All orders,,$19.95
85,55914,Early Afternoon Delivery Canberra,"2600, 2601, 2602, 2603, 2604, 2605, 2606, 2607, 2609, 2611, 2612, 2614, 2615, 2617, 2618, 2619, 2620, 2911, 2912, 2913, 2914",Exception Products,Restricted For Canberra,,
86,46329,Express Shipping,"2030, 2046, 2047, 2048, 2060, 2061, 2089, 2130, 2131, 2132, 2133, 2194, 2203, 2207, 2208, 2216, 2217, 2218, 2219, 2000, 2007, 2008, 2009, 2010, 2011, 2015, 2016, 2017, 2018, 2020, 2021, 2022, 2032, 2033, 2037, 2042, 2043, 2044, 2050, 2019, 2023, 2024, 2025, 2026, 2027, 2028, 2029, 2031, 2034, 2035, 2036, 2038, 2039, 2040, 2041, 2045, 2048, 2049, 2193, 2204, 2205, 2206",Express Shipping,All orders,,$29.50
87,46329,Express Shipping,"2030, 2046, 2047, 2048, 2060, 2061, 2089, 2130, 2131, 2132, 2133, 2194, 2203, 2207, 2208, 2216, 2217, 2218, 2219, 2000, 2007, 2008, 2009, 2010, 2011, 2015, 2016, 2017, 2018, 2020, 2021, 2022, 2032, 2033, 2037, 2042, 2043, 2044, 2050, 2019, 2023, 2024, 2025, 2026, 2027, 2028, 2029, 2031, 2034, 2035, 2036, 2038, 2039, 2040, 2041, 2045, 2048, 2049, 2193, 2204, 2205, 2206",Exception Products,Restricted For Sydney,,
88,56357,Express Shipping - $29,"2000, 2007, 2008, 2009, 2010, 2011, 2015, 2016, 2017, 2018, 2020, 2021, 2022, 2032, 2033, 2037, 2042, 2043, 2044, 2050, 2019, 2023, 2024, 2025, 2026, 2027, 2028, 2029, 2031, 2034, 2035, 2036, 2038, 2039, 2040, 2041, 2045, 2048, 2049, 2193, 2204, 2205, 2206, 2030, 2046, 2047, 2048, 2060, 2061, 2089, 2130, 2131, 2132, 2133, 2194, 2203, 2207, 2208, 2216, 2217, 2218, 2219",Express Shipping,All orders,Express Shipping,$29.00
89,56357,Express Shipping - $29,"2000, 2007, 2008, 2009, 2010, 2011, 2015, 2016, 2017, 2018, 2020, 2021, 2022, 2032, 2033, 2037, 2042, 2043, 2044, 2050, 2019, 2023, 2024, 2025, 2026, 2027, 2028, 2029, 2031, 2034, 2035, 2036, 2038, 2039, 2040, 2041, 2045, 2048, 2049, 2193, 2204, 2205, 2206, 2030, 2046, 2047, 2048, 2060, 2061, 2089, 2130, 2131, 2132, 2133, 2194, 2203, 2207, 2208, 2216, 2217, 2218, 2219",Exception Products,Restricted For Sydney,,
90,53993,Gold Coast Afternoon Delivery,"4205, 4209, 4210, 4211, 4212, 4214, 4215, 4216, 4217, 4218, 4220, 4221, 4223, 4224, 4225, 4226, 4227, 4228",Gold Coast Afternoon Delivery,All orders,,$16.95
91,56358,Gold Coast Sunday Delivery,"4205, 4209, 4210, 4211, 4212, 4214, 4215, 4216, 4217, 4218, 4220, 4221, 4223, 4224, 4225, 4226, 4227, 4228",Gold Coast Sunday Delivery,All orders,Gold Coast Sunday Delivery,$19.95
92,56358,Gold Coast Sunday Delivery,"4205, 4209, 4210, 4211, 4212, 4214, 4215, 4216, 4217, 4218, 4220, 4221, 4223, 4224, 4225, 4226, 4227, 4228",Exception Products,Restricted For Gold Coast,,
93,58566,Guaranteed by 5pm Canberra,"2600, 2601, 2602, 2603, 2604, 2605, 2606, 2607, 2609, 2611, 2612, 2614, 2615, 2617, 2619, 2620, 2900, 2902, 2903, 2904, 2905, 2906, 2911, 2912, 2913, 2914",Guaranteed by 5pm Canberra,All orders,,$19.95
94,58566,Guaranteed by 5pm Canberra,"2600, 2601, 2602, 2603, 2604, 2605, 2606, 2607, 2609, 2611, 2612, 2614, 2615, 2617, 2619, 2620, 2900, 2902, 2903, 2904, 2905, 2906, 2911, 2912, 2913, 2914",Exception Product,Restricted For Canberra,,
95,56359,Guaranteed by 3pm Delivery,"2062, 2063, 2064, 2065, 2066, 2067, 2068, 2069, 2088, 2090, 2092, 2093, 2110, 2111, 2134, 2135, 2136, 2208, 2209, 2220, 2221, 2087, 2094, 2095, 2112, 2113, 2114, 2137, 2138, 2191, 2192, 2195, 2196, 2210, 2222, 2223, 2070, 2071, 2072, 2100, 2122, 2140, 2141, 2143, 2190, 2199, 2200, 2211, 2224, 2228, 2229, 2074, 2075, 2085, 2086, 2096, 2099, 2115, 2116, 2121, 2127, 2128, 2144, 2117, 2142, 2150, 2153, 2160, 2162, 2197, 2212, 2213, 2214, 2225, 2226, 2227, 2230, 2232, 2234, 2073, 2076, 2077, 2097, 2118, 2119, 2163, 2101, 2145, 2151, 2161, 2166, 2231, 2102, 2103, 2120, 2125, 2152, 2164, 2165, 2170, 2172, 2173, 2198, 2233, 2126, 2146, 2147, 2154, 2168, 2177, 2148, 2171, 2176, 2766, 2767, 2155, 2175, 2178, 2763, 2768, 2167, 2179, 2174, 2564, 2557, 2762, 2565, 2759, 2761, 2559, 2566, 2748, 2749, 2760, 2769, 2770, 2558, 2560, 2747, 2765, 2567, 2750",Guaranteed by 3pm Delivery,All orders,,$49.95
96,56359,Guaranteed by 3pm Delivery,"2062, 2063, 2064, 2065, 2066, 2067, 2068, 2069, 2088, 2090, 2092, 2093, 2110, 2111, 2134, 2135, 2136, 2208, 2209, 2220, 2221, 2087, 2094, 2095, 2112, 2113, 2114, 2137, 2138, 2191, 2192, 2195, 2196, 2210, 2222, 2223, 2070, 2071, 2072, 2100, 2122, 2140, 2141, 2143, 2190, 2199, 2200, 2211, 2224, 2228, 2229, 2074, 2075, 2085, 2086, 2096, 2099, 2115, 2116, 2121, 2127, 2128, 2144, 2117, 2142, 2150, 2153, 2160, 2162, 2197, 2212, 2213, 2214, 2225, 2226, 2227, 2230, 2232, 2234, 2073, 2076, 2077, 2097, 2118, 2119, 2163, 2101, 2145, 2151, 2161, 2166, 2231, 2102, 2103, 2120, 2125, 2152, 2164, 2165, 2170, 2172, 2173, 2198, 2233, 2126, 2146, 2147, 2154, 2168, 2177, 2148, 2171, 2176, 2766, 2767, 2155, 2175, 2178, 2763, 2768, 2167, 2179, 2174, 2564, 2557, 2762, 2565, 2759, 2761, 2559, 2566, 2748, 2749, 2760, 2769, 2770, 2558, 2560, 2747, 2765, 2567, 2750",Exception Products,Restricted For Sydney,,
97,58560,Guaranteed By 3pm Sydney Local,"2000, 2007, 2008, 2009, 2010, 2011, 2015, 2016, 2017, 2018, 2019, 2020, 2021, 2022, 2023, 2024, 2025, 2026, 2027, 2028, 2029, 2030, 2031, 2032, 2033, 2034, 2035, 2036, 2037, 2038, 2039, 2040, 2041, 2042, 2043, 2044, 2045, 2046, 2047, 2048, 2048, 2049, 2050, 2060, 2061, 2062, 2063, 2064, 2065, 2066, 2067, 2068, 2088, 2089, 2090, 2110, 2111, 2112, 2130, 2131, 2132, 2133, 2134, 2135, 2136, 2137, 2138, 2140, 2141, 2191, 2192, 2193, 2194, 2195, 2196, 2203, 2204, 2205, 2206, 2207, 2208, 2209, 2216, 2217, 2218, 2219, 2220, 2221, 2210, 2222, 2223",Guaranteed by 3pm Delivery,All orders,,$24.95
98,58560,Guaranteed By 3pm Sydney Local,"2000, 2007, 2008, 2009, 2010, 2011, 2015, 2016, 2017, 2018, 2019, 2020, 2021, 2022, 2023, 2024, 2025, 2026, 2027, 2028, 2029, 2030, 2031, 2032, 2033, 2034, 2035, 2036, 2037, 2038, 2039, 2040, 2041, 2042, 2043, 2044, 2045, 2046, 2047, 2048, 2048, 2049, 2050, 2060, 2061, 2062, 2063, 2064, 2065, 2066, 2067, 2068, 2088, 2089, 2090, 2110, 2111, 2112, 2130, 2131, 2132, 2133, 2134, 2135, 2136, 2137, 2138, 2140, 2141, 2191, 2192, 2193, 2194, 2195, 2196, 2203, 2204, 2205, 2206, 2207, 2208, 2209, 2216, 2217, 2218, 2219, 2220, 2221, 2210, 2222, 2223",Exception Products,Restricted For Sydney,,
99,56485,Guaranteed Delivery by 5pm,"2000, 2006, 2007, 2008, 2009, 2010, 2011, 2015, 2016, 2017, 2018, 2019, 2020, 2021, 2022, 2023, 2024, 2025, 2026, 2027, 2028, 2029, 2030, 2031, 2032, 2033, 2034, 2035, 2036, 2037, 2038, 2039, 2040, 2041, 2042, 2043, 2044, 2045, 2046, 2047, 2048, 2049, 2050, 2052, 2060, 2061, 2130, 2131, 2132, 2133, 2203, 2204, 2205, 2206, 2207, 2193, 2194, 2216, 2217, 2218, 2219",Guaranteed Delivery by 5pm,All orders,,$19.95
100,56485,Guaranteed Delivery by 5pm,"2000, 2006, 2007, 2008, 2009, 2010, 2011, 2015, 2016, 2017, 2018, 2019, 2020, 2021, 2022, 2023, 2024, 2025, 2026, 2027, 2028, 2029, 2030, 2031, 2032, 2033, 2034, 2035, 2036, 2037, 2038, 2039, 2040, 2041, 2042, 2043, 2044, 2045, 2046, 2047, 2048, 2049, 2050, 2052, 2060, 2061, 2130, 2131, 2132, 2133, 2203, 2204, 2205, 2206, 2207, 2193, 2194, 2216, 2217, 2218, 2219",Exception Product,Restricted For Sydney,,
101,56203,Late Afternoon Deliveries $49.5,"2074, 2075, 2085, 2086, 2096, 2099, 2115, 2116, 2121, 2127, 2128, 2144",Late Afternoon Deliveries,All orders,"Late Afternoon Deliveries
          
          
            Business by 5pm",$49.50
102,56203,Late Afternoon Deliveries $49.5,"2074, 2075, 2085, 2086, 2096, 2099, 2115, 2116, 2121, 2127, 2128, 2144",Exception Product,"Restricted For Sydney,Restricted for Sydney",,
103,56205,Late Afternoon Deliveries- $65,"2102, 2103, 2120, 2125, 2152, 2164, 2165, 2170, 2172, 2173, 2198, 2233, 2126, 2146, 2147, 2154, 2168, 2177",Late Afternoon Deliveries,All orders,"Late Afternoon Deliveries
          
          
            Business by 5pm",$65.00
104,56205,Late Afternoon Deliveries- $65,"2102, 2103, 2120, 2125, 2152, 2164, 2165, 2170, 2172, 2173, 2198, 2233, 2126, 2146, 2147, 2154, 2168, 2177",Exception Product,"Restricted For Sydney,Restricted for Sydney",,
105,56206,Late Afternoon Deliveries- $75,"2148, 2171, 2176, 2766, 2767",Late Afternoon Deliveries,All orders,"Late Afternoon Deliveries
          
          
            Business by 5pm",$75.00
106,56206,Late Afternoon Deliveries- $75,"2148, 2171, 2176, 2766, 2767",Exception Product,"Restricted For Sydney,Restricted for Sydney",,
107,56207,Late Afternoon Deliveries- $79,"2155, 2175, 2178, 2763, 2768, 2167, 2179, 2174, 2564",Late Afternoon Deliveries,All orders,"Late Afternoon Deliveries
          
          
            Business by 5pm",$79.00
108,56207,Late Afternoon Deliveries- $79,"2155, 2175, 2178, 2763, 2768, 2167, 2179, 2174, 2564",Exception Product,"Restricted For Sydney,Restricted for Sydney",,
109,56208,Late Afternoon Deliveries- $85,"2557, 2762, 2565, 2759, 2761",Late Afternoon Deliveries,All orders,"Late Afternoon Deliveries
          
          
            Business by 5pm",$85.00
110,56208,Late Afternoon Deliveries- $85,"2557, 2762, 2565, 2759, 2761",Exception Product,"Restricted For Sydney,Restricted for Sydney",,
111,56209,Late Afternoon Deliveries- $95,"2559, 2566, 2748, 2760, 2769, 2770, 2558, 2560",Late Afternoon Deliveries,All orders,"Late Afternoon Deliveries
          
          
            Business by 5pm",$95.00
112,56209,Late Afternoon Deliveries- $95,"2559, 2566, 2748, 2760, 2769, 2770, 2558, 2560",Exception Product,"Restricted For Sydney,Restricted for Sydney",,
113,56210,Late Afternoon Deliveries- $115,"2749, 2747, 2765, 2567, 2750",Late Afternoon Deliveries,All orders,"Late Afternoon Deliveries
          
          
            Business by 5pm",$115.00
114,56210,Late Afternoon Deliveries- $115,"2749, 2747, 2765, 2567, 2750",Exception Product,"Restricted For Sydney,Restricted for Sydney",,
115,56204,Late Afternoon Deliveries- $59.5,"2117, 2142, 2150, 2153, 2160, 2162, 2197, 2212, 2213, 2214, 2225, 2226, 2227, 2230, 2232, 2234, 2073, 2076, 2077, 2097, 2118, 2119, 2163, 2101, 2145, 2151, 2161, 2166, 2231",Late Afternoon Deliveries,All orders,"Late Afternoon Deliveries
          
          
            Business by 5pm",$59.50
116,56204,Late Afternoon Deliveries- $59.5,"2117, 2142, 2150, 2153, 2160, 2162, 2197, 2212, 2213, 2214, 2225, 2226, 2227, 2230, 2232, 2234, 2073, 2076, 2077, 2097, 2118, 2119, 2163, 2101, 2145, 2151, 2161, 2166, 2231",Exception Product,"Restricted For Sydney,Restricted for Sydney",,
117,55915,Late Afternoon Delivery Canberra,"2600, 2601, 2602, 2603, 2604, 2605, 2606, 2607, 2609, 2611, 2612, 2614, 2615, 2617, 2618, 2619, 2620, 2911, 2912, 2913, 2914",Late Afternoon Delivery Canberra,All orders,,$19.95
118,55915,Late Afternoon Delivery Canberra,"2600, 2601, 2602, 2603, 2604, 2605, 2606, 2607, 2609, 2611, 2612, 2614, 2615, 2617, 2618, 2619, 2620, 2911, 2912, 2913, 2914",Exception Products,Restricted For Canberra,,
119,58567,Late Afternoon Delivery Canberra,"2600, 2601, 2602, 2603, 2604, 2605, 2606, 2607, 2609, 2611, 2612, 2614, 2615, 2617, 2620, 2900, 2902, 2903, 2904, 2905, 2906, 2911, 2912, 2913, 2914",Late Afternoon Delivery Canberra,All orders,,$19.95
120,58567,Late Afternoon Delivery Canberra,"2600, 2601, 2602, 2603, 2604, 2605, 2606, 2607, 2609, 2611, 2612, 2614, 2615, 2617, 2620, 2900, 2902, 2903, 2904, 2905, 2906, 2911, 2912, 2913, 2914",Exception Product,Restricted For Canberra,,
121,54008,Melbourne Saturday Delivery,"3000, 3002, 3003, 3004, 3006, 3008, 3010, 3011, 3012, 3013, 3015, 3016, 3019, 3020, 3025, 3031, 3032, 3050, 3051, 3052, 3053, 3054, 3055, 3056, 3057, 3065, 3066, 3068, 3072, 3078, 3079, 3081, 3084, 3101, 3102, 3103, 3104, 3108, 3109, 3111, 3121, 3122, 3123, 3124, 3125, 3126, 3127, 3128, 3129, 3131, 3133, 3134, 3135, 3141, 3142, 3143, 3144, 3145, 3146, 3147, 3148, 3149, 3150, 3151, 3152, 3153, 3155, 3156, 3161, 3162, 3163, 3166, 3168, 3170, 3178, 3179, 3180, 3181, 3182, 3183, 3205, 3206, 3207, 3018, 3021, 3022, 3023, 3026, 3027, 3028, 3029, 3033, 3034, 3036, 3037, 3038, 3039, 3040, 3041, 3042, 3043, 3044, 3045, 3046, 3047, 3048, 3049, 3058, 3059, 3060, 3061, 3067, 3070, 3071, 3073, 3074, 3075, 3076, 3082, 3083, 3085, 3087, 3088, 3090, 3093, 3094, 3095, 3105, 3106, 3107, 3130, 3132, 3154, 3165, 3167, 3169, 3171, 3172, 3173, 3174, 3175, 3177, 3184, 3185, 3187, 3188, 3189, 3190, 3191, 3194, 3195, 3196, 3197, 3198, 3201, 3202, 3204, 3802, 3030, 3186, 3192, 3193, 3136, 3005, 3793",Melbourne Saturday Delivery,All orders,,$16.95
122,54008,Melbourne Saturday Delivery,"3000, 3002, 3003, 3004, 3006, 3008, 3010, 3011, 3012, 3013, 3015, 3016, 3019, 3020, 3025, 3031, 3032, 3050, 3051, 3052, 3053, 3054, 3055, 3056, 3057, 3065, 3066, 3068, 3072, 3078, 3079, 3081, 3084, 3101, 3102, 3103, 3104, 3108, 3109, 3111, 3121, 3122, 3123, 3124, 3125, 3126, 3127, 3128, 3129, 3131, 3133, 3134, 3135, 3141, 3142, 3143, 3144, 3145, 3146, 3147, 3148, 3149, 3150, 3151, 3152, 3153, 3155, 3156, 3161, 3162, 3163, 3166, 3168, 3170, 3178, 3179, 3180, 3181, 3182, 3183, 3205, 3206, 3207, 3018, 3021, 3022, 3023, 3026, 3027, 3028, 3029, 3033, 3034, 3036, 3037, 3038, 3039, 3040, 3041, 3042, 3043, 3044, 3045, 3046, 3047, 3048, 3049, 3058, 3059, 3060, 3061, 3067, 3070, 3071, 3073, 3074, 3075, 3076, 3082, 3083, 3085, 3087, 3088, 3090, 3093, 3094, 3095, 3105, 3106, 3107, 3130, 3132, 3154, 3165, 3167, 3169, 3171, 3172, 3173, 3174, 3175, 3177, 3184, 3185, 3187, 3188, 3189, 3190, 3191, 3194, 3195, 3196, 3197, 3198, 3201, 3202, 3204, 3802, 3030, 3186, 3192, 3193, 3136, 3005, 3793",Exception Products,Restricted For Melbourne,,
123,47064,Melbourne Special Delivery,"3000, 3002, 3003, 3004, 3006, 3008, 3010, 3011, 3012, 3013, 3015, 3016, 3019, 3020, 3025, 3031, 3032, 3050, 3051, 3052, 3053, 3054, 3055, 3056, 3057, 3065, 3066, 3068, 3072, 3078, 3079, 3081, 3084, 3101, 3102, 3103, 3104, 3108, 3109, 3111, 3121, 3122, 3123, 3124, 3125, 3126, 3127, 3128, 3129, 3131, 3133, 3141, 3142, 3143, 3144, 3145, 3146, 3147, 3148, 3149, 3150, 3151, 3152, 3153, 3155, 3156, 3161, 3162, 3163, 3166, 3168, 3170, 3178, 3179, 3180, 3181, 3182, 3183, 3205, 3206, 3207, 3005, 3134, 3135, 3136, 3793",Melbourne Special Delivery,All orders,,$29.95
124,47064,Melbourne Special Delivery,"3000, 3002, 3003, 3004, 3006, 3008, 3010, 3011, 3012, 3013, 3015, 3016, 3019, 3020, 3025, 3031, 3032, 3050, 3051, 3052, 3053, 3054, 3055, 3056, 3057, 3065, 3066, 3068, 3072, 3078, 3079, 3081, 3084, 3101, 3102, 3103, 3104, 3108, 3109, 3111, 3121, 3122, 3123, 3124, 3125, 3126, 3127, 3128, 3129, 3131, 3133, 3141, 3142, 3143, 3144, 3145, 3146, 3147, 3148, 3149, 3150, 3151, 3152, 3153, 3155, 3156, 3161, 3162, 3163, 3166, 3168, 3170, 3178, 3179, 3180, 3181, 3182, 3183, 3205, 3206, 3207, 3005, 3134, 3135, 3136, 3793",Exception Products,Restricted For Melbourne,,
125,58568,Melbourne Special Delivery - $40,3136,Melbourne Special Delivery,All orders,,$40.00
126,58568,Melbourne Special Delivery - $40,3136,Exception Products,Restricted For Melbourne,,
127,58569,Morning Delivery - 1PM,"4000, 4205, 4072, 4219, 4222, 4229, 4230, 4005, 4006, 4007, 4008, 4009, 4010, 4011, 4012, 4013, 4014, 4017, 4018, 4029, 4030, 4031, 4032, 4034, 4035, 4036, 4051, 4053, 4054, 4059, 4060, 4061, 4064, 4065, 4066, 4067, 4068, 4073, 4074, 4075, 4076, 4077, 4078, 4101, 4102, 4103, 4104, 4105, 4106, 4107, 4108, 4109, 4110, 4111, 4112, 4113, 4114, 4115, 4116, 4117, 4118, 4119, 4120, 4121, 4151, 4122, 4123, 4127, 4128, 4129, 4131, 4132, 4152, 4153, 4154, 4155, 4156, 4157, 4158, 4159, 4160, 4161, 4163, 4164, 4169, 4170, 4171, 4172, 4173, 4174, 4178, 4179",Morning Delivery - 1PM,All orders,,$19.95
128,58569,Morning Delivery - 1PM,"4000, 4205, 4072, 4219, 4222, 4229, 4230, 4005, 4006, 4007, 4008, 4009, 4010, 4011, 4012, 4013, 4014, 4017, 4018, 4029, 4030, 4031, 4032, 4034, 4035, 4036, 4051, 4053, 4054, 4059, 4060, 4061, 4064, 4065, 4066, 4067, 4068, 4073, 4074, 4075, 4076, 4077, 4078, 4101, 4102, 4103, 4104, 4105, 4106, 4107, 4108, 4109, 4110, 4111, 4112, 4113, 4114, 4115, 4116, 4117, 4118, 4119, 4120, 4121, 4151, 4122, 4123, 4127, 4128, 4129, 4131, 4132, 4152, 4153, 4154, 4155, 4156, 4157, 4158, 4159, 4160, 4161, 4163, 4164, 4169, 4170, 4171, 4172, 4173, 4174, 4178, 4179",Exception Products,Restricted For Brisbane,,
129,50161,Next Day Adelaide,"5000, 5001, 5006, 5007, 5008, 5009, 5010, 5011, 5012, 5013, 5014, 5015, 5016, 5017, 5018, 5019, 5020, 5021, 5022, 5023, 5024, 5025, 5031, 5032, 5033, 5034, 5035, 5037, 5038, 5039, 5040, 5041, 5042, 5043, 5044, 5045, 5046, 5047, 5048, 5049, 5050, 5051, 5052, 5061, 5062, 5063, 5064, 5065, 5066, 5067, 5068, 5069, 5070, 5071, 5072, 5073, 5074, 5075, 5076, 5081, 5082, 5083, 5084, 5085, 5086, 5087, 5088, 5090, 5091, 5092, 5093, 5094, 5095, 5096, 5097, 5098, 5106, 5107, 5108, 5109, 5110, 5111, 5112, 5113, 5114, 5115, 5125, 5126, 5127, 5140, 5157, 5158, 5159, 5160, 5161, 5162, 5163, 5164, 5165, 5166, 5168, 5800, 5810, 5839, 5920, 5930, 5942, 5950, 5016, 5018, 5020, 5022, 5025, 5040, 5041, 5043, 5047, 5049, 5052, 5062, 5064, 5066, 5068, 5071, 5072, 5074, 5075, 5076, 5082, 5085, 5086, 5089, 5090, 5091, 5093, 5097, 5106, 5116, 5117, 5118, 5120, 5121, 5129, 5130, 5131, 5132, 5133, 5134, 5136, 5137, 5138, 5139, 5140, 5141, 5142, 5144, 5150, 5151, 5152, 5153, 5154, 5155, 5156, 5157, 5158, 5159, 5161, 5163, 5164, 5165, 5166, 5167",Next Day Adelaide,All orders,,$16.95
130,50225,Next Day Adelaide,"5000, 5001, 5006, 5007, 5008, 5009, 5010, 5011, 5012, 5013, 5014, 5015, 5016, 5017, 5018, 5019, 5020, 5021, 5022, 5023, 5024, 5025, 5031, 5032, 5033, 5034, 5035, 5037, 5038, 5039, 5040, 5041, 5042, 5043, 5044, 5045, 5046, 5047, 5048, 5049, 5050, 5051, 5052, 5061, 5062, 5063, 5064, 5065, 5066, 5067, 5068, 5069, 5070, 5071, 5072, 5073, 5074, 5075, 5076, 5081, 5082, 5083, 5084, 5085, 5086, 5087, 5088, 5090, 5091, 5092, 5093, 5094, 5095, 5096, 5097, 5098, 5106, 5107, 5108, 5109, 5110, 5111, 5112, 5113, 5114, 5115, 5125, 5126, 5127, 5140, 5158, 5159, 5160, 5161, 5162, 5163, 5164, 5165, 5166, 5168, 5800, 5810, 5839, 5920, 5930, 5942, 5950, 5016, 5018, 5020, 5022, 5025, 5040, 5041, 5043, 5047, 5049, 5052, 5062, 5064, 5066, 5068, 5071, 5072, 5074, 5075, 5076, 5082, 5085, 5086, 5089, 5090, 5091, 5093, 5097, 5106, 5116, 5117, 5118, 5120, 5121, 5129, 5130, 5131, 5132, 5133, 5134, 5136, 5137, 5138, 5139, 5140, 5141, 5142, 5144, 5150, 5151, 5152, 5153, 5154, 5155, 5156, 5158, 5159, 5161, 5163, 5164, 5165, 5166, 5167",Next Day Adelaide,All orders,,$16.95
131,50225,Next Day Adelaide,"5000, 5001, 5006, 5007, 5008, 5009, 5010, 5011, 5012, 5013, 5014, 5015, 5016, 5017, 5018, 5019, 5020, 5021, 5022, 5023, 5024, 5025, 5031, 5032, 5033, 5034, 5035, 5037, 5038, 5039, 5040, 5041, 5042, 5043, 5044, 5045, 5046, 5047, 5048, 5049, 5050, 5051, 5052, 5061, 5062, 5063, 5064, 5065, 5066, 5067, 5068, 5069, 5070, 5071, 5072, 5073, 5074, 5075, 5076, 5081, 5082, 5083, 5084, 5085, 5086, 5087, 5088, 5090, 5091, 5092, 5093, 5094, 5095, 5096, 5097, 5098, 5106, 5107, 5108, 5109, 5110, 5111, 5112, 5113, 5114, 5115, 5125, 5126, 5127, 5140, 5158, 5159, 5160, 5161, 5162, 5163, 5164, 5165, 5166, 5168, 5800, 5810, 5839, 5920, 5930, 5942, 5950, 5016, 5018, 5020, 5022, 5025, 5040, 5041, 5043, 5047, 5049, 5052, 5062, 5064, 5066, 5068, 5071, 5072, 5074, 5075, 5076, 5082, 5085, 5086, 5089, 5090, 5091, 5093, 5097, 5106, 5116, 5117, 5118, 5120, 5121, 5129, 5130, 5131, 5132, 5133, 5134, 5136, 5137, 5138, 5139, 5140, 5141, 5142, 5144, 5150, 5151, 5152, 5153, 5154, 5155, 5156, 5158, 5159, 5161, 5163, 5164, 5165, 5166, 5167",Exception Products,Restricted For Adelaide,,
132,28281,Next Day Brisbane,"4000, 4005, 4006, 4007, 4008, 4009, 4010, 4011, 4012, 4013, 4014, 4017, 4018, 4029, 4030, 4031, 4032, 4034, 4035, 4036, 4051, 4053, 4054, 4059, 4060, 4061, 4064, 4065, 4066, 4067, 4068, 4072, 4073, 4074, 4075, 4076, 4077, 4078, 4101, 4102, 4103, 4104, 4105, 4106, 4107, 4108, 4109, 4110, 4111, 4112, 4113, 4114, 4115, 4116, 4117, 4118, 4119, 4120, 4121, 4122, 4123, 4127, 4128, 4129, 4131, 4132, 4151, 4152, 4153, 4154, 4155, 4156, 4157, 4158, 4159, 4160, 4161, 4163, 4164, 4169, 4170, 4171, 4172, 4173, 4174, 4178, 4179",Next Day Brisbane,Order includes any specific products: 1 product,,
133,28281,Next Day Brisbane,"4000, 4005, 4006, 4007, 4008, 4009, 4010, 4011, 4012, 4013, 4014, 4017, 4018, 4029, 4030, 4031, 4032, 4034, 4035, 4036, 4051, 4053, 4054, 4059, 4060, 4061, 4064, 4065, 4066, 4067, 4068, 4072, 4073, 4074, 4075, 4076, 4077, 4078, 4101, 4102, 4103, 4104, 4105, 4106, 4107, 4108, 4109, 4110, 4111, 4112, 4113, 4114, 4115, 4116, 4117, 4118, 4119, 4120, 4121, 4122, 4123, 4127, 4128, 4129, 4131, 4132, 4151, 4152, 4153, 4154, 4155, 4156, 4157, 4158, 4159, 4160, 4161, 4163, 4164, 4169, 4170, 4171, 4172, 4173, 4174, 4178, 4179",Next Day Brisbane,Order includes any specific products: 1 product,,
134,28282,Next Day Melbourne,"3000, 3002, 3003, 3004, 3006, 3008, 3010, 3011, 3012, 3013, 3015, 3016, 3018, 3019, 3020, 3021, 3022, 3023, 3025, 3026, 3027, 3028, 3029, 3030, 3031, 3032, 3033, 3034, 3036, 3037, 3038, 3039, 3040, 3041, 3042, 3043, 3044, 3045, 3046, 3047, 3048, 3049, 3050, 3051, 3052, 3053, 3054, 3055, 3056, 3057, 3058, 3059, 3060, 3061, 3065, 3066, 3067, 3068, 3070, 3071, 3072, 3073, 3074, 3075, 3076, 3078, 3079, 3081, 3082, 3083, 3084, 3085, 3087, 3088, 3090, 3093, 3094, 3095, 3101, 3102, 3103, 3104, 3105, 3106, 3107, 3108, 3109, 3111, 3121, 3122, 3123, 3124, 3125, 3126, 3127, 3128, 3129, 3130, 3131, 3132, 3133, 3134, 3135, 3141, 3142, 3143, 3144, 3145, 3146, 3147, 3148, 3149, 3150, 3151, 3152, 3153, 3154, 3155, 3156, 3161, 3162, 3163, 3165, 3166, 3167, 3168, 3169, 3170, 3171, 3172, 3173, 3174, 3175, 3177, 3178, 3179, 3180, 3181, 3182, 3183, 3184, 3185, 3186, 3187, 3188, 3189, 3190, 3191, 3192, 3193, 3194, 3195, 3196, 3197, 3198, 3201, 3202, 3204, 3205, 3206, 3207, 3802",Next Day Melbourne,All orders,,$14.95
135,39796,Next Day Newcastle,"2289, 2284, 2300, 2280, 2290, 2287, 2281, 2292, 2308, 2285, 2282, 2318, 2298, 2303, 2296, 2299, 2304, 2293, 2291, 2305, 2307, 2295, 2297, 2306",Next Day Newcastle,All orders,,$14.95
136,28284,Next Day Perth,"6000, 6003, 6004, 6005, 6006, 6007, 6008, 6009, 6010, 6011, 6012, 6014, 6015, 6016, 6017, 6018, 6019, 6020, 6021, 6022, 6023, 6024, 6025, 6026, 6027, 6029, 6050, 6051, 6052, 6053, 6054, 6055, 6056, 6057, 6058, 6059, 6060, 6061, 6062, 6063, 6064, 6065, 6066, 6068, 6070, 6090, 6100, 6101, 6102, 6103, 6104, 6105, 6106, 6107, 6108, 6109, 6110, 6111, 6112, 6121, 6147, 6148, 6149, 6150, 6151, 6152, 6153, 6154, 6155, 6156, 6157, 6158, 6159, 6160, 6162, 6163, 6164, 6170, 6166, 6167, 6168, 6169, 6171, 6172, 6173",Same Day Service Perth (Afternoon Delivery),All orders,Same Day Service Perth (Afternoon Delivery),$16.95
137,59255,Next Day Service Perth (Afternoon Delivery),"6168, 6169, 6171",Next Day Service Perth (Afternoon Delivery),All orders,,$16.95
138,59255,Next Day Service Perth (Afternoon Delivery),"6168, 6169, 6171",Exception Product,Restricted For Perth,,
139,47397,Perth Special Delivery,"6000, 6003, 6004, 6005, 6006, 6007, 6008, 6009, 6010, 6011, 6012, 6014, 6015, 6016, 6017, 6018, 6019, 6020, 6021, 6022, 6023, 6024, 6025, 6026, 6027, 6029, 6050, 6051, 6052, 6053, 6054, 6055, 6056, 6057, 6058, 6059, 6060, 6061, 6062, 6063, 6064, 6065, 6066, 6068, 6070, 6090, 6100, 6101, 6102, 6103, 6104, 6105, 6106, 6107, 6108, 6109, 6110, 6111, 6112, 6121, 6147, 6148, 6149, 6150, 6151, 6152, 6153, 6154, 6155, 6156, 6157, 6158, 6159, 6160, 6162, 6163, 6164, 6165, 6166, 6167, 6076",Perth Special Delivery,All orders,,$29.95
140,47397,Perth Special Delivery,"6000, 6003, 6004, 6005, 6006, 6007, 6008, 6009, 6010, 6011, 6012, 6014, 6015, 6016, 6017, 6018, 6019, 6020, 6021, 6022, 6023, 6024, 6025, 6026, 6027, 6029, 6050, 6051, 6052, 6053, 6054, 6055, 6056, 6057, 6058, 6059, 6060, 6061, 6062, 6063, 6064, 6065, 6066, 6068, 6070, 6090, 6100, 6101, 6102, 6103, 6104, 6105, 6106, 6107, 6108, 6109, 6110, 6111, 6112, 6121, 6147, 6148, 6149, 6150, 6151, 6152, 6153, 6154, 6155, 6156, 6157, 6158, 6159, 6160, 6162, 6163, 6164, 6165, 6166, 6167, 6076",Exception Products,"Long Stemmed Pink Roses,Mothers day test product",,
141,54009,Perth Special Delivery,"6000, 6003, 6004, 6005, 6006, 6007, 6008, 6009, 6010, 6011, 6012, 6014, 6015, 6016, 6017, 6018, 6019, 6020, 6021, 6022, 6023, 6024, 6025, 6026, 6027, 6029, 6050, 6051, 6052, 6053, 6054, 6055, 6056, 6057, 6058, 6059, 6060, 6061, 6062, 6063, 6064, 6065, 6066, 6068, 6070, 6090, 6100, 6101, 6102, 6103, 6104, 6105, 6106, 6107, 6108, 6109, 6110, 6111, 6112, 6121, 6147, 6148, 6149, 6150, 6151, 6152, 6153, 6154, 6155, 6156, 6157, 6158, 6159, 6160, 6162, 6163, 6164, 6170, 6028, 6030, 6031, 6036, 6067, 6069, 6071, 6072, 6073, 6074, 6076, 6077, 6078, 6079, 6081, 6082, 6122, 6165",Perth Special Delivery,All orders,,$29.95
142,54010,Priority Shipping,"2000, 2089, 2208, 2062, 2063, 2064, 2065, 2066, 2067, 2068, 2069, 2088, 2090, 2092, 2093, 2110, 2111, 2134, 2135, 2136, 2208, 2209, 2220, 2221, 2087, 2094, 2095, 2112, 2113, 2114, 2137, 2138, 2191, 2192, 2195, 2196, 2210, 2222, 2223, 2070, 2071, 2072, 2100, 2122, 2140, 2141, 2143, 2190, 2199, 2200, 2211, 2224, 2228, 2229, 2074, 2075, 2085, 2086, 2096, 2099, 2115, 2116, 2121, 2127, 2128, 2144, 2117, 2142, 2150, 2153, 2160, 2162, 2197, 2212, 2213, 2214, 2225, 2226, 2227, 2230, 2232, 2234, 2073, 2076, 2077, 2097, 2118, 2119, 2163, 2101, 2145, 2151, 2161, 2166, 2231, 2102, 2103, 2120, 2125, 2152, 2164, 2165, 2170, 2172, 2173, 2198, 2233, 2126, 2146, 2147, 2154, 2168, 2177, 2148, 2171, 2176, 2766, 2767, 2155, 2175, 2178, 2763, 2768, 2167, 2179, 2174, 2564, 2557, 2762, 2565, 2759, 2761, 2559, 2566, 2748, 2749, 2760, 2769, 2770, 2558, 2560, 2747, 2765, 2567, 2750",Priority Shipping,All orders,,$39.95
143,54010,Priority Shipping,"2000, 2089, 2208, 2062, 2063, 2064, 2065, 2066, 2067, 2068, 2069, 2088, 2090, 2092, 2093, 2110, 2111, 2134, 2135, 2136, 2208, 2209, 2220, 2221, 2087, 2094, 2095, 2112, 2113, 2114, 2137, 2138, 2191, 2192, 2195, 2196, 2210, 2222, 2223, 2070, 2071, 2072, 2100, 2122, 2140, 2141, 2143, 2190, 2199, 2200, 2211, 2224, 2228, 2229, 2074, 2075, 2085, 2086, 2096, 2099, 2115, 2116, 2121, 2127, 2128, 2144, 2117, 2142, 2150, 2153, 2160, 2162, 2197, 2212, 2213, 2214, 2225, 2226, 2227, 2230, 2232, 2234, 2073, 2076, 2077, 2097, 2118, 2119, 2163, 2101, 2145, 2151, 2161, 2166, 2231, 2102, 2103, 2120, 2125, 2152, 2164, 2165, 2170, 2172, 2173, 2198, 2233, 2126, 2146, 2147, 2154, 2168, 2177, 2148, 2171, 2176, 2766, 2767, 2155, 2175, 2178, 2763, 2768, 2167, 2179, 2174, 2564, 2557, 2762, 2565, 2759, 2761, 2559, 2566, 2748, 2749, 2760, 2769, 2770, 2558, 2560, 2747, 2765, 2567, 2750",Exception Products,"Restricted For Sydney,Restricted for Sydney",,
144,54013,Priority Shipping - Brisbane - $35,"4008, 4013, 4014, 4032, 4054, 4061, 4075, 4106, 4107, 4153, 4174, 4034, 4018, 4111, 4122",Priority Shipping,All orders,Priority Shipping,$35.00
145,54013,Priority Shipping - Brisbane - $35,"4008, 4013, 4014, 4032, 4054, 4061, 4075, 4106, 4107, 4153, 4174, 4034, 4018, 4111, 4122",Exception Products,Restricted For Brisbane,,
146,54012,Priority Shipping - Brisbane - $29.5,"4009, 4011, 4012, 4031, 4051, 4053, 4060, 4065, 4066, 4067, 4068, 4103, 4104, 4105, 4121, 4151, 4152, 4171, 4172",Priority Shipping,All orders,Priority Shipping,$29.50
147,54012,Priority Shipping - Brisbane - $29.5,"4009, 4011, 4012, 4031, 4051, 4053, 4060, 4065, 4066, 4067, 4068, 4103, 4104, 4105, 4121, 4151, 4152, 4171, 4172",Exception Products,Restricted For Brisbane,,
148,54011,Priority Shipping - Brisbane- $19.95,"4000, 4005, 4006, 4007, 4010, 4029, 4030, 4059, 4064, 4101, 4102, 4120, 4169, 4170",Priority Shipping,All orders,Priority Shipping,$19.95
149,54011,Priority Shipping - Brisbane- $19.95,"4000, 4005, 4006, 4007, 4010, 4029, 4030, 4059, 4064, 4101, 4102, 4120, 4169, 4170",Exception Products,Restricted For Brisbane,,
150,56360,Priority Shipping - Brisbane- $24.95,"4000, 4005, 4006, 4007, 4010, 4029, 4030, 4059, 4064, 4101, 4102, 4120, 4169, 4170",Priority Shipping,All orders,Priority Shipping,$24.95
151,56360,Priority Shipping - Brisbane- $24.95,"4000, 4005, 4006, 4007, 4010, 4029, 4030, 4059, 4064, 4101, 4102, 4120, 4169, 4170",Exception Products,Restricted For Brisbane,,
152,56411,Priority Sydney Shipping - $24.95,"2000, 2007, 2008, 2009, 2010, 2011, 2015, 2016, 2017, 2018, 2020, 2021, 2022, 2032, 2033, 2037, 2042, 2043, 2044, 2050, 2019, 2023, 2024, 2025, 2026, 2027, 2028, 2029, 2031, 2034, 2035, 2036, 2038, 2039, 2040, 2041, 2045, 2048, 2049, 2193, 2204, 2205, 2206, 2030, 2046, 2047, 2048, 2060, 2061, 2089, 2130, 2131, 2132, 2133, 2194, 2203, 2207, 2208, 2216, 2217, 2218, 2219",Priority Sydney Shipping,All orders,Sydney Priority Shipping,$24.95
153,56411,Priority Sydney Shipping - $24.95,"2000, 2007, 2008, 2009, 2010, 2011, 2015, 2016, 2017, 2018, 2020, 2021, 2022, 2032, 2033, 2037, 2042, 2043, 2044, 2050, 2019, 2023, 2024, 2025, 2026, 2027, 2028, 2029, 2031, 2034, 2035, 2036, 2038, 2039, 2040, 2041, 2045, 2048, 2049, 2193, 2204, 2205, 2206, 2030, 2046, 2047, 2048, 2060, 2061, 2089, 2130, 2131, 2132, 2133, 2194, 2203, 2207, 2208, 2216, 2217, 2218, 2219",Exception Products,Restricted For Sydney,,
154,54022,Priority Sydney Shipping - $29.50,"2062, 2063, 2064, 2065, 2066, 2067, 2068, 2069, 2088, 2090, 2092, 2093, 2110, 2111, 2134, 2135, 2136, 2208, 2209, 2220, 2221, 2087, 2094, 2095, 2112, 2113, 2114, 2137, 2138, 2191, 2192, 2195, 2196, 2210, 2222, 2223, 2070, 2071, 2072, 2100, 2122, 2140, 2141, 2143, 2190, 2199, 2200, 2211, 2224, 2228, 2229",Priority Sydney Shipping,All orders,Priority Sydney Shipping,$16.95
155,54022,Priority Sydney Shipping - $29.50,"2062, 2063, 2064, 2065, 2066, 2067, 2068, 2069, 2088, 2090, 2092, 2093, 2110, 2111, 2134, 2135, 2136, 2208, 2209, 2220, 2221, 2087, 2094, 2095, 2112, 2113, 2114, 2137, 2138, 2191, 2192, 2195, 2196, 2210, 2222, 2223, 2070, 2071, 2072, 2100, 2122, 2140, 2141, 2143, 2190, 2199, 2200, 2211, 2224, 2228, 2229",Exception Products,"Restricted For Sydney,Restricted for Sydney",,
156,46318,Public Holiday Special Delivery,"2006, 2012, 2038, 2039, 2040, 2041, 2043, 2044, 2045, 2046, 2047, 2048, 2049, 2050, 2052, 2061, 2062, 2063, 2064, 2066, 2067, 2068, 2069, 2070, 2071, 2072, 2073, 2074, 2075, 2076, 2077, 2085, 2086, 2087, 2088, 2089, 2090, 2092, 2093, 2094, 2095, 2096, 2097, 2099, 2100, 2101, 2102, 2103, 2104, 2105, 2106, 2107, 2108, 2109, 2110, 2111, 2112, 2113, 2114, 2115, 2116, 2117, 2118, 2119, 2120, 2121, 2122, 2125, 2126, 2127, 2128, 2130, 2131, 2132, 2133, 2134, 2135, 2136, 2137, 2138, 2140, 2141, 2142, 2143, 2144, 2145, 2146, 2147, 2148, 2150, 2151, 2152, 2153, 2154, 2155, 2160, 2161, 2162, 2163, 2164, 2165, 2166, 2167, 2168, 2170, 2171, 2172, 2173, 2174, 2175, 2176, 2177, 2178, 2179, 2190, 2191, 2192, 2193, 2194, 2195, 2196, 2197, 2198, 2199, 2200, 2203, 2204, 2205, 2206, 2207, 2208, 2209, 2210, 2211, 2212, 2213, 2214, 2216, 2218, 2219, 2220, 2221, 2222, 2223, 2224, 2225, 2226, 2227, 2228, 2229, 2230, 2231, 2232, 2233, 2234, 2555, 2556, 2557, 2558, 2559, 2564, 2565, 2566, 2567, 2745, 2747, 2748, 2749, 2750, 2751, 2759, 2760, 2761, 2762, 2763, 2765, 2766, 2767, 2768, 2769, 2770, 2000, 2007, 2008, 2009, 2010, 2011, 2015, 2016, 2017, 2018, 2019, 2020, 2021, 2022, 2023, 2024, 2025, 2026, 2027, 2028, 2029, 2030, 2031, 2032, 2033, 2034, 2035, 2036, 2037, 2042, 2060, 2065, 2217",Public Holiday Special Delivery,All orders,,$39.50
157,49525,Same Day Adelaide,"5000, 5001, 5006, 5007, 5008, 5009, 5010, 5011, 5012, 5013, 5014, 5015, 5016, 5017, 5018, 5019, 5020, 5021, 5022, 5023, 5024, 5025, 5031, 5032, 5033, 5034, 5035, 5037, 5038, 5039, 5040, 5041, 5042, 5043, 5044, 5045, 5046, 5047, 5048, 5049, 5050, 5051, 5052, 5061, 5062, 5063, 5064, 5065, 5066, 5067, 5068, 5069, 5070, 5071, 5072, 5073, 5074, 5075, 5076, 5081, 5082, 5083, 5084, 5085, 5086, 5087, 5088, 5090, 5091, 5092, 5093, 5094, 5095, 5096, 5097, 5098, 5106, 5107, 5108, 5109, 5110, 5111, 5112, 5113, 5114, 5115, 5125, 5126, 5127, 5140, 5157, 5158, 5159, 5160, 5161, 5162, 5163, 5164, 5165, 5166, 5168, 5800, 5810, 5839, 5920, 5930, 5942, 5950, 5016, 5018, 5020, 5022, 5025, 5040, 5041, 5043, 5047, 5049, 5052, 5062, 5064, 5066, 5068, 5071, 5072, 5074, 5075, 5076, 5082, 5085, 5086, 5089, 5090, 5091, 5093, 5097, 5106, 5116, 5117, 5118, 5120, 5121, 5129, 5130, 5131, 5132, 5133, 5134, 5136, 5137, 5138, 5139, 5140, 5141, 5142, 5144, 5150, 5151, 5152, 5153, 5154, 5155, 5156, 5157, 5158, 5159, 5161, 5163, 5164, 5165, 5166, 5167",Same Day Adelaide,All orders,,$16.95
158,26201,Same Day Brisbane,"4000, 4005, 4006, 4007, 4008, 4009, 4010, 4011, 4012, 4013, 4014, 4017, 4018, 4029, 4030, 4031, 4032, 4034, 4035, 4036, 4051, 4053, 4054, 4059, 4060, 4061, 4064, 4065, 4066, 4067, 4068, 4072, 4073, 4074, 4075, 4076, 4077, 4078, 4101, 4102, 4103, 4104, 4105, 4106, 4107, 4108, 4109, 4110, 4111, 4112, 4113, 4114, 4115, 4116, 4117, 4118, 4119, 4120, 4121, 4122, 4123, 4127, 4128, 4129, 4131, 4132, 4151, 4152, 4153, 4154, 4155, 4156, 4157, 4158, 4159, 4160, 4161, 4163, 4164, 4169, 4170, 4171, 4172, 4173, 4174, 4178, 4179",Same Day Brisbane,Order does not include any specific products: 56 products,,$14.95
159,54130,Same Day Courier,"2570, 2079, 2080, 2081, 2082, 2108, 2156, 2158, 2159, 2157, 2104, 2106, 2107, 2555, 2556, 2745, 2000, 2007, 2008, 2009, 2010, 2011, 2015, 2016, 2017, 2018, 2020, 2021, 2022, 2032, 2033, 2037, 2042, 2043, 2044, 2050, 2019, 2023, 2024, 2025, 2026, 2027, 2028, 2029, 2031, 2034, 2035, 2036, 2038, 2039, 2040, 2041, 2045, 2048, 2049, 2193, 2204, 2205, 2206, 2030, 2046, 2047, 2048, 2060, 2061, 2089, 2130, 2131, 2132, 2133, 2194, 2203, 2207, 2208, 2216, 2217, 2218, 2219, 2062, 2063, 2064, 2065, 2066, 2067, 2068, 2069, 2088, 2090, 2092, 2093, 2110, 2111, 2134, 2135, 2136, 2208, 2209, 2220, 2221, 2087, 2094, 2095, 2112, 2113, 2114, 2137, 2138, 2191, 2192, 2195, 2196, 2210, 2222, 2223, 2070, 2071, 2072, 2100, 2122, 2140, 2141, 2143, 2190, 2199, 2200, 2211, 2224, 2228, 2229, 2074, 2075, 2085, 2086, 2096, 2099, 2115, 2116, 2121, 2127, 2128, 2144, 2117, 2142, 2150, 2153, 2160, 2162, 2197, 2212, 2213, 2214, 2225, 2226, 2227, 2230, 2232, 2234, 2073, 2076, 2077, 2097, 2118, 2119, 2163, 2101, 2145, 2151, 2161, 2166, 2231, 2102, 2103, 2120, 2125, 2152, 2164, 2165, 2170, 2172, 2173, 2198, 2233, 2126, 2146, 2147, 2154, 2168, 2177, 2148, 2171, 2176, 2766, 2767, 2155, 2175, 2178, 2763, 2768, 2167, 2179, 2174, 2564, 2557, 2762, 2565, 2759, 2761, 2559, 2566, 2748, 2749, 2760, 2769, 2770, 2558, 2560, 2747, 2765, 2567, 2750",Same Day Courier,All orders,Same Day Courier,$19.95
160,54130,Same Day Courier,"2570, 2079, 2080, 2081, 2082, 2108, 2156, 2158, 2159, 2157, 2104, 2106, 2107, 2555, 2556, 2745, 2000, 2007, 2008, 2009, 2010, 2011, 2015, 2016, 2017, 2018, 2020, 2021, 2022, 2032, 2033, 2037, 2042, 2043, 2044, 2050, 2019, 2023, 2024, 2025, 2026, 2027, 2028, 2029, 2031, 2034, 2035, 2036, 2038, 2039, 2040, 2041, 2045, 2048, 2049, 2193, 2204, 2205, 2206, 2030, 2046, 2047, 2048, 2060, 2061, 2089, 2130, 2131, 2132, 2133, 2194, 2203, 2207, 2208, 2216, 2217, 2218, 2219, 2062, 2063, 2064, 2065, 2066, 2067, 2068, 2069, 2088, 2090, 2092, 2093, 2110, 2111, 2134, 2135, 2136, 2208, 2209, 2220, 2221, 2087, 2094, 2095, 2112, 2113, 2114, 2137, 2138, 2191, 2192, 2195, 2196, 2210, 2222, 2223, 2070, 2071, 2072, 2100, 2122, 2140, 2141, 2143, 2190, 2199, 2200, 2211, 2224, 2228, 2229, 2074, 2075, 2085, 2086, 2096, 2099, 2115, 2116, 2121, 2127, 2128, 2144, 2117, 2142, 2150, 2153, 2160, 2162, 2197, 2212, 2213, 2214, 2225, 2226, 2227, 2230, 2232, 2234, 2073, 2076, 2077, 2097, 2118, 2119, 2163, 2101, 2145, 2151, 2161, 2166, 2231, 2102, 2103, 2120, 2125, 2152, 2164, 2165, 2170, 2172, 2173, 2198, 2233, 2126, 2146, 2147, 2154, 2168, 2177, 2148, 2171, 2176, 2766, 2767, 2155, 2175, 2178, 2763, 2768, 2167, 2179, 2174, 2564, 2557, 2762, 2565, 2759, 2761, 2559, 2566, 2748, 2749, 2760, 2769, 2770, 2558, 2560, 2747, 2765, 2567, 2750",Exception Products,"Restricted For Sydney,Restricted for Sydney",,
161,33228,SAME DAY EXPRESS PERTH,"6000, 6003, 6004, 6005, 6006, 6007, 6008, 6009, 6010, 6011, 6012, 6014, 6015, 6016, 6017, 6018, 6019, 6020, 6021, 6022, 6023, 6024, 6025, 6026, 6027, 6029, 6050, 6051, 6052, 6053, 6054, 6055, 6056, 6057, 6058, 6059, 6060, 6061, 6062, 6063, 6064, 6065, 6066, 6068, 6070, 6090, 6100, 6101, 6102, 6103, 6104, 6105, 6106, 6107, 6108, 6109, 6110, 6111, 6112, 6121, 6147, 6148, 6149, 6150, 6151, 6152, 6153, 6154, 6155, 6156, 6157, 6158, 6159, 6160, 6162, 6163, 6164, 6165, 6166, 6167, 6168, 6169, 6170, 6171, 6172, 6173",SAME DAY EXPRESS PERTH,All orders,,$14.95
162,58570,Same Day Local Sydney (Night-time Delivery),"2000, 2007, 2008, 2009, 2010, 2011, 2015, 2016, 2017, 2018, 2020, 2021, 2022, 2032, 2033, 2037, 2042, 2043, 2044, 2050, 2019, 2023, 2024, 2025, 2026, 2027, 2028, 2029, 2031, 2034, 2035, 2036, 2038, 2039, 2040, 2041, 2045, 2048, 2049, 2193, 2204, 2205, 2206, 2030, 2046, 2047, 2048, 2060, 2061, 2089, 2130, 2131, 2132, 2133, 2194, 2203, 2207, 2208, 2216, 2217, 2218, 2219",Same Day Service Sydney (Night-time Delivery),All orders,,$16.95
163,58570,Same Day Local Sydney (Night-time Delivery),"2000, 2007, 2008, 2009, 2010, 2011, 2015, 2016, 2017, 2018, 2020, 2021, 2022, 2032, 2033, 2037, 2042, 2043, 2044, 2050, 2019, 2023, 2024, 2025, 2026, 2027, 2028, 2029, 2031, 2034, 2035, 2036, 2038, 2039, 2040, 2041, 2045, 2048, 2049, 2193, 2204, 2205, 2206, 2030, 2046, 2047, 2048, 2060, 2061, 2089, 2130, 2131, 2132, 2133, 2194, 2203, 2207, 2208, 2216, 2217, 2218, 2219",Exception Product,Restricted For Sydney,,
164,25079,Same Day Melbourne,"3000, 3002, 3003, 3004, 3006, 3008, 3010, 3011, 3012, 3013, 3015, 3016, 3018, 3019, 3020, 3021, 3022, 3023, 3025, 3026, 3027, 3028, 3029, 3030, 3031, 3032, 3033, 3034, 3036, 3037, 3038, 3039, 3040, 3041, 3042, 3043, 3044, 3045, 3046, 3047, 3048, 3049, 3050, 3051, 3052, 3053, 3054, 3055, 3056, 3057, 3058, 3059, 3060, 3061, 3065, 3066, 3067, 3068, 3070, 3071, 3072, 3073, 3074, 3075, 3076, 3078, 3079, 3081, 3082, 3083, 3084, 3085, 3087, 3088, 3090, 3093, 3094, 3095, 3101, 3102, 3103, 3104, 3105, 3106, 3107, 3108, 3109, 3111, 3121, 3122, 3123, 3124, 3125, 3126, 3127, 3128, 3129, 3130, 3131, 3132, 3133, 3134, 3135, 3141, 3142, 3143, 3144, 3145, 3146, 3147, 3148, 3149, 3150, 3151, 3152, 3153, 3154, 3155, 3156, 3161, 3162, 3163, 3165, 3166, 3167, 3168, 3169, 3170, 3171, 3172, 3173, 3174, 3175, 3177, 3178, 3179, 3180, 3181, 3182, 3183, 3184, 3185, 3186, 3187, 3188, 3189, 3190, 3191, 3192, 3193, 3194, 3195, 3196, 3197, 3198, 3201, 3202, 3204, 3205, 3206, 3207, 3802",Same Day Melbourne,Order does not include any specific products: 56 products,,$14.95
165,39795,Same Day Newcastle,"2289, 2284, 2300, 2280, 2290, 2287, 2281, 2292, 2308, 2285, 2282, 2318, 2298, 2303, 2296, 2299, 2304, 2293, 2291, 2305, 2307, 2295, 2297, 2306",Same Day Newcastle,All orders,,$14.95
166,25080,Same Day Perth,"6000, 6003, 6004, 6005, 6006, 6007, 6008, 6009, 6010, 6011, 6012, 6014, 6015, 6016, 6017, 6018, 6019, 6020, 6021, 6022, 6023, 6024, 6025, 6026, 6027, 6029, 6050, 6051, 6052, 6053, 6054, 6055, 6056, 6057, 6058, 6059, 6060, 6061, 6062, 6063, 6064, 6065, 6066, 6068, 6070, 6090, 6100, 6101, 6102, 6103, 6104, 6105, 6106, 6107, 6108, 6109, 6110, 6111, 6112, 6121, 6147, 6148, 6149, 6150, 6151, 6152, 6153, 6154, 6155, 6156, 6157, 6158, 6159, 6160, 6162, 6163, 6164, 6170, 6166, 6167, 6168, 6169, 6171, 6172, 6173",Same Day Perth,All orders,,$16.95
167,25080,Same Day Perth,"6000, 6003, 6004, 6005, 6006, 6007, 6008, 6009, 6010, 6011, 6012, 6014, 6015, 6016, 6017, 6018, 6019, 6020, 6021, 6022, 6023, 6024, 6025, 6026, 6027, 6029, 6050, 6051, 6052, 6053, 6054, 6055, 6056, 6057, 6058, 6059, 6060, 6061, 6062, 6063, 6064, 6065, 6066, 6068, 6070, 6090, 6100, 6101, 6102, 6103, 6104, 6105, 6106, 6107, 6108, 6109, 6110, 6111, 6112, 6121, 6147, 6148, 6149, 6150, 6151, 6152, 6153, 6154, 6155, 6156, 6157, 6158, 6159, 6160, 6162, 6163, 6164, 6170, 6166, 6167, 6168, 6169, 6171, 6172, 6173",Exception Products,"Long Stemmed Pink Roses,Sunflowers & Chocolates",,
168,50224,Same Day Service Adelaide (Afternoon Delivery),"5000, 5001, 5006, 5007, 5008, 5009, 5010, 5011, 5012, 5013, 5014, 5015, 5016, 5017, 5018, 5019, 5020, 5021, 5022, 5023, 5024, 5025, 5031, 5032, 5033, 5034, 5035, 5037, 5038, 5039, 5040, 5041, 5042, 5043, 5044, 5045, 5046, 5047, 5048, 5049, 5050, 5051, 5052, 5061, 5062, 5063, 5064, 5065, 5066, 5067, 5068, 5069, 5070, 5071, 5072, 5073, 5074, 5075, 5076, 5081, 5082, 5083, 5084, 5085, 5086, 5087, 5088, 5090, 5091, 5092, 5093, 5094, 5095, 5096, 5097, 5098, 5106, 5107, 5108, 5109, 5110, 5111, 5112, 5113, 5114, 5115, 5125, 5126, 5127, 5140, 5158, 5159, 5160, 5161, 5162, 5163, 5164, 5165, 5166, 5168, 5800, 5810, 5839, 5920, 5930, 5942, 5950, 5016, 5018, 5020, 5022, 5025, 5040, 5041, 5043, 5047, 5049, 5052, 5062, 5064, 5066, 5068, 5071, 5072, 5074, 5075, 5076, 5082, 5085, 5086, 5089, 5090, 5091, 5093, 5097, 5106, 5116, 5117, 5118, 5120, 5121, 5129, 5130, 5132, 5133, 5134, 5136, 5137, 5138, 5139, 5140, 5141, 5142, 5144, 5150, 5151, 5152, 5154, 5155, 5156, 5158, 5159, 5161, 5163, 5164, 5165, 5166, 5167, 5169",Same Day Service Adelaide (Afternoon Delivery),All orders,,$16.95
169,50224,Same Day Service Adelaide (Afternoon Delivery),"5000, 5001, 5006, 5007, 5008, 5009, 5010, 5011, 5012, 5013, 5014, 5015, 5016, 5017, 5018, 5019, 5020, 5021, 5022, 5023, 5024, 5025, 5031, 5032, 5033, 5034, 5035, 5037, 5038, 5039, 5040, 5041, 5042, 5043, 5044, 5045, 5046, 5047, 5048, 5049, 5050, 5051, 5052, 5061, 5062, 5063, 5064, 5065, 5066, 5067, 5068, 5069, 5070, 5071, 5072, 5073, 5074, 5075, 5076, 5081, 5082, 5083, 5084, 5085, 5086, 5087, 5088, 5090, 5091, 5092, 5093, 5094, 5095, 5096, 5097, 5098, 5106, 5107, 5108, 5109, 5110, 5111, 5112, 5113, 5114, 5115, 5125, 5126, 5127, 5140, 5158, 5159, 5160, 5161, 5162, 5163, 5164, 5165, 5166, 5168, 5800, 5810, 5839, 5920, 5930, 5942, 5950, 5016, 5018, 5020, 5022, 5025, 5040, 5041, 5043, 5047, 5049, 5052, 5062, 5064, 5066, 5068, 5071, 5072, 5074, 5075, 5076, 5082, 5085, 5086, 5089, 5090, 5091, 5093, 5097, 5106, 5116, 5117, 5118, 5120, 5121, 5129, 5130, 5132, 5133, 5134, 5136, 5137, 5138, 5139, 5140, 5141, 5142, 5144, 5150, 5151, 5152, 5154, 5155, 5156, 5158, 5159, 5161, 5163, 5164, 5165, 5166, 5167, 5169",Exception Products,Restricted For Adelaide,,
170,58571,Same Day Service Adelaide (Night-time Delivery),"5000, 5001, 5006, 5007, 5008, 5009, 5010, 5011, 5012, 5013, 5014, 5015, 5016, 5017, 5018, 5019, 5020, 5021, 5022, 5023, 5024, 5025, 5031, 5032, 5033, 5034, 5035, 5037, 5038, 5039, 5040, 5041, 5042, 5043, 5044, 5045, 5046, 5047, 5048, 5049, 5050, 5051, 5052, 5061, 5062, 5063, 5064, 5065, 5066, 5067, 5068, 5069, 5070, 5071, 5072, 5073, 5074, 5075, 5076, 5081, 5082, 5083, 5084, 5085, 5086, 5087, 5088, 5090, 5091, 5092, 5093, 5094, 5095, 5096, 5097, 5098, 5106, 5107, 5108, 5109, 5110, 5111, 5112, 5113, 5114, 5115, 5125, 5126, 5127, 5140, 5158, 5159, 5160, 5161, 5162, 5163, 5164, 5165, 5166, 5168, 5800, 5810, 5839, 5920, 5930, 5942, 5950, 5016, 5018, 5020, 5022, 5025, 5040, 5041, 5043, 5047, 5049, 5052, 5062, 5064, 5066, 5068, 5071, 5072, 5074, 5075, 5076, 5082, 5085, 5086, 5089, 5090, 5091, 5093, 5097, 5106, 5116, 5117, 5118, 5120, 5121, 5129, 5130, 5132, 5133, 5134, 5136, 5137, 5138, 5139, 5140, 5141, 5142, 5144, 5150, 5151, 5152, 5154, 5155, 5156, 5158, 5159, 5161, 5163, 5164, 5165, 5166, 5167, 5169",Same Day Service Adelaide (Night-time Delivery),All orders,,$16.95
171,58571,Same Day Service Adelaide (Night-time Delivery),"5000, 5001, 5006, 5007, 5008, 5009, 5010, 5011, 5012, 5013, 5014, 5015, 5016, 5017, 5018, 5019, 5020, 5021, 5022, 5023, 5024, 5025, 5031, 5032, 5033, 5034, 5035, 5037, 5038, 5039, 5040, 5041, 5042, 5043, 5044, 5045, 5046, 5047, 5048, 5049, 5050, 5051, 5052, 5061, 5062, 5063, 5064, 5065, 5066, 5067, 5068, 5069, 5070, 5071, 5072, 5073, 5074, 5075, 5076, 5081, 5082, 5083, 5084, 5085, 5086, 5087, 5088, 5090, 5091, 5092, 5093, 5094, 5095, 5096, 5097, 5098, 5106, 5107, 5108, 5109, 5110, 5111, 5112, 5113, 5114, 5115, 5125, 5126, 5127, 5140, 5158, 5159, 5160, 5161, 5162, 5163, 5164, 5165, 5166, 5168, 5800, 5810, 5839, 5920, 5930, 5942, 5950, 5016, 5018, 5020, 5022, 5025, 5040, 5041, 5043, 5047, 5049, 5052, 5062, 5064, 5066, 5068, 5071, 5072, 5074, 5075, 5076, 5082, 5085, 5086, 5089, 5090, 5091, 5093, 5097, 5106, 5116, 5117, 5118, 5120, 5121, 5129, 5130, 5132, 5133, 5134, 5136, 5137, 5138, 5139, 5140, 5141, 5142, 5144, 5150, 5151, 5152, 5154, 5155, 5156, 5158, 5159, 5161, 5163, 5164, 5165, 5166, 5167, 5169",Exception Products,Restricted For Adelaide,,
172,46598,Same Day Service Brisbane (Afternoon Delivery),"4000, 4005, 4006, 4007, 4008, 4009, 4010, 4011, 4012, 4013, 4014, 4017, 4018, 4019, 4020, 4021, 4022, 4029, 4030, 4031, 4032, 4034, 4035, 4036, 4037, 4051, 4053, 4054, 4055, 4059, 4060, 4061, 4064, 4065, 4066, 4067, 4068, 4070, 4072, 4073, 4074, 4075, 4076, 4077, 4078, 4101, 4102, 4103, 4104, 4105, 4106, 4107, 4108, 4109, 4110, 4111, 4112, 4113, 4114, 4115, 4116, 4117, 4118, 4119, 4120, 4121, 4122, 4123, 4127, 4128, 4129, 4130, 4131, 4132, 4151, 4152, 4153, 4154, 4155, 4156, 4157, 4158, 4159, 4160, 4161, 4163, 4164, 4165, 4169, 4170, 4171, 4172, 4173, 4174, 4178, 4179, 4205",Same Day Service Brisbane (Afternoon Delivery),All orders,,$16.95
173,46598,Same Day Service Brisbane (Afternoon Delivery),"4000, 4005, 4006, 4007, 4008, 4009, 4010, 4011, 4012, 4013, 4014, 4017, 4018, 4019, 4020, 4021, 4022, 4029, 4030, 4031, 4032, 4034, 4035, 4036, 4037, 4051, 4053, 4054, 4055, 4059, 4060, 4061, 4064, 4065, 4066, 4067, 4068, 4070, 4072, 4073, 4074, 4075, 4076, 4077, 4078, 4101, 4102, 4103, 4104, 4105, 4106, 4107, 4108, 4109, 4110, 4111, 4112, 4113, 4114, 4115, 4116, 4117, 4118, 4119, 4120, 4121, 4122, 4123, 4127, 4128, 4129, 4130, 4131, 4132, 4151, 4152, 4153, 4154, 4155, 4156, 4157, 4158, 4159, 4160, 4161, 4163, 4164, 4165, 4169, 4170, 4171, 4172, 4173, 4174, 4178, 4179, 4205",Exception Products,Restricted For Brisbane,,
174,47069,Same Day Service Brisbane (Night-time Delivery),"4000, 4005, 4006, 4007, 4008, 4009, 4010, 4011, 4012, 4013, 4014, 4017, 4018, 4019, 4020, 4021, 4022, 4029, 4030, 4031, 4032, 4034, 4035, 4036, 4037, 4051, 4053, 4054, 4055, 4059, 4060, 4061, 4064, 4065, 4066, 4067, 4068, 4070, 4072, 4073, 4074, 4075, 4076, 4077, 4078, 4101, 4102, 4103, 4104, 4105, 4106, 4107, 4108, 4109, 4110, 4111, 4112, 4113, 4114, 4115, 4116, 4117, 4118, 4119, 4120, 4121, 4122, 4123, 4127, 4128, 4129, 4130, 4131, 4132, 4151, 4152, 4153, 4154, 4155, 4156, 4157, 4158, 4159, 4160, 4161, 4163, 4164, 4165, 4169, 4170, 4171, 4172, 4173, 4174, 4178, 4179, 4205",Same Day Service Brisbane (Night-time Delivery),All orders,,$16.95
175,47069,Same Day Service Brisbane (Night-time Delivery),"4000, 4005, 4006, 4007, 4008, 4009, 4010, 4011, 4012, 4013, 4014, 4017, 4018, 4019, 4020, 4021, 4022, 4029, 4030, 4031, 4032, 4034, 4035, 4036, 4037, 4051, 4053, 4054, 4055, 4059, 4060, 4061, 4064, 4065, 4066, 4067, 4068, 4070, 4072, 4073, 4074, 4075, 4076, 4077, 4078, 4101, 4102, 4103, 4104, 4105, 4106, 4107, 4108, 4109, 4110, 4111, 4112, 4113, 4114, 4115, 4116, 4117, 4118, 4119, 4120, 4121, 4122, 4123, 4127, 4128, 4129, 4130, 4131, 4132, 4151, 4152, 4153, 4154, 4155, 4156, 4157, 4158, 4159, 4160, 4161, 4163, 4164, 4165, 4169, 4170, 4171, 4172, 4173, 4174, 4178, 4179, 4205",Exception Products,Restricted For Brisbane,,
176,46045,Same Day Service Melbourne (Afternoon Delivery),"3000, 3002, 3003, 3004, 3006, 3008, 3010, 3011, 3012, 3013, 3015, 3016, 3019, 3020, 3025, 3031, 3032, 3050, 3051, 3052, 3053, 3054, 3055, 3056, 3057, 3065, 3066, 3068, 3072, 3078, 3079, 3081, 3084, 3101, 3102, 3103, 3104, 3108, 3109, 3111, 3121, 3122, 3123, 3124, 3125, 3126, 3127, 3128, 3129, 3131, 3133, 3141, 3142, 3143, 3144, 3145, 3146, 3147, 3148, 3149, 3150, 3151, 3152, 3153, 3155, 3156, 3161, 3162, 3163, 3166, 3168, 3170, 3178, 3179, 3180, 3181, 3182, 3183, 3205, 3206, 3207, 3018, 3021, 3022, 3023, 3026, 3027, 3028, 3029, 3033, 3034, 3036, 3037, 3038, 3039, 3040, 3041, 3042, 3043, 3044, 3045, 3046, 3047, 3048, 3049, 3058, 3059, 3060, 3061, 3067, 3070, 3071, 3073, 3074, 3075, 3076, 3082, 3083, 3085, 3087, 3088, 3090, 3093, 3094, 3095, 3105, 3106, 3107, 3130, 3132, 3154, 3165, 3167, 3169, 3171, 3172, 3173, 3174, 3175, 3177, 3184, 3185, 3187, 3188, 3189, 3190, 3191, 3194, 3195, 3196, 3197, 3198, 3201, 3202, 3204, 3802",Same Day Service Melbourne (Afternoon Delivery),All orders,,$16.95
177,46045,Same Day Service Melbourne (Afternoon Delivery),"3000, 3002, 3003, 3004, 3006, 3008, 3010, 3011, 3012, 3013, 3015, 3016, 3019, 3020, 3025, 3031, 3032, 3050, 3051, 3052, 3053, 3054, 3055, 3056, 3057, 3065, 3066, 3068, 3072, 3078, 3079, 3081, 3084, 3101, 3102, 3103, 3104, 3108, 3109, 3111, 3121, 3122, 3123, 3124, 3125, 3126, 3127, 3128, 3129, 3131, 3133, 3141, 3142, 3143, 3144, 3145, 3146, 3147, 3148, 3149, 3150, 3151, 3152, 3153, 3155, 3156, 3161, 3162, 3163, 3166, 3168, 3170, 3178, 3179, 3180, 3181, 3182, 3183, 3205, 3206, 3207, 3018, 3021, 3022, 3023, 3026, 3027, 3028, 3029, 3033, 3034, 3036, 3037, 3038, 3039, 3040, 3041, 3042, 3043, 3044, 3045, 3046, 3047, 3048, 3049, 3058, 3059, 3060, 3061, 3067, 3070, 3071, 3073, 3074, 3075, 3076, 3082, 3083, 3085, 3087, 3088, 3090, 3093, 3094, 3095, 3105, 3106, 3107, 3130, 3132, 3154, 3165, 3167, 3169, 3171, 3172, 3173, 3174, 3175, 3177, 3184, 3185, 3187, 3188, 3189, 3190, 3191, 3194, 3195, 3196, 3197, 3198, 3201, 3202, 3204, 3802",Exception Products,Restricted For Melbourne,,
178,46046,Same Day Service Melbourne (Night-time Delivery),"3000, 3002, 3003, 3004, 3006, 3008, 3010, 3011, 3012, 3013, 3015, 3016, 3019, 3020, 3025, 3031, 3032, 3050, 3051, 3052, 3053, 3054, 3055, 3056, 3057, 3065, 3066, 3068, 3072, 3078, 3079, 3081, 3084, 3101, 3102, 3103, 3104, 3108, 3109, 3111, 3121, 3122, 3123, 3124, 3125, 3126, 3127, 3128, 3129, 3131, 3133, 3141, 3142, 3143, 3144, 3145, 3146, 3147, 3148, 3149, 3150, 3151, 3152, 3153, 3155, 3156, 3161, 3162, 3163, 3166, 3168, 3170, 3178, 3179, 3180, 3181, 3182, 3183, 3205, 3206, 3207, 3018, 3021, 3022, 3023, 3026, 3027, 3028, 3029, 3033, 3034, 3036, 3037, 3038, 3039, 3040, 3041, 3042, 3043, 3044, 3045, 3046, 3047, 3048, 3049, 3058, 3059, 3060, 3061, 3067, 3070, 3071, 3073, 3074, 3075, 3076, 3082, 3083, 3085, 3087, 3088, 3090, 3093, 3094, 3095, 3105, 3106, 3107, 3130, 3132, 3154, 3165, 3167, 3169, 3171, 3172, 3173, 3174, 3175, 3177, 3184, 3185, 3187, 3188, 3189, 3190, 3191, 3194, 3195, 3196, 3197, 3198, 3201, 3202, 3204, 3802",Same Day Service Melbourne (Night-time Delivery),All orders,,$16.95
179,46046,Same Day Service Melbourne (Night-time Delivery),"3000, 3002, 3003, 3004, 3006, 3008, 3010, 3011, 3012, 3013, 3015, 3016, 3019, 3020, 3025, 3031, 3032, 3050, 3051, 3052, 3053, 3054, 3055, 3056, 3057, 3065, 3066, 3068, 3072, 3078, 3079, 3081, 3084, 3101, 3102, 3103, 3104, 3108, 3109, 3111, 3121, 3122, 3123, 3124, 3125, 3126, 3127, 3128, 3129, 3131, 3133, 3141, 3142, 3143, 3144, 3145, 3146, 3147, 3148, 3149, 3150, 3151, 3152, 3153, 3155, 3156, 3161, 3162, 3163, 3166, 3168, 3170, 3178, 3179, 3180, 3181, 3182, 3183, 3205, 3206, 3207, 3018, 3021, 3022, 3023, 3026, 3027, 3028, 3029, 3033, 3034, 3036, 3037, 3038, 3039, 3040, 3041, 3042, 3043, 3044, 3045, 3046, 3047, 3048, 3049, 3058, 3059, 3060, 3061, 3067, 3070, 3071, 3073, 3074, 3075, 3076, 3082, 3083, 3085, 3087, 3088, 3090, 3093, 3094, 3095, 3105, 3106, 3107, 3130, 3132, 3154, 3165, 3167, 3169, 3171, 3172, 3173, 3174, 3175, 3177, 3184, 3185, 3187, 3188, 3189, 3190, 3191, 3194, 3195, 3196, 3197, 3198, 3201, 3202, 3204, 3802",Exception Products,Restricted For Melbourne,,
180,59256,Same Day Service Perth (Afternoon Delivery),"6168, 6169, 6171",Same Day Service Perth (Afternoon Delivery),All orders,,$16.95
181,59256,Same Day Service Perth (Afternoon Delivery),"6168, 6169, 6171",Exception Products,"Long Stemmed Pink Roses,Sunflowers & Chocolates",,
182,26165,Same Day Service Sydney (Afternoon Delivery),"2006, 2012, 2038, 2039, 2040, 2041, 2043, 2044, 2045, 2046, 2047, 2048, 2049, 2050, 2052, 2061, 2062, 2063, 2064, 2066, 2067, 2068, 2069, 2070, 2071, 2072, 2073, 2074, 2075, 2076, 2077, 2085, 2086, 2087, 2088, 2089, 2090, 2092, 2093, 2094, 2095, 2096, 2097, 2099, 2100, 2101, 2102, 2103, 2104, 2105, 2106, 2107, 2108, 2109, 2110, 2111, 2112, 2113, 2114, 2115, 2116, 2117, 2118, 2119, 2120, 2121, 2122, 2125, 2126, 2127, 2128, 2130, 2131, 2132, 2133, 2134, 2135, 2136, 2137, 2138, 2140, 2141, 2142, 2143, 2144, 2145, 2146, 2147, 2148, 2150, 2151, 2152, 2153, 2154, 2155, 2160, 2161, 2162, 2163, 2164, 2165, 2166, 2167, 2168, 2170, 2171, 2172, 2173, 2174, 2175, 2176, 2177, 2178, 2179, 2190, 2191, 2192, 2193, 2194, 2195, 2196, 2197, 2198, 2199, 2200, 2203, 2204, 2205, 2206, 2207, 2208, 2209, 2210, 2211, 2212, 2213, 2214, 2216, 2218, 2219, 2220, 2221, 2222, 2223, 2224, 2225, 2226, 2227, 2228, 2229, 2230, 2231, 2232, 2233, 2234, 2555, 2556, 2557, 2558, 2559, 2564, 2565, 2566, 2567, 2745, 2747, 2748, 2749, 2750, 2751, 2759, 2760, 2761, 2762, 2763, 2765, 2766, 2767, 2768, 2769, 2770",Same Day Service Sydney (Afternoon Delivery),All orders,,$16.95
183,26165,Same Day Service Sydney (Afternoon Delivery),"2006, 2012, 2038, 2039, 2040, 2041, 2043, 2044, 2045, 2046, 2047, 2048, 2049, 2050, 2052, 2061, 2062, 2063, 2064, 2066, 2067, 2068, 2069, 2070, 2071, 2072, 2073, 2074, 2075, 2076, 2077, 2085, 2086, 2087, 2088, 2089, 2090, 2092, 2093, 2094, 2095, 2096, 2097, 2099, 2100, 2101, 2102, 2103, 2104, 2105, 2106, 2107, 2108, 2109, 2110, 2111, 2112, 2113, 2114, 2115, 2116, 2117, 2118, 2119, 2120, 2121, 2122, 2125, 2126, 2127, 2128, 2130, 2131, 2132, 2133, 2134, 2135, 2136, 2137, 2138, 2140, 2141, 2142, 2143, 2144, 2145, 2146, 2147, 2148, 2150, 2151, 2152, 2153, 2154, 2155, 2160, 2161, 2162, 2163, 2164, 2165, 2166, 2167, 2168, 2170, 2171, 2172, 2173, 2174, 2175, 2176, 2177, 2178, 2179, 2190, 2191, 2192, 2193, 2194, 2195, 2196, 2197, 2198, 2199, 2200, 2203, 2204, 2205, 2206, 2207, 2208, 2209, 2210, 2211, 2212, 2213, 2214, 2216, 2218, 2219, 2220, 2221, 2222, 2223, 2224, 2225, 2226, 2227, 2228, 2229, 2230, 2231, 2232, 2233, 2234, 2555, 2556, 2557, 2558, 2559, 2564, 2565, 2566, 2567, 2745, 2747, 2748, 2749, 2750, 2751, 2759, 2760, 2761, 2762, 2763, 2765, 2766, 2767, 2768, 2769, 2770",Exception Products,"Restricted For Sydney,Restricted for Sydney",,
184,36855,Same Day Service Sydney (Night-time Delivery),"2006, 2012, 2038, 2039, 2040, 2041, 2043, 2044, 2045, 2046, 2047, 2048, 2049, 2050, 2052, 2061, 2062, 2063, 2064, 2066, 2067, 2068, 2069, 2070, 2071, 2072, 2073, 2074, 2075, 2076, 2077, 2085, 2086, 2087, 2088, 2089, 2090, 2092, 2093, 2094, 2095, 2096, 2097, 2099, 2100, 2101, 2102, 2103, 2104, 2105, 2106, 2107, 2108, 2109, 2110, 2111, 2112, 2113, 2114, 2115, 2116, 2117, 2118, 2119, 2120, 2121, 2122, 2125, 2126, 2127, 2128, 2130, 2131, 2132, 2133, 2134, 2135, 2136, 2137, 2138, 2140, 2141, 2142, 2143, 2144, 2145, 2146, 2147, 2148, 2150, 2151, 2152, 2153, 2154, 2155, 2160, 2161, 2162, 2163, 2164, 2165, 2166, 2167, 2168, 2170, 2171, 2172, 2173, 2174, 2175, 2176, 2177, 2178, 2179, 2190, 2191, 2192, 2193, 2194, 2195, 2196, 2197, 2198, 2199, 2200, 2203, 2204, 2205, 2206, 2207, 2208, 2209, 2210, 2211, 2212, 2213, 2214, 2216, 2218, 2219, 2220, 2221, 2222, 2223, 2224, 2225, 2226, 2227, 2228, 2229, 2230, 2231, 2232, 2233, 2234, 2555, 2556, 2557, 2558, 2559, 2564, 2565, 2566, 2567, 2745, 2747, 2748, 2749, 2750, 2751, 2759, 2760, 2761, 2762, 2763, 2765, 2766, 2767, 2768, 2769, 2770",Same Day Service Sydney (Night-time Delivery),All orders,,$16.95
185,36855,Same Day Service Sydney (Night-time Delivery),"2006, 2012, 2038, 2039, 2040, 2041, 2043, 2044, 2045, 2046, 2047, 2048, 2049, 2050, 2052, 2061, 2062, 2063, 2064, 2066, 2067, 2068, 2069, 2070, 2071, 2072, 2073, 2074, 2075, 2076, 2077, 2085, 2086, 2087, 2088, 2089, 2090, 2092, 2093, 2094, 2095, 2096, 2097, 2099, 2100, 2101, 2102, 2103, 2104, 2105, 2106, 2107, 2108, 2109, 2110, 2111, 2112, 2113, 2114, 2115, 2116, 2117, 2118, 2119, 2120, 2121, 2122, 2125, 2126, 2127, 2128, 2130, 2131, 2132, 2133, 2134, 2135, 2136, 2137, 2138, 2140, 2141, 2142, 2143, 2144, 2145, 2146, 2147, 2148, 2150, 2151, 2152, 2153, 2154, 2155, 2160, 2161, 2162, 2163, 2164, 2165, 2166, 2167, 2168, 2170, 2171, 2172, 2173, 2174, 2175, 2176, 2177, 2178, 2179, 2190, 2191, 2192, 2193, 2194, 2195, 2196, 2197, 2198, 2199, 2200, 2203, 2204, 2205, 2206, 2207, 2208, 2209, 2210, 2211, 2212, 2213, 2214, 2216, 2218, 2219, 2220, 2221, 2222, 2223, 2224, 2225, 2226, 2227, 2228, 2229, 2230, 2231, 2232, 2233, 2234, 2555, 2556, 2557, 2558, 2559, 2564, 2565, 2566, 2567, 2745, 2747, 2748, 2749, 2750, 2751, 2759, 2760, 2761, 2762, 2763, 2765, 2766, 2767, 2768, 2769, 2770",Exception Products,"Restricted For Sydney,Restricted for Sydney",,
186,55415,Same Day Tasmania,"7000, 7001, 7002",Same Day Tasmania,All orders,,$19.95
187,55415,Same Day Tasmania,"7000, 7001, 7002",Exception Products,restricted for tasmania,,
188,54014,Special Sydney Delivery,"2079, 2082, 2156, 2158, 2108, 2159, 2570, 2081, 2080, 2157",Special Sydney Delivery,All orders,,$39.50
189,54014,Special Sydney Delivery,"2079, 2082, 2156, 2158, 2108, 2159, 2570, 2081, 2080, 2157",Exception Products,"Restricted For Sydney,Restricted for Sydney",,
190,54015,Standard Sydney Delivery,"2104, 2106, 2107, 2556, 2555, 2745, 2062, 2063, 2064, 2065, 2066, 2067, 2068, 2069, 2088, 2090, 2092, 2093, 2110, 2111, 2134, 2135, 2136, 2208, 2209, 2220, 2221, 2087, 2094, 2095, 2112, 2113, 2114, 2137, 2138, 2191, 2192, 2195, 2196, 2210, 2222, 2223, 2070, 2071, 2072, 2100, 2122, 2140, 2141, 2143, 2190, 2199, 2200, 2211, 2224, 2228, 2229, 2074, 2075, 2085, 2086, 2096, 2099, 2115, 2116, 2121, 2127, 2128, 2144, 2117, 2142, 2150, 2153, 2160, 2162, 2197, 2212, 2213, 2214, 2225, 2226, 2227, 2230, 2232, 2234, 2073, 2076, 2077, 2097, 2118, 2119, 2163, 2101, 2145, 2151, 2161, 2166, 2231, 2102, 2103, 2120, 2125, 2152, 2164, 2165, 2170, 2172, 2173, 2198, 2233, 2126, 2146, 2147, 2154, 2168, 2177, 2148, 2171, 2176, 2766, 2767, 2155, 2175, 2178, 2763, 2768, 2167, 2179, 2174, 2564, 2557, 2762, 2565, 2759, 2761, 2559, 2566, 2748, 2749, 2760, 2769, 2770, 2558, 2560, 2747, 2765, 2567, 2750",Standard Sydney Delivery,All orders,,$19.95
191,54015,Standard Sydney Delivery,"2104, 2106, 2107, 2556, 2555, 2745, 2062, 2063, 2064, 2065, 2066, 2067, 2068, 2069, 2088, 2090, 2092, 2093, 2110, 2111, 2134, 2135, 2136, 2208, 2209, 2220, 2221, 2087, 2094, 2095, 2112, 2113, 2114, 2137, 2138, 2191, 2192, 2195, 2196, 2210, 2222, 2223, 2070, 2071, 2072, 2100, 2122, 2140, 2141, 2143, 2190, 2199, 2200, 2211, 2224, 2228, 2229, 2074, 2075, 2085, 2086, 2096, 2099, 2115, 2116, 2121, 2127, 2128, 2144, 2117, 2142, 2150, 2153, 2160, 2162, 2197, 2212, 2213, 2214, 2225, 2226, 2227, 2230, 2232, 2234, 2073, 2076, 2077, 2097, 2118, 2119, 2163, 2101, 2145, 2151, 2161, 2166, 2231, 2102, 2103, 2120, 2125, 2152, 2164, 2165, 2170, 2172, 2173, 2198, 2233, 2126, 2146, 2147, 2154, 2168, 2177, 2148, 2171, 2176, 2766, 2767, 2155, 2175, 2178, 2763, 2768, 2167, 2179, 2174, 2564, 2557, 2762, 2565, 2759, 2761, 2559, 2566, 2748, 2749, 2760, 2769, 2770, 2558, 2560, 2747, 2765, 2567, 2750",Exception Products,"Restricted For Sydney,Restricted for Sydney",,
192,56361,Standard Sydney Delivery -- $19.95,"2062, 2063, 2064, 2065, 2066, 2067, 2068, 2069, 2088, 2090, 2092, 2093, 2110, 2111, 2134, 2135, 2136, 2208, 2209, 2220, 2221, 2087, 2094, 2095, 2112, 2113, 2114, 2137, 2138, 2191, 2192, 2195, 2196, 2210, 2222, 2223",Standard Sydney Delivery,All orders,Standard Sydney Delivery,$19.95
193,56361,Standard Sydney Delivery -- $19.95,"2062, 2063, 2064, 2065, 2066, 2067, 2068, 2069, 2088, 2090, 2092, 2093, 2110, 2111, 2134, 2135, 2136, 2208, 2209, 2220, 2221, 2087, 2094, 2095, 2112, 2113, 2114, 2137, 2138, 2191, 2192, 2195, 2196, 2210, 2222, 2223",Exception Products,Restricted For Sydney,,
194,56362,Standard Sydney Delivery -- $24.95,"2104, 2106, 2107, 2556, 2555, 2745, 2070, 2071, 2072, 2100, 2122, 2140, 2141, 2143, 2190, 2199, 2200, 2211, 2224, 2228, 2229, 2074, 2075, 2085, 2086, 2096, 2099, 2115, 2116, 2121, 2127, 2128, 2144, 2117, 2142, 2150, 2153, 2160, 2162, 2197, 2212, 2213, 2214, 2225, 2226, 2227, 2230, 2232, 2234, 2073, 2076, 2077, 2097, 2118, 2119, 2163, 2101, 2145, 2151, 2161, 2166, 2231, 2102, 2103, 2120, 2125, 2152, 2164, 2165, 2170, 2172, 2173, 2198, 2233, 2126, 2146, 2147, 2154, 2168, 2177, 2148, 2171, 2176, 2766, 2767, 2155, 2175, 2178, 2763, 2768, 2167, 2179, 2174, 2564, 2557, 2762, 2565, 2759, 2761, 2559, 2566, 2748, 2749, 2760, 2769, 2770, 2558, 2560, 2747, 2765, 2567, 2750",Standard Sydney Delivery,All orders,Standard Sydney Delivery,$24.95
195,56362,Standard Sydney Delivery -- $24.95,"2104, 2106, 2107, 2556, 2555, 2745, 2070, 2071, 2072, 2100, 2122, 2140, 2141, 2143, 2190, 2199, 2200, 2211, 2224, 2228, 2229, 2074, 2075, 2085, 2086, 2096, 2099, 2115, 2116, 2121, 2127, 2128, 2144, 2117, 2142, 2150, 2153, 2160, 2162, 2197, 2212, 2213, 2214, 2225, 2226, 2227, 2230, 2232, 2234, 2073, 2076, 2077, 2097, 2118, 2119, 2163, 2101, 2145, 2151, 2161, 2166, 2231, 2102, 2103, 2120, 2125, 2152, 2164, 2165, 2170, 2172, 2173, 2198, 2233, 2126, 2146, 2147, 2154, 2168, 2177, 2148, 2171, 2176, 2766, 2767, 2155, 2175, 2178, 2763, 2768, 2167, 2179, 2174, 2564, 2557, 2762, 2565, 2759, 2761, 2559, 2566, 2748, 2749, 2760, 2769, 2770, 2558, 2560, 2747, 2765, 2567, 2750",Exception Products,Restricted For Sydney,,
196,50226,Store Pickup,2018,Store Pickup,All orders,,$0.00
197,50226,Store Pickup,2018,Exception Products,"Restricted For Sydney,Restricted for Sydney",,
198,54017,Store Pickup - Adelaide,5061,Store Pickup,All orders,Store Pickup,$0.00
199,54017,Store Pickup - Adelaide,5061,Exception Products,Restricted For Adelaide,,
200,54018,Store Pickup - Brisbane,4005,Store Pickup,All orders,Store Pickup,$0.00
201,54018,Store Pickup - Brisbane,4005,Exception Products,Restricted For Brisbane,,
202,54016,Store Pickup  - Newcastle,2300,Store Pickup,All orders,Store Pickup,$0.00
203,54016,Store Pickup  - Newcastle,2300,Exception Products,"Restricted For Newcastle,Restricted for Newcastle",,
204,31950,Sunday Sydney Delivery,"2006, 2012, 2038, 2039, 2040, 2041, 2043, 2044, 2045, 2046, 2047, 2048, 2049, 2050, 2052, 2061, 2062, 2063, 2064, 2066, 2067, 2068, 2069, 2070, 2071, 2072, 2073, 2074, 2075, 2076, 2077, 2085, 2086, 2087, 2088, 2089, 2090, 2092, 2093, 2094, 2095, 2096, 2097, 2099, 2100, 2101, 2102, 2103, 2104, 2105, 2106, 2107, 2108, 2109, 2110, 2111, 2112, 2113, 2114, 2115, 2116, 2117, 2118, 2119, 2120, 2121, 2122, 2125, 2126, 2127, 2128, 2130, 2131, 2132, 2133, 2134, 2135, 2136, 2137, 2138, 2140, 2141, 2142, 2143, 2144, 2145, 2146, 2147, 2148, 2150, 2151, 2152, 2153, 2154, 2155, 2160, 2161, 2162, 2163, 2164, 2165, 2166, 2167, 2168, 2170, 2171, 2172, 2173, 2174, 2175, 2176, 2177, 2178, 2179, 2190, 2191, 2192, 2193, 2194, 2195, 2196, 2197, 2198, 2199, 2200, 2203, 2204, 2205, 2206, 2207, 2208, 2209, 2210, 2211, 2212, 2213, 2214, 2216, 2218, 2219, 2220, 2221, 2222, 2223, 2224, 2225, 2226, 2227, 2228, 2229, 2230, 2231, 2232, 2233, 2234, 2555, 2556, 2557, 2558, 2559, 2564, 2565, 2566, 2567, 2745, 2747, 2748, 2749, 2750, 2751, 2759, 2760, 2761, 2762, 2763, 2765, 2766, 2767, 2768, 2769, 2770, 2000, 2007, 2008, 2009, 2010, 2011, 2015, 2016, 2017, 2018, 2019, 2020, 2021, 2022, 2023, 2024, 2025, 2026, 2027, 2028, 2029, 2030, 2031, 2032, 2033, 2034, 2035, 2036, 2037, 2042, 2060, 2065, 2217",Sunday Sydney Delivery,All orders,,$16.95
205,54019,Sunshine Coast Afternoon Delivery,"4516, 4550, 4551, 4553, 4556, 4557, 4558, 4560, 4564, 4566, 4567, 4572, 4573, 4575",Sunshine Coast Afternoon Delivery,All orders,,$19.95
206,54019,Sunshine Coast Afternoon Delivery,"4516, 4550, 4551, 4553, 4556, 4557, 4558, 4560, 4564, 4566, 4567, 4572, 4573, 4575",Exception Products,Restricted For Sunshine Coast,,
207,56376,Sunshine Coast Sunday Delivery,"4516, 4550, 4551, 4553, 4556, 4557, 4558, 4560, 4564, 4566, 4567, 4572, 4573, 4575",Sunshine Coast Sunday Delivery,All orders,Sunshine Coast Sunday Delivery,$19.95
208,56376,Sunshine Coast Sunday Delivery,"4516, 4550, 4551, 4553, 4556, 4557, 4558, 4560, 4564, 4566, 4567, 4572, 4573, 4575",Exception Products,Restricted For Sunshine Coast,,
209,54020,Sydney Local Delivery,"2000, 2007, 2008, 2009, 2010, 2011, 2015, 2016, 2017, 2018, 2020, 2021, 2022, 2032, 2033, 2037, 2042, 2043, 2044, 2050, 2019, 2023, 2024, 2025, 2026, 2027, 2028, 2029, 2031, 2034, 2035, 2036, 2038, 2039, 2040, 2041, 2045, 2048, 2049, 2193, 2204, 2205, 2206, 2030, 2046, 2047, 2048, 2060, 2061, 2089, 2130, 2131, 2132, 2133, 2194, 2203, 2207, 2208, 2216, 2217, 2218, 2219",Sydney Local Delivery,All orders,,$9.95
210,54020,Sydney Local Delivery,"2000, 2007, 2008, 2009, 2010, 2011, 2015, 2016, 2017, 2018, 2020, 2021, 2022, 2032, 2033, 2037, 2042, 2043, 2044, 2050, 2019, 2023, 2024, 2025, 2026, 2027, 2028, 2029, 2031, 2034, 2035, 2036, 2038, 2039, 2040, 2041, 2045, 2048, 2049, 2193, 2204, 2205, 2206, 2030, 2046, 2047, 2048, 2060, 2061, 2089, 2130, 2131, 2132, 2133, 2194, 2203, 2207, 2208, 2216, 2217, 2218, 2219",Exception Products,"Restricted For Sydney,Restricted for Sydney",,
211,49526,sydney metro,2000,Vivianboxed1,Order does not include any specific tags: 243 tags,,$16.50
212,56377,Sydney Non-Metro Afternoon Delivery - $19.50,"2138, 2141, 2134, 2135, 2136, 2137, 2140, 2208, 2209, 2088, 2089, 2090",Sydney Non-Metro Afternoon Delivery,All orders,Sydney Non-Metro Afternoon Delivery,$19.50
213,56377,Sydney Non-Metro Afternoon Delivery - $19.50,"2138, 2141, 2134, 2135, 2136, 2137, 2140, 2208, 2209, 2088, 2089, 2090",Exception Products,Restricted For Sydney,,
214,56379,Sydney Non-Metro Afternoon Delivery - $19.95,"2138, 2141, 2134, 2135, 2136, 2137, 2140, 2208, 2209, 2088, 2089, 2090",Sydney Non-Metro Afternoon Delivery,All orders,Sydney Non-Metro Afternoon Delivery - $19.95,$19.95
215,56379,Sydney Non-Metro Afternoon Delivery - $19.95,"2138, 2141, 2134, 2135, 2136, 2137, 2140, 2208, 2209, 2088, 2089, 2090",Exception Products,Restricted For Sydney,,
216,56378,Sydney Non-Metro Afternoon Delivery - $24.50,"2110, 2111, 2113",Sydney Non-Metro Afternoon Delivery,All orders,Sydney Non-Metro Afternoon Delivery - $24.50,$24.50
217,56378,Sydney Non-Metro Afternoon Delivery - $24.50,"2110, 2111, 2113",Exception Products,Restricted For Sydney,,
218,56380,Sydney Non-Metro Afternoon Delivery - $24.95,"2062, 2063, 2064, 2065, 2066, 2067, 2068, 2195, 2196",Sydney Non-Metro Afternoon Delivery,All orders,Sydney Non-Metro Afternoon Delivery - $24.95,$24.95
219,56380,Sydney Non-Metro Afternoon Delivery - $24.95,"2062, 2063, 2064, 2065, 2066, 2067, 2068, 2195, 2196",Exception Products,Restricted For Sydney,,
220,28283,Sydney Saturday Delivery --Ondemand -- $19.95,"2062, 2063, 2064, 2065, 2066, 2067, 2068, 2069, 2088, 2090, 2092, 2093, 2110, 2111, 2134, 2135, 2136, 2208, 2209, 2220, 2221, 2087, 2094, 2095, 2112, 2113, 2114, 2137, 2138, 2191, 2192, 2195, 2196, 2210, 2222, 2223, 2070, 2071, 2072, 2100, 2122, 2140, 2141, 2143, 2190, 2199, 2200, 2211, 2224, 2228, 2229, 2074, 2075, 2085, 2086, 2096, 2099, 2115, 2116, 2121, 2127, 2128, 2144, 2117, 2142, 2150, 2153, 2160, 2162, 2197, 2212, 2213, 2214, 2225, 2226, 2227, 2230, 2232, 2234, 2073, 2076, 2077, 2097, 2118, 2119, 2163, 2101, 2145, 2151, 2161, 2166, 2231, 2102, 2103, 2120, 2125, 2152, 2164, 2165, 2170, 2172, 2173, 2198, 2233, 2126, 2146, 2147, 2154, 2168, 2177, 2148, 2171, 2176, 2766, 2767, 2155, 2175, 2178, 2763, 2768, 2167, 2179, 2174, 2564, 2557, 2762, 2565, 2759, 2761, 2559, 2566, 2748, 2749, 2760, 2769, 2770, 2558, 2560, 2747, 2765, 2567, 2750",Sydney Saturday Delivery,All orders,Sydney Saturday Delivery,$19.95
221,28283,Sydney Saturday Delivery --Ondemand -- $19.95,"2062, 2063, 2064, 2065, 2066, 2067, 2068, 2069, 2088, 2090, 2092, 2093, 2110, 2111, 2134, 2135, 2136, 2208, 2209, 2220, 2221, 2087, 2094, 2095, 2112, 2113, 2114, 2137, 2138, 2191, 2192, 2195, 2196, 2210, 2222, 2223, 2070, 2071, 2072, 2100, 2122, 2140, 2141, 2143, 2190, 2199, 2200, 2211, 2224, 2228, 2229, 2074, 2075, 2085, 2086, 2096, 2099, 2115, 2116, 2121, 2127, 2128, 2144, 2117, 2142, 2150, 2153, 2160, 2162, 2197, 2212, 2213, 2214, 2225, 2226, 2227, 2230, 2232, 2234, 2073, 2076, 2077, 2097, 2118, 2119, 2163, 2101, 2145, 2151, 2161, 2166, 2231, 2102, 2103, 2120, 2125, 2152, 2164, 2165, 2170, 2172, 2173, 2198, 2233, 2126, 2146, 2147, 2154, 2168, 2177, 2148, 2171, 2176, 2766, 2767, 2155, 2175, 2178, 2763, 2768, 2167, 2179, 2174, 2564, 2557, 2762, 2565, 2759, 2761, 2559, 2566, 2748, 2749, 2760, 2769, 2770, 2558, 2560, 2747, 2765, 2567, 2750",Exception Products,"Restricted For Sydney,Restricted for Sydney",,
222,56115,Sydney Saturday Special Delivery - Group 2&3 -- $29.95,"2030, 2046, 2047, 2048, 2060, 2061, 2089, 2130, 2131, 2132, 2133, 2194, 2203, 2207, 2208, 2216, 2217, 2218, 2219, 2062, 2063, 2064, 2065, 2066, 2067, 2068, 2069, 2088, 2090, 2092, 2093, 2110, 2111, 2134, 2135, 2136, 2208, 2209, 2220, 2221",Sydney Saturday Special Delivery,All orders,Sydney Saturday Special Delivery,$29.95
223,56115,Sydney Saturday Special Delivery - Group 2&3 -- $29.95,"2030, 2046, 2047, 2048, 2060, 2061, 2089, 2130, 2131, 2132, 2133, 2194, 2203, 2207, 2208, 2216, 2217, 2218, 2219, 2062, 2063, 2064, 2065, 2066, 2067, 2068, 2069, 2088, 2090, 2092, 2093, 2110, 2111, 2134, 2135, 2136, 2208, 2209, 2220, 2221",Exception Products,"Restricted For Sydney,Restricted for Sydney",,
224,56574,Valentine's Day Adelaide,"5000, 5001, 5006, 5007, 5008, 5009, 5010, 5011, 5012, 5013, 5014, 5015, 5016, 5017, 5018, 5019, 5020, 5021, 5022, 5023, 5024, 5025, 5031, 5032, 5033, 5034, 5035, 5037, 5038, 5039, 5040, 5041, 5042, 5043, 5044, 5045, 5046, 5047, 5048, 5049, 5050, 5051, 5052, 5061, 5062, 5063, 5064, 5065, 5066, 5067, 5068, 5069, 5070, 5071, 5072, 5073, 5074, 5075, 5076, 5081, 5082, 5083, 5084, 5085, 5086, 5087, 5088, 5090, 5091, 5092, 5093, 5094, 5095, 5096, 5097, 5098, 5106, 5107, 5108, 5109, 5110, 5111, 5112, 5113, 5114, 5115, 5125, 5126, 5127, 5140, 5157, 5158, 5159, 5160, 5161, 5162, 5163, 5164, 5165, 5166, 5168, 5800, 5810, 5839, 5920, 5930, 5942, 5950, 5016, 5018, 5020, 5022, 5025, 5040, 5041, 5043, 5047, 5049, 5052, 5062, 5064, 5066, 5068, 5071, 5072, 5074, 5075, 5076, 5082, 5085, 5086, 5089, 5090, 5091, 5093, 5097, 5106, 5116, 5117, 5120, 5121, 5129, 5130, 5131, 5132, 5133, 5134, 5136, 5137, 5138, 5139, 5140, 5141, 5142, 5144, 5150, 5151, 5152, 5153, 5154, 5155, 5156, 5157, 5158, 5159, 5161, 5163, 5164, 5165, 5166, 5167",Valentine's Day Adelaide,All orders,,$16.95
225,56574,Valentine's Day Adelaide,"5000, 5001, 5006, 5007, 5008, 5009, 5010, 5011, 5012, 5013, 5014, 5015, 5016, 5017, 5018, 5019, 5020, 5021, 5022, 5023, 5024, 5025, 5031, 5032, 5033, 5034, 5035, 5037, 5038, 5039, 5040, 5041, 5042, 5043, 5044, 5045, 5046, 5047, 5048, 5049, 5050, 5051, 5052, 5061, 5062, 5063, 5064, 5065, 5066, 5067, 5068, 5069, 5070, 5071, 5072, 5073, 5074, 5075, 5076, 5081, 5082, 5083, 5084, 5085, 5086, 5087, 5088, 5090, 5091, 5092, 5093, 5094, 5095, 5096, 5097, 5098, 5106, 5107, 5108, 5109, 5110, 5111, 5112, 5113, 5114, 5115, 5125, 5126, 5127, 5140, 5157, 5158, 5159, 5160, 5161, 5162, 5163, 5164, 5165, 5166, 5168, 5800, 5810, 5839, 5920, 5930, 5942, 5950, 5016, 5018, 5020, 5022, 5025, 5040, 5041, 5043, 5047, 5049, 5052, 5062, 5064, 5066, 5068, 5071, 5072, 5074, 5075, 5076, 5082, 5085, 5086, 5089, 5090, 5091, 5093, 5097, 5106, 5116, 5117, 5120, 5121, 5129, 5130, 5131, 5132, 5133, 5134, 5136, 5137, 5138, 5139, 5140, 5141, 5142, 5144, 5150, 5151, 5152, 5153, 5154, 5155, 5156, 5157, 5158, 5159, 5161, 5163, 5164, 5165, 5166, 5167",Exception Product,Restricted For Adelaide,,
226,56568,Valentine's Day Brisbane,"4000, 4005, 4006, 4007, 4010, 4029, 4030, 4059, 4064, 4101, 4102, 4120, 4169, 4170, 4009, 4011, 4012, 4031, 4051, 4053, 4060, 4065, 4066, 4067, 4068, 4103, 4104, 4105, 4121, 4151, 4152, 4171, 4172, 4008, 4013, 4014, 4032, 4054, 4061, 4075, 4106, 4107, 4153, 4174, 4034, 4018, 4111, 4122, 4035, 4073, 4074, 4108, 4109, 4110, 4113, 4154, 4155, 4173, 4178, 4017, 4036, 4076, 4077, 4112, 4116, 4119, 4123, 4156, 4158, 4179, 4078, 4114, 4115, 4117, 4127, 4157, 4159, 4161, 4118, 4128, 4160, 4163, 4129, 4131, 4132, 4164",Valentine's Day Brisbane,All orders,,$16.95
227,56568,Valentine's Day Brisbane,"4000, 4005, 4006, 4007, 4010, 4029, 4030, 4059, 4064, 4101, 4102, 4120, 4169, 4170, 4009, 4011, 4012, 4031, 4051, 4053, 4060, 4065, 4066, 4067, 4068, 4103, 4104, 4105, 4121, 4151, 4152, 4171, 4172, 4008, 4013, 4014, 4032, 4054, 4061, 4075, 4106, 4107, 4153, 4174, 4034, 4018, 4111, 4122, 4035, 4073, 4074, 4108, 4109, 4110, 4113, 4154, 4155, 4173, 4178, 4017, 4036, 4076, 4077, 4112, 4116, 4119, 4123, 4156, 4158, 4179, 4078, 4114, 4115, 4117, 4127, 4157, 4159, 4161, 4118, 4128, 4160, 4163, 4129, 4131, 4132, 4164",Exception Product,Restricted For Brisbane,,
228,56573,Valentine's Day Canberra,"2600, 2601, 2602, 2603, 2604, 2605, 2606, 2607, 2609, 2611, 2612, 2614, 2615, 2617, 2618, 2619, 2620, 2911, 2912, 2913, 2914",Valentine's Day Canberra,All orders,,$16.95
229,56573,Valentine's Day Canberra,"2600, 2601, 2602, 2603, 2604, 2605, 2606, 2607, 2609, 2611, 2612, 2614, 2615, 2617, 2618, 2619, 2620, 2911, 2912, 2913, 2914",Exception Product,Restricted For Canberra,,
230,28281,Next Day Brisbane,"4000, 4005, 4006, 4007, 4008, 4009, 4010, 4011, 4012, 4013, 4014, 4017, 4018, 4029, 4030, 4031, 4032, 4034, 4035, 4036, 4051, 4053, 4054, 4059, 4060, 4061, 4064, 4065, 4066, 4067, 4068, 4072, 4073, 4074, 4075, 4076, 4077, 4078, 4101, 4102, 4103, 4104, 4105, 4106, 4107, 4108, 4109, 4110, 4111, 4112, 4113, 4114, 4115, 4116, 4117, 4118, 4119, 4120, 4121, 4122, 4123, 4127, 4128, 4129, 4131, 4132, 4151, 4152, 4153, 4154, 4155, 4156, 4157, 4158, 4159, 4160, 4161, 4163, 4164, 4169, 4170, 4171, 4172, 4173, 4174, 4178, 4179",Next Day Brisbane,Order includes any specific products: 1 product,,
231,54009,Perth Special Delivery,"6000, 6003, 6004, 6005, 6006, 6007, 6008, 6009, 6010, 6011, 6012, 6014, 6015, 6016, 6017, 6018, 6019, 6020, 6021, 6022, 6023, 6024, 6025, 6026, 6027, 6029, 6050, 6051, 6052, 6053, 6054, 6055, 6056, 6057, 6058, 6059, 6060, 6061, 6062, 6063, 6064, 6065, 6066, 6068, 6070, 6090, 6100, 6101, 6102, 6103, 6104, 6105, 6106, 6107, 6108, 6109, 6110, 6111, 6112, 6121, 6147, 6148, 6149, 6150, 6151, 6152, 6153, 6154, 6155, 6156, 6157, 6158, 6159, 6160, 6162, 6163, 6164, 6170, 6028, 6030, 6031, 6036, 6067, 6069, 6071, 6072, 6073, 6074, 6076, 6077, 6078, 6079, 6081, 6082, 6122, 6165",Perth Special Delivery,All orders,,$29.95
232,54009,Perth Special Delivery,"6000, 6003, 6004, 6005, 6006, 6007, 6008, 6009, 6010, 6011, 6012, 6014, 6015, 6016, 6017, 6018, 6019, 6020, 6021, 6022, 6023, 6024, 6025, 6026, 6027, 6029, 6050, 6051, 6052, 6053, 6054, 6055, 6056, 6057, 6058, 6059, 6060, 6061, 6062, 6063, 6064, 6065, 6066, 6068, 6070, 6090, 6100, 6101, 6102, 6103, 6104, 6105, 6106, 6107, 6108, 6109, 6110, 6111, 6112, 6121, 6147, 6148, 6149, 6150, 6151, 6152, 6153, 6154, 6155, 6156, 6157, 6158, 6159, 6160, 6162, 6163, 6164, 6170, 6028, 6030, 6031, 6036, 6067, 6069, 6071, 6072, 6073, 6074, 6076, 6077, 6078, 6079, 6081, 6082, 6122, 6165",Exception Products,"Restricted For Perth,Restricted for Perth",,
233,47772,Priority Shipping,"2000, 2007, 2008, 2009, 2010, 2011, 2015, 2016, 2017, 2018, 2019, 2020, 2021, 2022, 2023, 2024, 2025, 2026, 2027, 2028, 2029, 2030, 2031, 2032, 2033, 2034, 2035, 2036, 2037, 2042, 2060, 2065, 2217, 2039, 2040, 2041, 2043, 2044, 2045, 2046, 2047, 2048, 2049, 2050, 2061, 2089, 2130, 2131, 2132, 2133, 2193, 2194, 2203, 2204, 2205, 2206, 2207, 2208, 2216, 2218, 2038, 2052, 2074, 2075, 2076, 2077, 2085, 2097, 2101, 2102, 2103, 2109, 2118, 2119, 2120, 2125, 2126, 2145, 2146, 2147, 2148, 2150, 2151, 2152, 2153, 2154, 2155, 2160, 2161, 2164, 2165, 2166, 2167, 2168, 2170, 2171, 2172, 2173, 2174, 2175, 2176, 2177, 2178, 2179, 2190, 2234, 2557, 2558, 2559, 2565, 2566, 2567, 2747, 2748, 2749, 2750, 2751, 2759, 2760, 2761, 2762, 2763, 2765, 2766, 2767, 2768, 2769, 2770, 2062, 2063, 2064, 2066, 2067, 2068, 2069, 2070, 2071, 2072, 2073, 2086, 2087, 2088, 2090, 2092, 2093, 2094, 2095, 2096, 2099, 2100, 2110, 2111, 2112, 2113, 2114, 2115, 2116, 2117, 2121, 2122, 2127, 2128, 2134, 2135, 2136, 2137, 2138, 2140, 2141, 2142, 2143, 2144, 2162, 2163, 2191, 2192, 2195, 2196, 2197, 2198, 2199, 2200, 2209, 2210, 2211, 2212, 2213, 2214, 2219, 2220, 2221, 2222, 2223, 2224, 2225, 2226, 2227, 2228, 2229, 2230, 2232",Priority Shipping,All orders,,$39.95
234,47772,Priority Shipping,"2000, 2007, 2008, 2009, 2010, 2011, 2015, 2016, 2017, 2018, 2019, 2020, 2021, 2022, 2023, 2024, 2025, 2026, 2027, 2028, 2029, 2030, 2031, 2032, 2033, 2034, 2035, 2036, 2037, 2042, 2060, 2065, 2217, 2039, 2040, 2041, 2043, 2044, 2045, 2046, 2047, 2048, 2049, 2050, 2061, 2089, 2130, 2131, 2132, 2133, 2193, 2194, 2203, 2204, 2205, 2206, 2207, 2208, 2216, 2218, 2038, 2052, 2074, 2075, 2076, 2077, 2085, 2097, 2101, 2102, 2103, 2109, 2118, 2119, 2120, 2125, 2126, 2145, 2146, 2147, 2148, 2150, 2151, 2152, 2153, 2154, 2155, 2160, 2161, 2164, 2165, 2166, 2167, 2168, 2170, 2171, 2172, 2173, 2174, 2175, 2176, 2177, 2178, 2179, 2190, 2234, 2557, 2558, 2559, 2565, 2566, 2567, 2747, 2748, 2749, 2750, 2751, 2759, 2760, 2761, 2762, 2763, 2765, 2766, 2767, 2768, 2769, 2770, 2062, 2063, 2064, 2066, 2067, 2068, 2069, 2070, 2071, 2072, 2073, 2086, 2087, 2088, 2090, 2092, 2093, 2094, 2095, 2096, 2099, 2100, 2110, 2111, 2112, 2113, 2114, 2115, 2116, 2117, 2121, 2122, 2127, 2128, 2134, 2135, 2136, 2137, 2138, 2140, 2141, 2142, 2143, 2144, 2162, 2163, 2191, 2192, 2195, 2196, 2197, 2198, 2199, 2200, 2209, 2210, 2211, 2212, 2213, 2214, 2219, 2220, 2221, 2222, 2223, 2224, 2225, 2226, 2227, 2228, 2229, 2230, 2232",Exception Products,Mothers day test product,,
